name,ms_ssim
1600.AWGN.1.png,0.9967329060214847
1600.AWGN.2.png,0.9888307615655629
1600.AWGN.3.png,0.9700517160439391
1600.AWGN.4.png,0.9356900781828358
1600.AWGN.5.png,0.8890327317807403
1600.BLUR.1.png,0.9983460622163245
1600.BLUR.2.png,0.9930195864431858
1600.BLUR.3.png,0.9744669954718747
1600.BLUR.4.png,0.9006259494550028
1600.BLUR.5.png,0.6767650054467401
1600.contrast.1.png,0.9944488790246596
1600.contrast.2.png,0.9687661340799946
1600.contrast.3.png,0.8671588317751278
1600.contrast.4.png,0.8181361434888023
1600.contrast.5.png,0.8181361434888023
1600.fnoise.1.png,0.9942893970355688
1600.fnoise.2.png,0.9809089010808044
1600.fnoise.3.png,0.9509064825828467
1600.fnoise.4.png,0.8909620183684034
1600.fnoise.5.png,0.8076639172157037
1600.JPEG.1.png,0.9999041502947268
1600.JPEG.2.png,0.9973848871384631
1600.JPEG.3.png,0.9850007761655166
1600.JPEG.4.png,0.9210732355619126
1600.JPEG.5.png,0.8454817549545094
1600.jpeg2000.1.png,0.9978047166642893
1600.jpeg2000.2.png,0.9912167253132598
1600.jpeg2000.3.png,0.9668660420714892
1600.jpeg2000.4.png,0.8848756654741239
1600.jpeg2000.5.png,0.6467630377955086
aerial_city.AWGN.1.png,0.9965514380394657
aerial_city.AWGN.2.png,0.9882273573554602
aerial_city.AWGN.3.png,0.9680403728995605
aerial_city.AWGN.4.png,0.9289770242075913
aerial_city.AWGN.5.png,0.8720329983280246
aerial_city.BLUR.1.png,0.9981495414563346
aerial_city.BLUR.2.png,0.9934820595364402
aerial_city.BLUR.3.png,0.9766458126285844
aerial_city.BLUR.4.png,0.9169775413366861
aerial_city.BLUR.5.png,0.6698883600063654
aerial_city.contrast.1.png,0.9903042293701977
aerial_city.contrast.2.png,0.940251552368761
aerial_city.contrast.3.png,0.7503754412222643
aerial_city.contrast.4.png,0.6657379140006536
aerial_city.contrast.5.png,0.6657379140006536
aerial_city.fnoise.1.png,0.9942706172654248
aerial_city.fnoise.2.png,0.9802948515957399
aerial_city.fnoise.3.png,0.9425826077644661
aerial_city.fnoise.4.png,0.8803969028325217
aerial_city.fnoise.5.png,0.7877742791787028
aerial_city.JPEG.1.png,0.9980178271008521
aerial_city.JPEG.2.png,0.9895955683235897
aerial_city.JPEG.3.png,0.9548166836424428
aerial_city.JPEG.4.png,0.8942947606072372
aerial_city.JPEG.5.png,0.7774325447560827
aerial_city.jpeg2000.1.png,0.9942735998191068
aerial_city.jpeg2000.2.png,0.9745225750844856
aerial_city.jpeg2000.3.png,0.9342754916963785
aerial_city.jpeg2000.4.png,0.8472333512765796
aerial_city.jpeg2000.5.png,0.6257534861797694
boston.AWGN.1.png,0.9972985262055989
boston.AWGN.2.png,0.9907188742706238
boston.AWGN.3.png,0.974038784569031
boston.AWGN.4.png,0.9423352732049196
boston.AWGN.5.png,0.8952471822362947
boston.BLUR.1.png,0.9977191529263981
boston.BLUR.2.png,0.9908030126528896
boston.BLUR.3.png,0.9656506966801631
boston.BLUR.4.png,0.8662091141645162
boston.BLUR.5.png,0.5413094833326746
boston.contrast.1.png,0.9863543297728643
boston.contrast.2.png,0.913209330666755
boston.contrast.3.png,0.6275188033583182
boston.contrast.4.png,0.49494548781960757
boston.contrast.5.png,0.49494548781960757
boston.fnoise.1.png,0.9951238747224918
boston.fnoise.2.png,0.9815630605933038
boston.fnoise.3.png,0.9514500286174746
boston.fnoise.4.png,0.8916486724134495
boston.fnoise.5.png,0.8175313039746026
boston.JPEG.1.png,0.9984267739842216
boston.JPEG.2.png,0.9923212392237571
boston.JPEG.3.png,0.9587420551370598
boston.JPEG.4.png,0.7924519428272172
boston.JPEG.5.png,0.7168525724034992
boston.jpeg2000.1.png,0.996271607958982
boston.jpeg2000.2.png,0.9813614815217316
boston.jpeg2000.3.png,0.93517199598783
boston.jpeg2000.4.png,0.799390271532607
boston.jpeg2000.5.png,0.5507014483469105
bridge.AWGN.1.png,0.9962225656057505
bridge.AWGN.2.png,0.9874906487878437
bridge.AWGN.3.png,0.9668127834280718
bridge.AWGN.4.png,0.9324637757994392
bridge.AWGN.5.png,0.8802201954694416
bridge.BLUR.1.png,0.9984375567187995
bridge.BLUR.2.png,0.9936423188909191
bridge.BLUR.3.png,0.9754772284063891
bridge.BLUR.4.png,0.9085566975374776
bridge.BLUR.5.png,0.7241365663140219
bridge.contrast.1.png,0.9959751768570712
bridge.contrast.2.png,0.978497669565405
bridge.contrast.3.png,0.9120662698972041
bridge.contrast.4.png,0.8573999462755575
bridge.contrast.5.png,0.8573999462755575
bridge.fnoise.1.png,0.9950859512164567
bridge.fnoise.2.png,0.9820879340769878
bridge.fnoise.3.png,0.9531200824834433
bridge.fnoise.4.png,0.8871223927114742
bridge.fnoise.5.png,0.8085261377992743
bridge.JPEG.1.png,0.9987673628444568
bridge.JPEG.2.png,0.992593688553876
bridge.JPEG.3.png,0.9658328212504402
bridge.JPEG.4.png,0.8523098522563898
bridge.JPEG.5.png,0.8017562397595315
bridge.jpeg2000.1.png,0.9947824825125285
bridge.jpeg2000.2.png,0.9804263207598126
bridge.jpeg2000.3.png,0.9489317259945501
bridge.jpeg2000.4.png,0.8565259625134763
bridge.jpeg2000.5.png,0.6864904898343657
butter_flower.AWGN.1.png,0.9955568168931754
butter_flower.AWGN.2.png,0.9861319733837434
butter_flower.AWGN.3.png,0.962454978477536
butter_flower.AWGN.4.png,0.9192480158862971
butter_flower.AWGN.5.png,0.8561432439860628
butter_flower.BLUR.1.png,0.998408852078282
butter_flower.BLUR.2.png,0.9935361314294706
butter_flower.BLUR.3.png,0.967262160775207
butter_flower.BLUR.4.png,0.8566054946838805
butter_flower.BLUR.5.png,0.6144604046751532
butter_flower.contrast.1.png,0.9810030906505911
butter_flower.contrast.2.png,0.9005276131299226
butter_flower.contrast.3.png,0.6127608448282997
butter_flower.contrast.4.png,0.4729822724006489
butter_flower.contrast.5.png,0.4729822724006489
butter_flower.fnoise.1.png,0.9942610299191093
butter_flower.fnoise.2.png,0.9790431643609004
butter_flower.fnoise.3.png,0.9493597469067198
butter_flower.fnoise.4.png,0.8816770586293743
butter_flower.fnoise.5.png,0.8064706058096448
butter_flower.JPEG.1.png,0.9999426916987666
butter_flower.JPEG.2.png,0.9954161597298453
butter_flower.JPEG.3.png,0.9724903418395807
butter_flower.JPEG.4.png,0.9142984417774942
butter_flower.JPEG.5.png,0.8496210137759702
butter_flower.jpeg2000.1.png,0.995705523331492
butter_flower.jpeg2000.2.png,0.9871837751668262
butter_flower.jpeg2000.3.png,0.9568236013321382
butter_flower.jpeg2000.4.png,0.8609687792354299
butter_flower.jpeg2000.5.png,0.6883933634455429
cactus.AWGN.1.png,0.9960988840270206
cactus.AWGN.2.png,0.9875816328573613
cactus.AWGN.3.png,0.9659739168052177
cactus.AWGN.4.png,0.9316706605628391
cactus.AWGN.5.png,0.881652570843279
cactus.BLUR.1.png,0.998885227422523
cactus.BLUR.2.png,0.9954524192179461
cactus.BLUR.3.png,0.984683783954237
cactus.BLUR.4.png,0.943433998456382
cactus.BLUR.5.png,0.7924427644682757
cactus.contrast.1.png,0.9906469340037886
cactus.contrast.2.png,0.9415878729693592
cactus.contrast.3.png,0.7494876552842736
cactus.contrast.4.png,0.6544843903372244
cactus.contrast.5.png,0.6544843903372244
cactus.fnoise.1.png,0.993600597265506
cactus.fnoise.2.png,0.9781840146191028
cactus.fnoise.3.png,0.9442657042072322
cactus.fnoise.4.png,0.884334284670491
cactus.fnoise.5.png,0.8031747820202492
cactus.JPEG.1.png,0.9991466232376579
cactus.JPEG.2.png,0.9940032699979344
cactus.JPEG.3.png,0.9854064536321601
cactus.JPEG.4.png,0.9512664613121876
cactus.JPEG.5.png,0.8685459674687017
cactus.jpeg2000.1.png,0.9959986249254383
cactus.jpeg2000.2.png,0.9913135576012836
cactus.jpeg2000.3.png,0.9780408691420271
cactus.jpeg2000.4.png,0.936211853047377
cactus.jpeg2000.5.png,0.8080880787968333
child_swimming.AWGN.1.png,0.9981125050863756
child_swimming.AWGN.2.png,0.993542040028072
child_swimming.AWGN.3.png,0.9812624380056825
child_swimming.AWGN.4.png,0.9587380247133936
child_swimming.AWGN.5.png,0.9210288011723536
child_swimming.BLUR.1.png,0.9984002857646058
child_swimming.BLUR.2.png,0.9939752852986732
child_swimming.BLUR.3.png,0.9778735812367758
child_swimming.BLUR.4.png,0.919550116857561
child_swimming.BLUR.5.png,0.6160074179555044
child_swimming.contrast.1.png,0.9862291436417975
child_swimming.contrast.2.png,0.9112431263489651
child_swimming.contrast.3.png,0.6344866881612122
child_swimming.contrast.4.png,0.49574641912955536
child_swimming.contrast.5.png,0.49574641912955536
child_swimming.fnoise.1.png,0.9964283362773361
child_swimming.fnoise.2.png,0.987740439185115
child_swimming.fnoise.3.png,0.965545380709431
child_swimming.fnoise.4.png,0.9199909041328284
child_swimming.fnoise.5.png,0.8577541027736049
child_swimming.JPEG.1.png,0.9999611538172317
child_swimming.JPEG.2.png,0.9972955965205622
child_swimming.JPEG.3.png,0.9853122698960305
child_swimming.JPEG.4.png,0.9244375994831847
child_swimming.JPEG.5.png,0.8338431578063054
child_swimming.jpeg2000.1.png,0.9979742665508912
child_swimming.jpeg2000.2.png,0.990345468586947
child_swimming.jpeg2000.3.png,0.9581652532570907
child_swimming.jpeg2000.4.png,0.8840280874749498
child_swimming.jpeg2000.5.png,0.6400278571030092
couple.AWGN.1.png,0.9985032471666194
couple.AWGN.2.png,0.9949181882704625
couple.AWGN.3.png,0.9862020341778693
couple.AWGN.4.png,0.9685920367746008
couple.AWGN.5.png,0.9406425355371673
couple.BLUR.1.png,0.9984731224033897
couple.BLUR.2.png,0.9939439413531267
couple.BLUR.3.png,0.976469002035341
couple.BLUR.4.png,0.9180599816995397
couple.BLUR.5.png,0.7723735316804292
couple.contrast.1.png,0.9939212375346737
couple.contrast.2.png,0.9641870664943264
couple.contrast.3.png,0.8505172774004818
couple.contrast.4.png,0.7912067197450113
couple.contrast.5.png,0.7912067197450113
couple.fnoise.1.png,0.9983562582661405
couple.fnoise.2.png,0.9943163174576819
couple.fnoise.3.png,0.9814622666223018
couple.fnoise.4.png,0.9602881957821466
couple.fnoise.5.png,0.9171949786671358
couple.JPEG.1.png,0.9998655538295559
couple.JPEG.2.png,0.9980377254217397
couple.JPEG.3.png,0.9872324679917969
couple.JPEG.4.png,0.9331963151764482
couple.JPEG.5.png,0.8898369990731844
couple.jpeg2000.1.png,0.9983322959739063
couple.jpeg2000.2.png,0.9921086877237273
couple.jpeg2000.3.png,0.9736543667372431
couple.jpeg2000.4.png,0.922757106583795
couple.jpeg2000.5.png,0.800484214724428
elk.AWGN.1.png,0.9983671163818119
elk.AWGN.2.png,0.9947405313085073
elk.AWGN.3.png,0.9849931349901894
elk.AWGN.4.png,0.9654234668121568
elk.AWGN.5.png,0.93381448670289
elk.BLUR.1.png,0.9984124115671937
elk.BLUR.2.png,0.9937177270479058
elk.BLUR.3.png,0.975444543117484
elk.BLUR.4.png,0.9022071712849158
elk.BLUR.5.png,0.665713162303442
elk.contrast.1.png,0.988837417761053
elk.contrast.2.png,0.9330629908847221
elk.contrast.3.png,0.700226376072076
elk.contrast.4.png,0.16009508396439517
elk.contrast.5.png,0.16009508396439517
elk.fnoise.1.png,0.9981506543397757
elk.fnoise.2.png,0.9928609163052445
elk.fnoise.3.png,0.9788044761000838
elk.fnoise.4.png,0.9498259309121083
elk.fnoise.5.png,0.9024680939304156
elk.JPEG.1.png,0.9999333558825245
elk.JPEG.2.png,0.9964424046555045
elk.JPEG.3.png,0.9803941133530721
elk.JPEG.4.png,0.9170808961014512
elk.JPEG.5.png,0.8635020028798376
elk.jpeg2000.1.png,0.9981204780824237
elk.jpeg2000.2.png,0.9915319764114023
elk.jpeg2000.3.png,0.9673090098191179
elk.jpeg2000.4.png,0.8825986324609929
elk.jpeg2000.5.png,0.6717572145949007
family.AWGN.1.png,0.9930112179734522
family.AWGN.2.png,0.9764926014955421
family.AWGN.3.png,0.9350442315408292
family.AWGN.4.png,0.8689298187506465
family.AWGN.5.png,0.7755677031755562
family.BLUR.1.png,0.9976176903707061
family.BLUR.2.png,0.9906503490925436
family.BLUR.3.png,0.9700646922253736
family.BLUR.4.png,0.9103969375995614
family.BLUR.5.png,0.7921690959936558
family.contrast.1.png,0.9939280976975421
family.contrast.2.png,0.9710909697625519
family.contrast.3.png,0.8903302663948323
family.contrast.4.png,0.8231306465874594
family.contrast.5.png,0.8231306465874594
family.fnoise.1.png,0.9881771743805893
family.fnoise.2.png,0.9624475142293998
family.fnoise.3.png,0.890992595930523
family.fnoise.4.png,0.777699553016642
family.fnoise.5.png,0.627661525463235
family.JPEG.1.png,0.9998728544426552
family.JPEG.2.png,0.9888236457356184
family.JPEG.3.png,0.9237667408019673
family.JPEG.4.png,0.8793539691592626
family.JPEG.5.png,0.8489721119415766
family.jpeg2000.1.png,0.9921633803862896
family.jpeg2000.2.png,0.974981301806432
family.jpeg2000.3.png,0.9458020154772258
family.jpeg2000.4.png,0.8864113808635828
family.jpeg2000.5.png,0.7625091010624131
fisher.AWGN.1.png,0.9951688696904444
fisher.AWGN.2.png,0.9839129067116579
fisher.AWGN.3.png,0.9564703674591022
fisher.AWGN.4.png,0.9066394209758522
fisher.AWGN.5.png,0.831800435325177
fisher.BLUR.1.png,0.9959055748782845
fisher.BLUR.2.png,0.9818655871845133
fisher.BLUR.3.png,0.9239227986081039
fisher.BLUR.4.png,0.7867390094470841
fisher.BLUR.5.png,0.6208548043358615
fisher.contrast.1.png,0.990241950462734
fisher.contrast.2.png,0.9440420875513114
fisher.contrast.3.png,0.765228655106698
fisher.contrast.4.png,0.6801513407028315
fisher.contrast.5.png,0.6801513407028315
fisher.fnoise.1.png,0.9922813301768809
fisher.fnoise.2.png,0.9731394178346474
fisher.fnoise.3.png,0.9296246199931643
fisher.fnoise.4.png,0.8493201514093476
fisher.fnoise.5.png,0.7404003369096088
fisher.JPEG.1.png,0.9972051998765125
fisher.JPEG.2.png,0.9767035656605021
fisher.JPEG.3.png,0.9177319849453965
fisher.JPEG.4.png,0.7995975037322199
fisher.JPEG.5.png,0.7902181626593486
fisher.jpeg2000.1.png,0.9919041979197137
fisher.jpeg2000.2.png,0.9675926881999912
fisher.jpeg2000.3.png,0.8971900741422946
fisher.jpeg2000.4.png,0.7817263284873628
fisher.jpeg2000.5.png,0.6316238883158296
foxy.AWGN.1.png,0.9990001412079107
foxy.AWGN.2.png,0.9963921961509338
foxy.AWGN.3.png,0.9902981417270694
foxy.AWGN.4.png,0.9781219202641397
foxy.AWGN.5.png,0.9573705538145736
foxy.BLUR.1.png,0.9994296765573758
foxy.BLUR.2.png,0.9979574196533425
foxy.BLUR.3.png,0.9928762704367892
foxy.BLUR.4.png,0.9779830344870091
foxy.BLUR.5.png,0.9265783994268978
foxy.contrast.1.png,0.9931962100793752
foxy.contrast.2.png,0.9601157130574868
foxy.contrast.3.png,0.8306289879478641
foxy.contrast.4.png,0.5015477446658303
foxy.contrast.5.png,0.5015477446658303
foxy.fnoise.1.png,0.9985622700477587
foxy.fnoise.2.png,0.9950421827818571
foxy.fnoise.3.png,0.9841600592727504
foxy.fnoise.4.png,0.9631281374528489
foxy.fnoise.5.png,0.9271529083653993
foxy.JPEG.1.png,0.999963484203823
foxy.JPEG.2.png,0.9993158404188462
foxy.JPEG.3.png,0.9958033504993381
foxy.JPEG.4.png,0.9823522673162793
foxy.JPEG.5.png,0.9310627353561324
foxy.jpeg2000.1.png,0.9988943489520605
foxy.jpeg2000.2.png,0.996019120778503
foxy.jpeg2000.3.png,0.985386298311438
foxy.jpeg2000.4.png,0.9626666233078967
foxy.jpeg2000.5.png,0.9022213248440215
geckos.AWGN.1.png,0.9990603906345253
geckos.AWGN.2.png,0.9967414301437607
geckos.AWGN.3.png,0.990822512068476
geckos.AWGN.4.png,0.9781614557680712
geckos.AWGN.5.png,0.9540311450167321
geckos.BLUR.1.png,0.9984670645279472
geckos.BLUR.2.png,0.9939718265321912
geckos.BLUR.3.png,0.9779957002898793
geckos.BLUR.4.png,0.9213249870455213
geckos.BLUR.5.png,0.7119887105598207
geckos.contrast.1.png,0.988468295170078
geckos.contrast.2.png,0.9271823634472521
geckos.contrast.3.png,0.6889326596112638
geckos.contrast.4.png,0.18370495138573206
geckos.contrast.5.png,0.18370495138573206
geckos.fnoise.1.png,0.9977405506123652
geckos.fnoise.2.png,0.9931753079067892
geckos.fnoise.3.png,0.9789815269176918
geckos.fnoise.4.png,0.9526663519892485
geckos.fnoise.5.png,0.894061422316699
geckos.JPEG.1.png,0.9996967510585103
geckos.JPEG.2.png,0.9981518912957109
geckos.JPEG.3.png,0.9893960788497402
geckos.JPEG.4.png,0.9461535042404671
geckos.JPEG.5.png,0.759844917145651
geckos.jpeg2000.1.png,0.9988686140919925
geckos.jpeg2000.2.png,0.9948437897068659
geckos.jpeg2000.3.png,0.9789889877390968
geckos.jpeg2000.4.png,0.9284712208429111
geckos.jpeg2000.5.png,0.7340163225390228
lady_liberty.AWGN.1.png,0.993612359375528
lady_liberty.AWGN.2.png,0.9777535240217421
lady_liberty.AWGN.3.png,0.9424383341429765
lady_liberty.AWGN.4.png,0.8833330404948817
lady_liberty.AWGN.5.png,0.7951618376105197
lady_liberty.BLUR.1.png,0.9980888373552435
lady_liberty.BLUR.2.png,0.9923934971201486
lady_liberty.BLUR.3.png,0.9692915688438274
lady_liberty.BLUR.4.png,0.8860281159341221
lady_liberty.BLUR.5.png,0.6896308859440502
lady_liberty.contrast.1.png,0.9868091170224864
lady_liberty.contrast.2.png,0.9204937895785372
lady_liberty.contrast.3.png,0.6486521829745002
lady_liberty.contrast.4.png,0.5391810152210389
lady_liberty.contrast.5.png,0.5391810152210389
lady_liberty.fnoise.1.png,0.9906376408831907
lady_liberty.fnoise.2.png,0.9668996994600236
lady_liberty.fnoise.3.png,0.914777005853279
lady_liberty.fnoise.4.png,0.7959010334587119
lady_liberty.fnoise.5.png,0.6905441795692709
lady_liberty.JPEG.1.png,0.9964408164717445
lady_liberty.JPEG.2.png,0.9748650513216155
lady_liberty.JPEG.3.png,0.9165428058878785
lady_liberty.JPEG.4.png,0.872139463297729
lady_liberty.JPEG.5.png,0.7919056236816289
lady_liberty.jpeg2000.1.png,0.9890592054032914
lady_liberty.jpeg2000.2.png,0.9721486469692883
lady_liberty.jpeg2000.3.png,0.9357074227821753
lady_liberty.jpeg2000.4.png,0.8599071480719226
lady_liberty.jpeg2000.5.png,0.7319088207644548
lake.AWGN.1.png,0.9986388638352127
lake.AWGN.2.png,0.9953856575898162
lake.AWGN.3.png,0.9870932379333173
lake.AWGN.4.png,0.9712440370803777
lake.AWGN.5.png,0.9455731388990711
lake.BLUR.1.png,0.9990276119498128
lake.BLUR.2.png,0.9962868312243752
lake.BLUR.3.png,0.9869014249967798
lake.BLUR.4.png,0.9555284254994872
lake.BLUR.5.png,0.8195872860551588
lake.contrast.1.png,0.9898531621495283
lake.contrast.2.png,0.9398608242302385
lake.contrast.3.png,0.7411807870389375
lake.contrast.4.png,0.6524188301790194
lake.contrast.5.png,0.6524188301790194
lake.fnoise.1.png,0.9980194203587835
lake.fnoise.2.png,0.9928970150039955
lake.fnoise.3.png,0.9806603414926074
lake.fnoise.4.png,0.9526774318793612
lake.fnoise.5.png,0.9138446409093527
lake.JPEG.1.png,0.9999423283298023
lake.JPEG.2.png,0.9980052041213181
lake.JPEG.3.png,0.991364159834624
lake.JPEG.4.png,0.9627049683027217
lake.JPEG.5.png,0.8630876772158085
lake.jpeg2000.1.png,0.9987080558138645
lake.jpeg2000.2.png,0.9951426135822983
lake.jpeg2000.3.png,0.9831696468917165
lake.jpeg2000.4.png,0.9467581032550451
lake.jpeg2000.5.png,0.8120280506091437
log_seaside.AWGN.1.png,0.9980194372035777
log_seaside.AWGN.2.png,0.9933082728969997
log_seaside.AWGN.3.png,0.9823178069399853
log_seaside.AWGN.4.png,0.9624150842469603
log_seaside.AWGN.5.png,0.9340726160763737
log_seaside.BLUR.1.png,0.9993290417841265
log_seaside.BLUR.2.png,0.9972981235364753
log_seaside.BLUR.3.png,0.9912398443001946
log_seaside.BLUR.4.png,0.9729794510018973
log_seaside.BLUR.5.png,0.9147470935171739
log_seaside.contrast.1.png,0.9943758220162631
log_seaside.contrast.2.png,0.9667125357062859
log_seaside.contrast.3.png,0.8622609601058586
log_seaside.contrast.4.png,0.8132140204652962
log_seaside.contrast.5.png,0.8132140204652962
log_seaside.fnoise.1.png,0.99750188647144
log_seaside.fnoise.2.png,0.9913269936654802
log_seaside.fnoise.3.png,0.975876621952813
log_seaside.fnoise.4.png,0.9431835833585264
log_seaside.fnoise.5.png,0.89506381622377
log_seaside.JPEG.1.png,0.9999367863014118
log_seaside.JPEG.2.png,0.9983958510985432
log_seaside.JPEG.3.png,0.9913751028852532
log_seaside.JPEG.4.png,0.9672141532726669
log_seaside.JPEG.5.png,0.9044780300830608
log_seaside.jpeg2000.1.png,0.9982213157509167
log_seaside.jpeg2000.2.png,0.9937393804677344
log_seaside.jpeg2000.3.png,0.9804049800432266
log_seaside.jpeg2000.4.png,0.9478664364288558
log_seaside.jpeg2000.5.png,0.884873784881777
monument.AWGN.1.png,0.9977141819398084
monument.AWGN.2.png,0.9920057506968603
monument.AWGN.3.png,0.9788799492832416
monument.AWGN.4.png,0.9534269919354106
monument.AWGN.5.png,0.9157340073043458
monument.BLUR.1.png,0.9981182730412311
monument.BLUR.2.png,0.9926286444547784
monument.BLUR.3.png,0.9721100914254881
monument.BLUR.4.png,0.8918414262326938
monument.BLUR.5.png,0.7043209988769528
monument.contrast.1.png,0.994473408480999
monument.contrast.2.png,0.967247501758276
monument.contrast.3.png,0.8641522635058837
monument.contrast.4.png,0.8156592522474254
monument.contrast.5.png,0.8156592522474254
monument.fnoise.1.png,0.9973828280189732
monument.fnoise.2.png,0.9901037561092424
monument.fnoise.3.png,0.9737635907409481
monument.fnoise.4.png,0.9375636630773367
monument.fnoise.5.png,0.8847822293388268
monument.JPEG.1.png,0.9987095425366459
monument.JPEG.2.png,0.9921056775574779
monument.JPEG.3.png,0.9675170854361425
monument.JPEG.4.png,0.9289649432405749
monument.JPEG.5.png,0.8308282160687512
monument.jpeg2000.1.png,0.9967579602031457
monument.jpeg2000.2.png,0.9852564177631373
monument.jpeg2000.3.png,0.9540818987459264
monument.jpeg2000.4.png,0.8580133506425683
monument.jpeg2000.5.png,0.7098677204294956
native_american.AWGN.1.png,0.9966802577205112
native_american.AWGN.2.png,0.9888026978276103
native_american.AWGN.3.png,0.9703751574933321
native_american.AWGN.4.png,0.9350743363049883
native_american.AWGN.5.png,0.878917676688239
native_american.BLUR.1.png,0.9972565189124237
native_american.BLUR.2.png,0.9890765024842293
native_american.BLUR.3.png,0.9536872436061256
native_american.BLUR.4.png,0.8407019587963735
native_american.BLUR.5.png,0.6175990802428208
native_american.contrast.1.png,0.9936717365791813
native_american.contrast.2.png,0.9653443308791384
native_american.contrast.3.png,0.8628172222408909
native_american.contrast.4.png,0.8116006073962445
native_american.contrast.5.png,0.8116006073962445
native_american.fnoise.1.png,0.9957755409756764
native_american.fnoise.2.png,0.985022953774748
native_american.fnoise.3.png,0.9581925117460907
native_american.fnoise.4.png,0.9079213099415943
native_american.fnoise.5.png,0.8201922477896428
native_american.JPEG.1.png,0.9995374533793411
native_american.JPEG.2.png,0.9927011525171727
native_american.JPEG.3.png,0.9582029381687794
native_american.JPEG.4.png,0.8578009762501261
native_american.JPEG.5.png,0.7553361436751627
native_american.jpeg2000.1.png,0.995619512038411
native_american.jpeg2000.2.png,0.9799630415812808
native_american.jpeg2000.3.png,0.9396664170058137
native_american.jpeg2000.4.png,0.8340238612827527
native_american.jpeg2000.5.png,0.6487987956776089
redwood.AWGN.1.png,0.9967824906701621
redwood.AWGN.2.png,0.9889735563342047
redwood.AWGN.3.png,0.9693492677101399
redwood.AWGN.4.png,0.9353491371912291
redwood.AWGN.5.png,0.8835478911815778
redwood.BLUR.1.png,0.9984371353521437
redwood.BLUR.2.png,0.9939964964370804
redwood.BLUR.3.png,0.9774155829946606
redwood.BLUR.4.png,0.8976655969061662
redwood.BLUR.5.png,0.6197440781538138
redwood.contrast.1.png,0.9910809012549269
redwood.contrast.2.png,0.9525384081477948
redwood.contrast.3.png,0.810301826532429
redwood.contrast.4.png,0.7514654464638808
redwood.contrast.5.png,0.7514654464638808
redwood.fnoise.1.png,0.9948086719768575
redwood.fnoise.2.png,0.9838018480041048
redwood.fnoise.3.png,0.9552479386764743
redwood.fnoise.4.png,0.9015066657499403
redwood.fnoise.5.png,0.8104584170075052
redwood.JPEG.1.png,0.998517149506186
redwood.JPEG.2.png,0.9926649415670501
redwood.JPEG.3.png,0.9631570435955392
redwood.JPEG.4.png,0.8765378566119523
redwood.JPEG.5.png,0.7540146997458554
redwood.jpeg2000.1.png,0.9952864726360304
redwood.jpeg2000.2.png,0.9817677827127753
redwood.jpeg2000.3.png,0.9424150949558724
redwood.jpeg2000.4.png,0.8478243400768999
redwood.jpeg2000.5.png,0.6365857917564934
roping.AWGN.1.png,0.9969321114228068
roping.AWGN.2.png,0.9901538570500509
roping.AWGN.3.png,0.9737419800977026
roping.AWGN.4.png,0.9414324515665932
roping.AWGN.5.png,0.892172851731756
roping.BLUR.1.png,0.9981705243901812
roping.BLUR.2.png,0.9926946701446034
roping.BLUR.3.png,0.9690715217679409
roping.BLUR.4.png,0.8796841504199845
roping.BLUR.5.png,0.6587339028954313
roping.contrast.1.png,0.9890335296754069
roping.contrast.2.png,0.9461048810945125
roping.contrast.3.png,0.7964635936175849
roping.contrast.4.png,0.7337361612188005
roping.contrast.5.png,0.7337361612188005
roping.fnoise.1.png,0.9954631533725108
roping.fnoise.2.png,0.9855215612149143
roping.fnoise.3.png,0.963434852478194
roping.fnoise.4.png,0.9165186830427388
roping.fnoise.5.png,0.8301314605684891
roping.JPEG.1.png,0.9999430524930782
roping.JPEG.2.png,0.9973676225645179
roping.JPEG.3.png,0.9789801386500101
roping.JPEG.4.png,0.9273110801542078
roping.JPEG.5.png,0.8342974250667806
roping.jpeg2000.1.png,0.9972458110788958
roping.jpeg2000.2.png,0.9895066719730703
roping.jpeg2000.3.png,0.9643224391318077
roping.jpeg2000.4.png,0.885326397910458
roping.jpeg2000.5.png,0.6509856407592506
rushmore.AWGN.1.png,0.9970785067083288
rushmore.AWGN.2.png,0.9898875008450687
rushmore.AWGN.3.png,0.9733176557192966
rushmore.AWGN.4.png,0.942801313207479
rushmore.AWGN.5.png,0.8948358627187097
rushmore.BLUR.1.png,0.9988573399795397
rushmore.BLUR.2.png,0.9956009889823226
rushmore.BLUR.3.png,0.9841953298163871
rushmore.BLUR.4.png,0.948027030012797
rushmore.BLUR.5.png,0.8168977141180588
rushmore.contrast.1.png,0.9941703293757255
rushmore.contrast.2.png,0.9665573232149192
rushmore.contrast.3.png,0.8598091392781443
rushmore.contrast.4.png,0.8076962377888245
rushmore.contrast.5.png,0.8076962377888245
rushmore.fnoise.1.png,0.9949234578121716
rushmore.fnoise.2.png,0.9828788584983301
rushmore.fnoise.3.png,0.9516685590979149
rushmore.fnoise.4.png,0.8997921276028106
rushmore.fnoise.5.png,0.8321388604529377
rushmore.JPEG.1.png,0.9995994949638627
rushmore.JPEG.2.png,0.9959408695541946
rushmore.JPEG.3.png,0.9841065723798248
rushmore.JPEG.4.png,0.9322745664581109
rushmore.JPEG.5.png,0.8662905190938474
rushmore.jpeg2000.1.png,0.9969172809386823
rushmore.jpeg2000.2.png,0.9894913697995468
rushmore.jpeg2000.3.png,0.9607568488351996
rushmore.jpeg2000.4.png,0.8934396472016939
rushmore.jpeg2000.5.png,0.7764839486472825
shroom.AWGN.1.png,0.9979288827463992
shroom.AWGN.2.png,0.9930614109928664
shroom.AWGN.3.png,0.9809630244628181
shroom.AWGN.4.png,0.9569921064898648
shroom.AWGN.5.png,0.9214893084409091
shroom.BLUR.1.png,0.9979941008372425
shroom.BLUR.2.png,0.9914050979302165
shroom.BLUR.3.png,0.9680841726999501
shroom.BLUR.4.png,0.8864498029141407
shroom.BLUR.5.png,0.6566844614499946
shroom.contrast.1.png,0.9914187756100677
shroom.contrast.2.png,0.9475506990067987
shroom.contrast.3.png,0.7711602175154089
shroom.contrast.4.png,0.6890774144730246
shroom.contrast.5.png,0.6890774144730246
shroom.fnoise.1.png,0.9976794008482078
shroom.fnoise.2.png,0.9917940631581451
shroom.fnoise.3.png,0.9760393619224643
shroom.fnoise.4.png,0.937695321066186
shroom.fnoise.5.png,0.8918017741696308
shroom.JPEG.1.png,0.9998077906482964
shroom.JPEG.2.png,0.9952968774898003
shroom.JPEG.3.png,0.9763323237836661
shroom.JPEG.4.png,0.9144726035087396
shroom.JPEG.5.png,0.8220440380859906
shroom.jpeg2000.1.png,0.9976332327360062
shroom.jpeg2000.2.png,0.9893429274362389
shroom.jpeg2000.3.png,0.9645939623886606
shroom.jpeg2000.4.png,0.8832504041595018
shroom.jpeg2000.5.png,0.6870949397648028
snow_leaves.AWGN.1.png,0.9980749909269169
snow_leaves.AWGN.2.png,0.9933673499473337
snow_leaves.AWGN.3.png,0.9820901216445193
snow_leaves.AWGN.4.png,0.9619466141373515
snow_leaves.AWGN.5.png,0.929945467532175
snow_leaves.BLUR.1.png,0.9990259436821456
snow_leaves.BLUR.2.png,0.9963436925833958
snow_leaves.BLUR.3.png,0.9862780897316286
snow_leaves.BLUR.4.png,0.9500455708799554
snow_leaves.BLUR.5.png,0.8576540981077101
snow_leaves.contrast.1.png,0.9940666005786928
snow_leaves.contrast.2.png,0.9663042758518459
snow_leaves.contrast.3.png,0.8640131593768094
snow_leaves.contrast.4.png,0.8132729073206119
snow_leaves.contrast.5.png,0.8132729073206119
snow_leaves.fnoise.1.png,0.99785401149515
snow_leaves.fnoise.2.png,0.9930706058835197
snow_leaves.fnoise.3.png,0.9795167896417099
snow_leaves.fnoise.4.png,0.9498356365908103
snow_leaves.fnoise.5.png,0.9250098753831407
snow_leaves.JPEG.1.png,0.9991091911427474
snow_leaves.JPEG.2.png,0.9957998310480421
snow_leaves.JPEG.3.png,0.9834983944748452
snow_leaves.JPEG.4.png,0.9534925368812848
snow_leaves.JPEG.5.png,0.9002776722632349
snow_leaves.jpeg2000.1.png,0.9980760627773777
snow_leaves.jpeg2000.2.png,0.9919068651232462
snow_leaves.jpeg2000.3.png,0.9761876086522244
snow_leaves.jpeg2000.4.png,0.9383417976106028
snow_leaves.jpeg2000.5.png,0.8363365702860115
sunsetcolor.AWGN.1.png,0.9920753027318744
sunsetcolor.AWGN.2.png,0.9728970846090994
sunsetcolor.AWGN.3.png,0.9303179778405115
sunsetcolor.AWGN.4.png,0.8574485782835443
sunsetcolor.AWGN.5.png,0.7576728010422092
sunsetcolor.BLUR.1.png,0.9962957040521501
sunsetcolor.BLUR.2.png,0.9819053477291756
sunsetcolor.BLUR.3.png,0.9268717095476311
sunsetcolor.BLUR.4.png,0.8446187875480456
sunsetcolor.BLUR.5.png,0.7352127989664604
sunsetcolor.contrast.1.png,0.9959750784685814
sunsetcolor.contrast.2.png,0.9809963317738367
sunsetcolor.contrast.3.png,0.9307610226049456
sunsetcolor.contrast.4.png,0.9050045598517367
sunsetcolor.contrast.5.png,0.9050045598517367
sunsetcolor.fnoise.1.png,0.98804217266441
sunsetcolor.fnoise.2.png,0.9581610206105734
sunsetcolor.fnoise.3.png,0.883172163486561
sunsetcolor.fnoise.4.png,0.7698053886229164
sunsetcolor.fnoise.5.png,0.6407556878868669
sunsetcolor.JPEG.1.png,0.992658725123874
sunsetcolor.JPEG.2.png,0.957187842753443
sunsetcolor.JPEG.3.png,0.8999498827204233
sunsetcolor.JPEG.4.png,0.8331842801997295
sunsetcolor.JPEG.5.png,0.8331842801997295
sunsetcolor.jpeg2000.1.png,0.9887249982496741
sunsetcolor.jpeg2000.2.png,0.9665830121756325
sunsetcolor.jpeg2000.3.png,0.9021363616107099
sunsetcolor.jpeg2000.4.png,0.8007472084565004
sunsetcolor.jpeg2000.5.png,0.7547671061219169
sunset_sparrow.AWGN.1.png,0.9948319320012342
sunset_sparrow.AWGN.2.png,0.9821757811303203
sunset_sparrow.AWGN.3.png,0.9537804491465243
sunset_sparrow.AWGN.4.png,0.9021464435467978
sunset_sparrow.AWGN.5.png,0.8336292006329256
sunset_sparrow.BLUR.1.png,0.9983231734396691
sunset_sparrow.BLUR.2.png,0.9938024294490526
sunset_sparrow.BLUR.3.png,0.9763454029765232
sunset_sparrow.BLUR.4.png,0.90083391490453
sunset_sparrow.BLUR.5.png,0.6767543276847177
sunset_sparrow.contrast.1.png,0.9949082762343652
sunset_sparrow.contrast.2.png,0.9715199220522021
sunset_sparrow.contrast.3.png,0.8781899327695164
sunset_sparrow.contrast.4.png,0.773240658554901
sunset_sparrow.contrast.5.png,0.773240658554901
sunset_sparrow.fnoise.1.png,0.9921112502393983
sunset_sparrow.fnoise.2.png,0.9746428735947478
sunset_sparrow.fnoise.3.png,0.9304831803198774
sunset_sparrow.fnoise.4.png,0.8467302986028445
sunset_sparrow.fnoise.5.png,0.7483811868420833
sunset_sparrow.JPEG.1.png,0.9998449035939985
sunset_sparrow.JPEG.2.png,0.9979695657684546
sunset_sparrow.JPEG.3.png,0.9785313137229953
sunset_sparrow.JPEG.4.png,0.9025316544756549
sunset_sparrow.JPEG.5.png,0.8244303461530657
sunset_sparrow.jpeg2000.1.png,0.9938363722389265
sunset_sparrow.jpeg2000.2.png,0.9846742622011946
sunset_sparrow.jpeg2000.3.png,0.9647445380477537
sunset_sparrow.jpeg2000.4.png,0.8958620525486984
sunset_sparrow.jpeg2000.5.png,0.7060957496987474
swarm.AWGN.1.png,0.9936852463014703
swarm.AWGN.2.png,0.9789642471180731
swarm.AWGN.3.png,0.9428230290658908
swarm.AWGN.4.png,0.8846300666401428
swarm.AWGN.5.png,0.8005703474326358
swarm.BLUR.1.png,0.9961484795896307
swarm.BLUR.2.png,0.9857219670508947
swarm.BLUR.3.png,0.9513320275765664
swarm.BLUR.4.png,0.8656417238445437
swarm.BLUR.5.png,0.714616482798415
swarm.contrast.1.png,0.988161608312633
swarm.contrast.2.png,0.9268892496690916
swarm.contrast.3.png,0.6765396884820577
swarm.contrast.4.png,0.4891776599581402
swarm.contrast.5.png,0.4891776599581402
swarm.fnoise.1.png,0.9914494144934717
swarm.fnoise.2.png,0.9682351204092395
swarm.fnoise.3.png,0.9120579458309522
swarm.fnoise.4.png,0.8217147504572815
swarm.fnoise.5.png,0.698835859203683
swarm.JPEG.1.png,0.99591871908422
swarm.JPEG.2.png,0.9743486564827855
swarm.JPEG.3.png,0.894060493524503
swarm.JPEG.4.png,0.8787354875289624
swarm.JPEG.5.png,0.8202419027182879
swarm.jpeg2000.1.png,0.9895728917359137
swarm.jpeg2000.2.png,0.9746758510640554
swarm.jpeg2000.3.png,0.9329020963266127
swarm.jpeg2000.4.png,0.8298121456794305
swarm.jpeg2000.5.png,0.6960189170319325
trolley.AWGN.1.png,0.9982364021063133
trolley.AWGN.2.png,0.9939184953941089
trolley.AWGN.3.png,0.9828816175236441
trolley.AWGN.4.png,0.9633442151177254
trolley.AWGN.5.png,0.9286257933666398
trolley.BLUR.1.png,0.9990548363905924
trolley.BLUR.2.png,0.9965473961385821
trolley.BLUR.3.png,0.9885281120758701
trolley.BLUR.4.png,0.9605601593369865
trolley.BLUR.5.png,0.8576629359921137
trolley.contrast.1.png,0.9888368040142058
trolley.contrast.2.png,0.9333331202484815
trolley.contrast.3.png,0.7093411369699139
trolley.contrast.4.png,0.6087105676813065
trolley.contrast.5.png,0.6087105676813065
trolley.fnoise.1.png,0.9974546858720422
trolley.fnoise.2.png,0.9895233177442736
trolley.fnoise.3.png,0.970931583104633
trolley.fnoise.4.png,0.9339895368943856
trolley.fnoise.5.png,0.8773560805391089
trolley.JPEG.1.png,0.9994372450281953
trolley.JPEG.2.png,0.9960512978693256
trolley.JPEG.3.png,0.9855230022395425
trolley.JPEG.4.png,0.9370440159058704
trolley.JPEG.5.png,0.8811533328285712
trolley.jpeg2000.1.png,0.9976797296355092
trolley.jpeg2000.2.png,0.9889904033084469
trolley.jpeg2000.3.png,0.9657289134763619
trolley.jpeg2000.4.png,0.91689043051553
trolley.jpeg2000.5.png,0.8165115109291577
turtle.AWGN.1.png,0.9946100143177662
turtle.AWGN.2.png,0.9814540919165751
turtle.AWGN.3.png,0.9524927797682138
turtle.AWGN.4.png,0.8999065791420146
turtle.AWGN.5.png,0.8239544529973577
turtle.BLUR.1.png,0.9969514864328347
turtle.BLUR.2.png,0.9881617984569669
turtle.BLUR.3.png,0.9525303151798156
turtle.BLUR.4.png,0.8387156838283412
turtle.BLUR.5.png,0.6510459150534317
turtle.contrast.1.png,0.9922554239517053
turtle.contrast.2.png,0.953216801904825
turtle.contrast.3.png,0.8079683112778479
turtle.contrast.4.png,0.689163980317905
turtle.contrast.5.png,0.689163980317905
turtle.fnoise.1.png,0.9920491124497934
turtle.fnoise.2.png,0.9725290109154863
turtle.fnoise.3.png,0.9240847434518861
turtle.fnoise.4.png,0.8371689176707311
turtle.fnoise.5.png,0.7276670294580962
turtle.JPEG.1.png,0.9970378433022117
turtle.JPEG.2.png,0.9805282662258072
turtle.JPEG.3.png,0.9250550123368957
turtle.JPEG.4.png,0.8421351316650226
turtle.JPEG.5.png,0.8031493171794765
turtle.jpeg2000.1.png,0.9914974430866174
turtle.jpeg2000.2.png,0.9768475923496549
turtle.jpeg2000.3.png,0.9417055913416927
turtle.jpeg2000.4.png,0.833539754930255
turtle.jpeg2000.5.png,0.6754650998621073
veggies.AWGN.1.png,0.9977100434828758
veggies.AWGN.2.png,0.9927851392615584
veggies.AWGN.3.png,0.9797096687725007
veggies.AWGN.4.png,0.9552310768586801
veggies.AWGN.5.png,0.9148243349689293
veggies.BLUR.1.png,0.99895081419324
veggies.BLUR.2.png,0.9957541799324525
veggies.BLUR.3.png,0.9820414904307433
veggies.BLUR.4.png,0.9300890219789836
veggies.BLUR.5.png,0.7592365526658029
veggies.contrast.1.png,0.9900861136226221
veggies.contrast.2.png,0.9484419155245543
veggies.contrast.3.png,0.7940095926092414
veggies.contrast.4.png,0.7208859740076725
veggies.contrast.5.png,0.7208859740076725
veggies.fnoise.1.png,0.9972470744273384
veggies.fnoise.2.png,0.9885638874928415
veggies.fnoise.3.png,0.9683898887079421
veggies.fnoise.4.png,0.9333468011960712
veggies.fnoise.5.png,0.865870355592163
veggies.JPEG.1.png,0.9999679583110697
veggies.JPEG.2.png,0.9983166336270501
veggies.JPEG.3.png,0.9884805004612588
veggies.JPEG.4.png,0.9191795735648389
veggies.JPEG.5.png,0.8418409212613358
veggies.jpeg2000.1.png,0.9985602382200912
veggies.jpeg2000.2.png,0.9933646215353636
veggies.jpeg2000.3.png,0.9736460887102546
veggies.jpeg2000.4.png,0.9054341247596889
veggies.jpeg2000.5.png,0.7496461070991767
woman.AWGN.1.png,0.9973806532288811
woman.AWGN.2.png,0.9910371316665589
woman.AWGN.3.png,0.976075971110984
woman.AWGN.4.png,0.9461967061960751
woman.AWGN.5.png,0.9006279233171425
woman.BLUR.1.png,0.9974194255809623
woman.BLUR.2.png,0.9893649798709463
woman.BLUR.3.png,0.9588240298989993
woman.BLUR.4.png,0.8411686738882344
woman.BLUR.5.png,0.5739229961951733
woman.contrast.1.png,0.9891915178621129
woman.contrast.2.png,0.9356824181708441
woman.contrast.3.png,0.7311208662786924
woman.contrast.4.png,0.6276472722789253
woman.contrast.5.png,0.6276472722789253
woman.fnoise.1.png,0.9962949639716897
woman.fnoise.2.png,0.9875107303404969
woman.fnoise.3.png,0.9645858807287643
woman.fnoise.4.png,0.9173570478030256
woman.fnoise.5.png,0.8409174034385019
woman.JPEG.1.png,0.9994140747075242
woman.JPEG.2.png,0.994579242568943
woman.JPEG.3.png,0.9665204089777913
woman.JPEG.4.png,0.9023863222030515
woman.JPEG.5.png,0.7469351257680946
woman.jpeg2000.1.png,0.9967845454296075
woman.jpeg2000.2.png,0.9865673880079203
woman.jpeg2000.3.png,0.9488821902542014
woman.jpeg2000.4.png,0.8370296579551251
woman.jpeg2000.5.png,0.5893646902880291
