name,topiq_fr
1600.AWGN.1.png,0.941418468952179
1600.AWGN.2.png,0.9064053893089294
1600.AWGN.3.png,0.7443634271621704
1600.AWGN.4.png,0.5465303659439087
1600.AWGN.5.png,0.41495776176452637
1600.BLUR.1.png,0.9286485314369202
1600.BLUR.2.png,0.8920455574989319
1600.BLUR.3.png,0.7238942980766296
1600.BLUR.4.png,0.4522136151790619
1600.BLUR.5.png,0.2593159079551697
1600.contrast.1.png,0.9068419337272644
1600.contrast.2.png,0.812881350517273
1600.contrast.3.png,0.5657010078430176
1600.contrast.4.png,0.49254247546195984
1600.contrast.5.png,0.49254247546195984
1600.fnoise.1.png,0.9201754927635193
1600.fnoise.2.png,0.8405699133872986
1600.fnoise.3.png,0.654337465763092
1600.fnoise.4.png,0.4698185920715332
1600.fnoise.5.png,0.3381649851799011
1600.JPEG.1.png,0.9339240193367004
1600.JPEG.2.png,0.9308146238327026
1600.JPEG.3.png,0.8311766982078552
1600.JPEG.4.png,0.51381915807724
1600.JPEG.5.png,0.32226866483688354
1600.jpeg2000.1.png,0.9426476955413818
1600.jpeg2000.2.png,0.9255210161209106
1600.jpeg2000.3.png,0.7674245238304138
1600.jpeg2000.4.png,0.44136250019073486
1600.jpeg2000.5.png,0.2572130858898163
aerial_city.AWGN.1.png,0.9258760213851929
aerial_city.AWGN.2.png,0.8881083130836487
aerial_city.AWGN.3.png,0.7489774823188782
aerial_city.AWGN.4.png,0.5564940571784973
aerial_city.AWGN.5.png,0.4069744646549225
aerial_city.BLUR.1.png,0.9049798846244812
aerial_city.BLUR.2.png,0.8583250641822815
aerial_city.BLUR.3.png,0.6440439820289612
aerial_city.BLUR.4.png,0.4333144426345825
aerial_city.BLUR.5.png,0.2891092896461487
aerial_city.contrast.1.png,0.8644480109214783
aerial_city.contrast.2.png,0.7207275032997131
aerial_city.contrast.3.png,0.5073804259300232
aerial_city.contrast.4.png,0.4438803195953369
aerial_city.contrast.5.png,0.4438803195953369
aerial_city.fnoise.1.png,0.900539219379425
aerial_city.fnoise.2.png,0.7857281565666199
aerial_city.fnoise.3.png,0.5922625064849854
aerial_city.fnoise.4.png,0.4517289996147156
aerial_city.fnoise.5.png,0.3623478412628174
aerial_city.JPEG.1.png,0.9255275726318359
aerial_city.JPEG.2.png,0.9066548943519592
aerial_city.JPEG.3.png,0.671668291091919
aerial_city.JPEG.4.png,0.43609732389450073
aerial_city.JPEG.5.png,0.33454275131225586
aerial_city.jpeg2000.1.png,0.9260902404785156
aerial_city.jpeg2000.2.png,0.832047164440155
aerial_city.jpeg2000.3.png,0.5490632653236389
aerial_city.jpeg2000.4.png,0.35101640224456787
aerial_city.jpeg2000.5.png,0.28251010179519653
boston.AWGN.1.png,0.9262450933456421
boston.AWGN.2.png,0.9074017405509949
boston.AWGN.3.png,0.7736366391181946
boston.AWGN.4.png,0.5490294694900513
boston.AWGN.5.png,0.415830135345459
boston.BLUR.1.png,0.9059369564056396
boston.BLUR.2.png,0.8440132737159729
boston.BLUR.3.png,0.6356147527694702
boston.BLUR.4.png,0.3994956910610199
boston.BLUR.5.png,0.2708565592765808
boston.contrast.1.png,0.8335786461830139
boston.contrast.2.png,0.6328820586204529
boston.contrast.3.png,0.36202141642570496
boston.contrast.4.png,0.3029120862483978
boston.contrast.5.png,0.3029120862483978
boston.fnoise.1.png,0.8952072262763977
boston.fnoise.2.png,0.780651867389679
boston.fnoise.3.png,0.5880774855613708
boston.fnoise.4.png,0.45243728160858154
boston.fnoise.5.png,0.37242400646209717
boston.JPEG.1.png,0.921925961971283
boston.JPEG.2.png,0.8885594010353088
boston.JPEG.3.png,0.6864647269248962
boston.JPEG.4.png,0.3604162931442261
boston.JPEG.5.png,0.3178251385688782
boston.jpeg2000.1.png,0.9210671782493591
boston.jpeg2000.2.png,0.8605316281318665
boston.jpeg2000.3.png,0.6366461515426636
boston.jpeg2000.4.png,0.3571297526359558
boston.jpeg2000.5.png,0.2694479525089264
bridge.AWGN.1.png,0.9327499866485596
bridge.AWGN.2.png,0.9002371430397034
bridge.AWGN.3.png,0.7389089465141296
bridge.AWGN.4.png,0.5742329955101013
bridge.AWGN.5.png,0.438380628824234
bridge.BLUR.1.png,0.9121812582015991
bridge.BLUR.2.png,0.8571358919143677
bridge.BLUR.3.png,0.6788108944892883
bridge.BLUR.4.png,0.4375476539134979
bridge.BLUR.5.png,0.29582470655441284
bridge.contrast.1.png,0.879132091999054
bridge.contrast.2.png,0.765053927898407
bridge.contrast.3.png,0.5983291864395142
bridge.contrast.4.png,0.5197756290435791
bridge.contrast.5.png,0.5197756290435791
bridge.fnoise.1.png,0.9131237864494324
bridge.fnoise.2.png,0.7918770909309387
bridge.fnoise.3.png,0.6142395734786987
bridge.fnoise.4.png,0.4634362459182739
bridge.fnoise.5.png,0.3789443373680115
bridge.JPEG.1.png,0.9280583262443542
bridge.JPEG.2.png,0.9032018780708313
bridge.JPEG.3.png,0.7195531129837036
bridge.JPEG.4.png,0.3575281500816345
bridge.JPEG.5.png,0.31288111209869385
bridge.jpeg2000.1.png,0.9251326322555542
bridge.jpeg2000.2.png,0.844265878200531
bridge.jpeg2000.3.png,0.6340629458427429
bridge.jpeg2000.4.png,0.38394615054130554
bridge.jpeg2000.5.png,0.2996610701084137
butter_flower.AWGN.1.png,0.9426438212394714
butter_flower.AWGN.2.png,0.9122117161750793
butter_flower.AWGN.3.png,0.7340283393859863
butter_flower.AWGN.4.png,0.5438801646232605
butter_flower.AWGN.5.png,0.4125460982322693
butter_flower.BLUR.1.png,0.910546600818634
butter_flower.BLUR.2.png,0.785820722579956
butter_flower.BLUR.3.png,0.5179256796836853
butter_flower.BLUR.4.png,0.29605183005332947
butter_flower.BLUR.5.png,0.2563622295856476
butter_flower.contrast.1.png,0.8976970314979553
butter_flower.contrast.2.png,0.7489804029464722
butter_flower.contrast.3.png,0.39244383573532104
butter_flower.contrast.4.png,0.29981762170791626
butter_flower.contrast.5.png,0.29981762170791626
butter_flower.fnoise.1.png,0.930898129940033
butter_flower.fnoise.2.png,0.8560914397239685
butter_flower.fnoise.3.png,0.6633093357086182
butter_flower.fnoise.4.png,0.4572950005531311
butter_flower.fnoise.5.png,0.340059757232666
butter_flower.JPEG.1.png,0.9311292171478271
butter_flower.JPEG.2.png,0.9083379507064819
butter_flower.JPEG.3.png,0.6716305613517761
butter_flower.JPEG.4.png,0.39478975534439087
butter_flower.JPEG.5.png,0.29808634519577026
butter_flower.jpeg2000.1.png,0.9409596920013428
butter_flower.jpeg2000.2.png,0.8851810097694397
butter_flower.jpeg2000.3.png,0.6408501267433167
butter_flower.jpeg2000.4.png,0.33390000462532043
butter_flower.jpeg2000.5.png,0.2530931830406189
cactus.AWGN.1.png,0.9326171278953552
cactus.AWGN.2.png,0.8886343836784363
cactus.AWGN.3.png,0.7205391526222229
cactus.AWGN.4.png,0.5671631693840027
cactus.AWGN.5.png,0.44478294253349304
cactus.BLUR.1.png,0.9156700968742371
cactus.BLUR.2.png,0.8833301067352295
cactus.BLUR.3.png,0.7549298405647278
cactus.BLUR.4.png,0.5238827466964722
cactus.BLUR.5.png,0.34513288736343384
cactus.contrast.1.png,0.8590437173843384
cactus.contrast.2.png,0.6846231818199158
cactus.contrast.3.png,0.4623607397079468
cactus.contrast.4.png,0.4008108973503113
cactus.contrast.5.png,0.4008108973503113
cactus.fnoise.1.png,0.9068902730941772
cactus.fnoise.2.png,0.7629954218864441
cactus.fnoise.3.png,0.5987789034843445
cactus.fnoise.4.png,0.47382742166519165
cactus.fnoise.5.png,0.3776419758796692
cactus.JPEG.1.png,0.9393362402915955
cactus.JPEG.2.png,0.8956415057182312
cactus.JPEG.3.png,0.7301448583602905
cactus.JPEG.4.png,0.4792584478855133
cactus.JPEG.5.png,0.32864439487457275
cactus.jpeg2000.1.png,0.92369145154953
cactus.jpeg2000.2.png,0.8222207427024841
cactus.jpeg2000.3.png,0.6749494671821594
cactus.jpeg2000.4.png,0.49520325660705566
cactus.jpeg2000.5.png,0.32227325439453125
child_swimming.AWGN.1.png,0.938276469707489
child_swimming.AWGN.2.png,0.9345424771308899
child_swimming.AWGN.3.png,0.8390265703201294
child_swimming.AWGN.4.png,0.6178440451622009
child_swimming.AWGN.5.png,0.47801345586776733
child_swimming.BLUR.1.png,0.9204304814338684
child_swimming.BLUR.2.png,0.8931462168693542
child_swimming.BLUR.3.png,0.7532738447189331
child_swimming.BLUR.4.png,0.5479289889335632
child_swimming.BLUR.5.png,0.30090057849884033
child_swimming.contrast.1.png,0.847500741481781
child_swimming.contrast.2.png,0.6203911900520325
child_swimming.contrast.3.png,0.367625892162323
child_swimming.contrast.4.png,0.30736950039863586
child_swimming.contrast.5.png,0.30736950039863586
child_swimming.fnoise.1.png,0.9268904328346252
child_swimming.fnoise.2.png,0.8684033751487732
child_swimming.fnoise.3.png,0.7009989619255066
child_swimming.fnoise.4.png,0.5065636038780212
child_swimming.fnoise.5.png,0.39610642194747925
child_swimming.JPEG.1.png,0.9297354817390442
child_swimming.JPEG.2.png,0.9245375990867615
child_swimming.JPEG.3.png,0.8487822413444519
child_swimming.JPEG.4.png,0.5628411769866943
child_swimming.JPEG.5.png,0.3756554126739502
child_swimming.jpeg2000.1.png,0.9375821948051453
child_swimming.jpeg2000.2.png,0.9234243631362915
child_swimming.jpeg2000.3.png,0.7563952803611755
child_swimming.jpeg2000.4.png,0.5386929512023926
child_swimming.jpeg2000.5.png,0.30377334356307983
couple.AWGN.1.png,0.9426885843276978
couple.AWGN.2.png,0.9276958107948303
couple.AWGN.3.png,0.8330363631248474
couple.AWGN.4.png,0.6269997954368591
couple.AWGN.5.png,0.463251531124115
couple.BLUR.1.png,0.9197039008140564
couple.BLUR.2.png,0.8410812020301819
couple.BLUR.3.png,0.6166214346885681
couple.BLUR.4.png,0.43299373984336853
couple.BLUR.5.png,0.31858474016189575
couple.contrast.1.png,0.8902809023857117
couple.contrast.2.png,0.772137463092804
couple.contrast.3.png,0.5709578990936279
couple.contrast.4.png,0.503724992275238
couple.contrast.5.png,0.503724992275238
couple.fnoise.1.png,0.9320877194404602
couple.fnoise.2.png,0.899703323841095
couple.fnoise.3.png,0.7614687085151672
couple.fnoise.4.png,0.5831723213195801
couple.fnoise.5.png,0.4178493320941925
couple.JPEG.1.png,0.9399333596229553
couple.JPEG.2.png,0.9344412088394165
couple.JPEG.3.png,0.7874769568443298
couple.JPEG.4.png,0.43475672602653503
couple.JPEG.5.png,0.35606399178504944
couple.jpeg2000.1.png,0.9434478282928467
couple.jpeg2000.2.png,0.9246522188186646
couple.jpeg2000.3.png,0.7558059096336365
couple.jpeg2000.4.png,0.48243069648742676
couple.jpeg2000.5.png,0.314469575881958
elk.AWGN.1.png,0.9377109408378601
elk.AWGN.2.png,0.913299560546875
elk.AWGN.3.png,0.8300423622131348
elk.AWGN.4.png,0.6583642959594727
elk.AWGN.5.png,0.4895777702331543
elk.BLUR.1.png,0.9177183508872986
elk.BLUR.2.png,0.874971330165863
elk.BLUR.3.png,0.6959965825080872
elk.BLUR.4.png,0.466747909784317
elk.BLUR.5.png,0.2907554507255554
elk.contrast.1.png,0.8688833713531494
elk.contrast.2.png,0.6977224946022034
elk.contrast.3.png,0.4524424076080322
elk.contrast.4.png,0.2475806027650833
elk.contrast.5.png,0.2475806027650833
elk.fnoise.1.png,0.917595624923706
elk.fnoise.2.png,0.8754366636276245
elk.fnoise.3.png,0.6865759491920471
elk.fnoise.4.png,0.509246826171875
elk.fnoise.5.png,0.40329545736312866
elk.JPEG.1.png,0.9293339848518372
elk.JPEG.2.png,0.90071040391922
elk.JPEG.3.png,0.7732520699501038
elk.JPEG.4.png,0.4543955624103546
elk.JPEG.5.png,0.35219037532806396
elk.jpeg2000.1.png,0.9362856149673462
elk.jpeg2000.2.png,0.9062368273735046
elk.jpeg2000.3.png,0.7430104613304138
elk.jpeg2000.4.png,0.4389626979827881
elk.jpeg2000.5.png,0.2939968407154083
family.AWGN.1.png,0.9347922801971436
family.AWGN.2.png,0.8483656644821167
family.AWGN.3.png,0.6672545075416565
family.AWGN.4.png,0.4997310936450958
family.AWGN.5.png,0.3888987898826599
family.BLUR.1.png,0.9354549050331116
family.BLUR.2.png,0.8347893357276917
family.BLUR.3.png,0.5768794417381287
family.BLUR.4.png,0.35814523696899414
family.BLUR.5.png,0.2759475111961365
family.contrast.1.png,0.9076541662216187
family.contrast.2.png,0.8219190835952759
family.contrast.3.png,0.6019400358200073
family.contrast.4.png,0.4938089847564697
family.contrast.5.png,0.4938089847564697
family.fnoise.1.png,0.9114540219306946
family.fnoise.2.png,0.7641069293022156
family.fnoise.3.png,0.5580102801322937
family.fnoise.4.png,0.42556580901145935
family.fnoise.5.png,0.32926008105278015
family.JPEG.1.png,0.9388790726661682
family.JPEG.2.png,0.9035975337028503
family.JPEG.3.png,0.4062540531158447
family.JPEG.4.png,0.33498436212539673
family.JPEG.5.png,0.29815950989723206
family.jpeg2000.1.png,0.9122593402862549
family.jpeg2000.2.png,0.6352102756500244
family.jpeg2000.3.png,0.4718194901943207
family.jpeg2000.4.png,0.33430030941963196
family.jpeg2000.5.png,0.27098068594932556
fisher.AWGN.1.png,0.9333255887031555
fisher.AWGN.2.png,0.8939747214317322
fisher.AWGN.3.png,0.7291423082351685
fisher.AWGN.4.png,0.510402500629425
fisher.AWGN.5.png,0.38497477769851685
fisher.BLUR.1.png,0.8853583931922913
fisher.BLUR.2.png,0.635198175907135
fisher.BLUR.3.png,0.38581588864326477
fisher.BLUR.4.png,0.29334741830825806
fisher.BLUR.5.png,0.2759026885032654
fisher.contrast.1.png,0.874237596988678
fisher.contrast.2.png,0.6985905766487122
fisher.contrast.3.png,0.4384017884731293
fisher.contrast.4.png,0.38252609968185425
fisher.contrast.5.png,0.38252609968185425
fisher.fnoise.1.png,0.9216588139533997
fisher.fnoise.2.png,0.8148790001869202
fisher.fnoise.3.png,0.6230403780937195
fisher.fnoise.4.png,0.43080583214759827
fisher.fnoise.5.png,0.3337550163269043
fisher.JPEG.1.png,0.9362712502479553
fisher.JPEG.2.png,0.7812613844871521
fisher.JPEG.3.png,0.46715742349624634
fisher.JPEG.4.png,0.2956419587135315
fisher.JPEG.5.png,0.2858324944972992
fisher.jpeg2000.1.png,0.9268226027488708
fisher.jpeg2000.2.png,0.758089005947113
fisher.jpeg2000.3.png,0.4421077370643616
fisher.jpeg2000.4.png,0.2977948784828186
fisher.jpeg2000.5.png,0.274741530418396
foxy.AWGN.1.png,0.9406287670135498
foxy.AWGN.2.png,0.9403055310249329
foxy.AWGN.3.png,0.8812605738639832
foxy.AWGN.4.png,0.724851667881012
foxy.AWGN.5.png,0.5406643152236938
foxy.BLUR.1.png,0.9273207187652588
foxy.BLUR.2.png,0.923666775226593
foxy.BLUR.3.png,0.8971566557884216
foxy.BLUR.4.png,0.7804407477378845
foxy.BLUR.5.png,0.5290230512619019
foxy.contrast.1.png,0.8918978571891785
foxy.contrast.2.png,0.781642496585846
foxy.contrast.3.png,0.5499747395515442
foxy.contrast.4.png,0.3306373357772827
foxy.contrast.5.png,0.3306373357772827
foxy.fnoise.1.png,0.9313100576400757
foxy.fnoise.2.png,0.9064751267433167
foxy.fnoise.3.png,0.7868263125419617
foxy.fnoise.4.png,0.6388623714447021
foxy.fnoise.5.png,0.45447102189064026
foxy.JPEG.1.png,0.9334391951560974
foxy.JPEG.2.png,0.9309014678001404
foxy.JPEG.3.png,0.8953653573989868
foxy.JPEG.4.png,0.7917229533195496
foxy.JPEG.5.png,0.49528300762176514
foxy.jpeg2000.1.png,0.9399910569190979
foxy.jpeg2000.2.png,0.9363171458244324
foxy.jpeg2000.3.png,0.8618431687355042
foxy.jpeg2000.4.png,0.7232248187065125
foxy.jpeg2000.5.png,0.4918668866157532
geckos.AWGN.1.png,0.9344601035118103
geckos.AWGN.2.png,0.9296186566352844
geckos.AWGN.3.png,0.8576642870903015
geckos.AWGN.4.png,0.6911090612411499
geckos.AWGN.5.png,0.5499595999717712
geckos.BLUR.1.png,0.9108424782752991
geckos.BLUR.2.png,0.8866614699363708
geckos.BLUR.3.png,0.8042929768562317
geckos.BLUR.4.png,0.6476675271987915
geckos.BLUR.5.png,0.40303099155426025
geckos.contrast.1.png,0.8489962816238403
geckos.contrast.2.png,0.6577686667442322
geckos.contrast.3.png,0.4278720021247864
geckos.contrast.4.png,0.25948160886764526
geckos.contrast.5.png,0.25948160886764526
geckos.fnoise.1.png,0.9191046357154846
geckos.fnoise.2.png,0.8572719693183899
geckos.fnoise.3.png,0.7249608635902405
geckos.fnoise.4.png,0.5802949070930481
geckos.fnoise.5.png,0.44503605365753174
geckos.JPEG.1.png,0.9304946064949036
geckos.JPEG.2.png,0.9180657267570496
geckos.JPEG.3.png,0.8560226559638977
geckos.JPEG.4.png,0.6322603821754456
geckos.JPEG.5.png,0.3164118528366089
geckos.jpeg2000.1.png,0.9319871068000793
geckos.jpeg2000.2.png,0.9237154126167297
geckos.jpeg2000.3.png,0.8422022461891174
geckos.jpeg2000.4.png,0.6444327235221863
geckos.jpeg2000.5.png,0.3656832277774811
lady_liberty.AWGN.1.png,0.9382240176200867
lady_liberty.AWGN.2.png,0.8826324939727783
lady_liberty.AWGN.3.png,0.686255931854248
lady_liberty.AWGN.4.png,0.5115531086921692
lady_liberty.AWGN.5.png,0.3835499882698059
lady_liberty.BLUR.1.png,0.8987367749214172
lady_liberty.BLUR.2.png,0.6923592686653137
lady_liberty.BLUR.3.png,0.4617888927459717
lady_liberty.BLUR.4.png,0.32074981927871704
lady_liberty.BLUR.5.png,0.27703142166137695
lady_liberty.contrast.1.png,0.8643044233322144
lady_liberty.contrast.2.png,0.6417125463485718
lady_liberty.contrast.3.png,0.3238733410835266
lady_liberty.contrast.4.png,0.26707643270492554
lady_liberty.contrast.5.png,0.26707643270492554
lady_liberty.fnoise.1.png,0.9316929578781128
lady_liberty.fnoise.2.png,0.8417040705680847
lady_liberty.fnoise.3.png,0.6375323534011841
lady_liberty.fnoise.4.png,0.43459293246269226
lady_liberty.fnoise.5.png,0.3472420871257782
lady_liberty.JPEG.1.png,0.9351191520690918
lady_liberty.JPEG.2.png,0.7925088405609131
lady_liberty.JPEG.3.png,0.42891526222229004
lady_liberty.JPEG.4.png,0.3549756407737732
lady_liberty.JPEG.5.png,0.30635321140289307
lady_liberty.jpeg2000.1.png,0.9188125729560852
lady_liberty.jpeg2000.2.png,0.7151485085487366
lady_liberty.jpeg2000.3.png,0.4120212495326996
lady_liberty.jpeg2000.4.png,0.3166975677013397
lady_liberty.jpeg2000.5.png,0.28175994753837585
lake.AWGN.1.png,0.9294040203094482
lake.AWGN.2.png,0.9163939356803894
lake.AWGN.3.png,0.8064777255058289
lake.AWGN.4.png,0.6418993473052979
lake.AWGN.5.png,0.48079508543014526
lake.BLUR.1.png,0.9109589457511902
lake.BLUR.2.png,0.8898560404777527
lake.BLUR.3.png,0.7929114699363708
lake.BLUR.4.png,0.5750990509986877
lake.BLUR.5.png,0.3442476987838745
lake.contrast.1.png,0.8741758465766907
lake.contrast.2.png,0.7469649910926819
lake.contrast.3.png,0.4525272250175476
lake.contrast.4.png,0.390103816986084
lake.contrast.5.png,0.390103816986084
lake.fnoise.1.png,0.9098733067512512
lake.fnoise.2.png,0.8412582278251648
lake.fnoise.3.png,0.6770442128181458
lake.fnoise.4.png,0.5119451880455017
lake.fnoise.5.png,0.3893650770187378
lake.JPEG.1.png,0.9155106544494629
lake.JPEG.2.png,0.8989067673683167
lake.JPEG.3.png,0.8708422780036926
lake.JPEG.4.png,0.706489086151123
lake.JPEG.5.png,0.33244073390960693
lake.jpeg2000.1.png,0.9242755770683289
lake.jpeg2000.2.png,0.8951457142829895
lake.jpeg2000.3.png,0.8237536549568176
lake.jpeg2000.4.png,0.6351324915885925
lake.jpeg2000.5.png,0.3408130407333374
log_seaside.AWGN.1.png,0.9381520748138428
log_seaside.AWGN.2.png,0.9117729663848877
log_seaside.AWGN.3.png,0.7985493540763855
log_seaside.AWGN.4.png,0.6064581871032715
log_seaside.AWGN.5.png,0.4671807885169983
log_seaside.BLUR.1.png,0.9266465306282043
log_seaside.BLUR.2.png,0.9195320010185242
log_seaside.BLUR.3.png,0.8720546364784241
log_seaside.BLUR.4.png,0.7196432948112488
log_seaside.BLUR.5.png,0.4908083379268646
log_seaside.contrast.1.png,0.8886025547981262
log_seaside.contrast.2.png,0.7589837908744812
log_seaside.contrast.3.png,0.536760687828064
log_seaside.contrast.4.png,0.4799659848213196
log_seaside.contrast.5.png,0.4799659848213196
log_seaside.fnoise.1.png,0.9217727184295654
log_seaside.fnoise.2.png,0.829696774482727
log_seaside.fnoise.3.png,0.654941976070404
log_seaside.fnoise.4.png,0.48876550793647766
log_seaside.fnoise.5.png,0.3694157898426056
log_seaside.JPEG.1.png,0.9358200430870056
log_seaside.JPEG.2.png,0.9318687319755554
log_seaside.JPEG.3.png,0.8917995095252991
log_seaside.JPEG.4.png,0.6466280817985535
log_seaside.JPEG.5.png,0.39417532086372375
log_seaside.jpeg2000.1.png,0.9367870688438416
log_seaside.jpeg2000.2.png,0.9183269143104553
log_seaside.jpeg2000.3.png,0.7574617266654968
log_seaside.jpeg2000.4.png,0.5620930790901184
log_seaside.jpeg2000.5.png,0.40704771876335144
monument.AWGN.1.png,0.9244149923324585
monument.AWGN.2.png,0.8875201344490051
monument.AWGN.3.png,0.7412115931510925
monument.AWGN.4.png,0.5142270922660828
monument.AWGN.5.png,0.37895095348358154
monument.BLUR.1.png,0.9025713801383972
monument.BLUR.2.png,0.8311622738838196
monument.BLUR.3.png,0.5927596688270569
monument.BLUR.4.png,0.36085647344589233
monument.BLUR.5.png,0.28468456864356995
monument.contrast.1.png,0.8791097402572632
monument.contrast.2.png,0.7723796963691711
monument.contrast.3.png,0.5793870687484741
monument.contrast.4.png,0.5222755074501038
monument.contrast.5.png,0.5222755074501038
monument.fnoise.1.png,0.8970800042152405
monument.fnoise.2.png,0.7868321537971497
monument.fnoise.3.png,0.5837864875793457
monument.fnoise.4.png,0.4002079367637634
monument.fnoise.5.png,0.33171164989471436
monument.JPEG.1.png,0.9224480986595154
monument.JPEG.2.png,0.865932285785675
monument.JPEG.3.png,0.6166630387306213
monument.JPEG.4.png,0.4386860728263855
monument.JPEG.5.png,0.30831095576286316
monument.jpeg2000.1.png,0.922694981098175
monument.jpeg2000.2.png,0.8436749577522278
monument.jpeg2000.3.png,0.5176741480827332
monument.jpeg2000.4.png,0.33724287152290344
monument.jpeg2000.5.png,0.28318238258361816
native_american.AWGN.1.png,0.9385043382644653
native_american.AWGN.2.png,0.9173906445503235
native_american.AWGN.3.png,0.788188636302948
native_american.AWGN.4.png,0.5729162693023682
native_american.AWGN.5.png,0.38415566086769104
native_american.BLUR.1.png,0.9131795763969421
native_american.BLUR.2.png,0.8310357928276062
native_american.BLUR.3.png,0.5677291750907898
native_american.BLUR.4.png,0.3252830505371094
native_american.BLUR.5.png,0.26076850295066833
native_american.contrast.1.png,0.881467342376709
native_american.contrast.2.png,0.7528177499771118
native_american.contrast.3.png,0.5583634972572327
native_american.contrast.4.png,0.49358582496643066
native_american.contrast.5.png,0.49358582496643066
native_american.fnoise.1.png,0.9237456917762756
native_american.fnoise.2.png,0.869452178478241
native_american.fnoise.3.png,0.6083080768585205
native_american.fnoise.4.png,0.4218922257423401
native_american.fnoise.5.png,0.3307033181190491
native_american.JPEG.1.png,0.9294217228889465
native_american.JPEG.2.png,0.8978305459022522
native_american.JPEG.3.png,0.6676519513130188
native_american.JPEG.4.png,0.33087027072906494
native_american.JPEG.5.png,0.2790781855583191
native_american.jpeg2000.1.png,0.9387426972389221
native_american.jpeg2000.2.png,0.8719995617866516
native_american.jpeg2000.3.png,0.5864906907081604
native_american.jpeg2000.4.png,0.32669636607170105
native_american.jpeg2000.5.png,0.260200560092926
redwood.AWGN.1.png,0.9272502064704895
redwood.AWGN.2.png,0.8810409903526306
redwood.AWGN.3.png,0.7058217525482178
redwood.AWGN.4.png,0.5125457048416138
redwood.AWGN.5.png,0.4071657061576843
redwood.BLUR.1.png,0.9014502167701721
redwood.BLUR.2.png,0.8594028353691101
redwood.BLUR.3.png,0.7068403363227844
redwood.BLUR.4.png,0.4290863871574402
redwood.BLUR.5.png,0.283801794052124
redwood.contrast.1.png,0.8801083564758301
redwood.contrast.2.png,0.7834907174110413
redwood.contrast.3.png,0.5814995169639587
redwood.contrast.4.png,0.5337699055671692
redwood.contrast.5.png,0.5337699055671692
redwood.fnoise.1.png,0.9102643728256226
redwood.fnoise.2.png,0.7816507816314697
redwood.fnoise.3.png,0.5629629492759705
redwood.fnoise.4.png,0.4146425724029541
redwood.fnoise.5.png,0.3481070399284363
redwood.JPEG.1.png,0.9175832271575928
redwood.JPEG.2.png,0.8979883193969727
redwood.JPEG.3.png,0.750149667263031
redwood.JPEG.4.png,0.4116762578487396
redwood.JPEG.5.png,0.3075609505176544
redwood.jpeg2000.1.png,0.9184253811836243
redwood.jpeg2000.2.png,0.8582462668418884
redwood.jpeg2000.3.png,0.6375204920768738
redwood.jpeg2000.4.png,0.3802145719528198
redwood.jpeg2000.5.png,0.2773328721523285
roping.AWGN.1.png,0.9446255564689636
roping.AWGN.2.png,0.9236643314361572
roping.AWGN.3.png,0.7996768355369568
roping.AWGN.4.png,0.5983536839485168
roping.AWGN.5.png,0.46220648288726807
roping.BLUR.1.png,0.9217711687088013
roping.BLUR.2.png,0.8611223101615906
roping.BLUR.3.png,0.6619791388511658
roping.BLUR.4.png,0.418754518032074
roping.BLUR.5.png,0.2844092845916748
roping.contrast.1.png,0.9029738903045654
roping.contrast.2.png,0.8089780211448669
roping.contrast.3.png,0.6091837286949158
roping.contrast.4.png,0.5441415309906006
roping.contrast.5.png,0.5441415309906006
roping.fnoise.1.png,0.9283482432365417
roping.fnoise.2.png,0.859947144985199
roping.fnoise.3.png,0.6947395205497742
roping.fnoise.4.png,0.5204422473907471
roping.fnoise.5.png,0.38575953245162964
roping.JPEG.1.png,0.9399750828742981
roping.JPEG.2.png,0.9268607497215271
roping.JPEG.3.png,0.7493746280670166
roping.JPEG.4.png,0.4719308018684387
roping.JPEG.5.png,0.3314538598060608
roping.jpeg2000.1.png,0.9453094601631165
roping.jpeg2000.2.png,0.9143251776695251
roping.jpeg2000.3.png,0.6903408765792847
roping.jpeg2000.4.png,0.4159695506095886
roping.jpeg2000.5.png,0.2892044186592102
rushmore.AWGN.1.png,0.9324355721473694
rushmore.AWGN.2.png,0.9021787047386169
rushmore.AWGN.3.png,0.7669615149497986
rushmore.AWGN.4.png,0.5646057724952698
rushmore.AWGN.5.png,0.42511484026908875
rushmore.BLUR.1.png,0.9216771721839905
rushmore.BLUR.2.png,0.9110947251319885
rushmore.BLUR.3.png,0.8264754414558411
rushmore.BLUR.4.png,0.6076518893241882
rushmore.BLUR.5.png,0.3525605797767639
rushmore.contrast.1.png,0.8818574547767639
rushmore.contrast.2.png,0.7743353247642517
rushmore.contrast.3.png,0.5648903846740723
rushmore.contrast.4.png,0.49863195419311523
rushmore.contrast.5.png,0.49863195419311523
rushmore.fnoise.1.png,0.913105309009552
rushmore.fnoise.2.png,0.8197985291481018
rushmore.fnoise.3.png,0.6142141222953796
rushmore.fnoise.4.png,0.4716128408908844
rushmore.fnoise.5.png,0.3722609281539917
rushmore.JPEG.1.png,0.9183109402656555
rushmore.JPEG.2.png,0.8930038213729858
rushmore.JPEG.3.png,0.8295444846153259
rushmore.JPEG.4.png,0.533626914024353
rushmore.JPEG.5.png,0.38674286007881165
rushmore.jpeg2000.1.png,0.9260699152946472
rushmore.jpeg2000.2.png,0.8605673909187317
rushmore.jpeg2000.3.png,0.7137765288352966
rushmore.jpeg2000.4.png,0.49236196279525757
rushmore.jpeg2000.5.png,0.32363709807395935
shroom.AWGN.1.png,0.9487922191619873
shroom.AWGN.2.png,0.928112804889679
shroom.AWGN.3.png,0.7836993932723999
shroom.AWGN.4.png,0.5704060196876526
shroom.AWGN.5.png,0.42754489183425903
shroom.BLUR.1.png,0.9314348101615906
shroom.BLUR.2.png,0.8818300366401672
shroom.BLUR.3.png,0.7046633362770081
shroom.BLUR.4.png,0.4431908428668976
shroom.BLUR.5.png,0.28299635648727417
shroom.contrast.1.png,0.8987380266189575
shroom.contrast.2.png,0.7657629251480103
shroom.contrast.3.png,0.5088636875152588
shroom.contrast.4.png,0.437250554561615
shroom.contrast.5.png,0.437250554561615
shroom.fnoise.1.png,0.9373880624771118
shroom.fnoise.2.png,0.8942373394966125
shroom.fnoise.3.png,0.7102403044700623
shroom.fnoise.4.png,0.47008585929870605
shroom.fnoise.5.png,0.36197882890701294
shroom.JPEG.1.png,0.9397736191749573
shroom.JPEG.2.png,0.9163709878921509
shroom.JPEG.3.png,0.6945512294769287
shroom.JPEG.4.png,0.3794906437397003
shroom.JPEG.5.png,0.28528892993927
shroom.jpeg2000.1.png,0.9458735585212708
shroom.jpeg2000.2.png,0.9156104326248169
shroom.jpeg2000.3.png,0.6412295699119568
shroom.jpeg2000.4.png,0.3902270197868347
shroom.jpeg2000.5.png,0.28241512179374695
snow_leaves.AWGN.1.png,0.9467238783836365
snow_leaves.AWGN.2.png,0.9256404042243958
snow_leaves.AWGN.3.png,0.7561045289039612
snow_leaves.AWGN.4.png,0.5400100946426392
snow_leaves.AWGN.5.png,0.4143465757369995
snow_leaves.BLUR.1.png,0.9311539530754089
snow_leaves.BLUR.2.png,0.8736807703971863
snow_leaves.BLUR.3.png,0.6314583420753479
snow_leaves.BLUR.4.png,0.4286125898361206
snow_leaves.BLUR.5.png,0.3093913197517395
snow_leaves.contrast.1.png,0.915363073348999
snow_leaves.contrast.2.png,0.8498174548149109
snow_leaves.contrast.3.png,0.6034340262413025
snow_leaves.contrast.4.png,0.5270645618438721
snow_leaves.contrast.5.png,0.5270645618438721
snow_leaves.fnoise.1.png,0.9307102560997009
snow_leaves.fnoise.2.png,0.8852275013923645
snow_leaves.fnoise.3.png,0.6750993132591248
snow_leaves.fnoise.4.png,0.45394015312194824
snow_leaves.fnoise.5.png,0.3598145842552185
snow_leaves.JPEG.1.png,0.9470807313919067
snow_leaves.JPEG.2.png,0.927625298500061
snow_leaves.JPEG.3.png,0.7719221711158752
snow_leaves.JPEG.4.png,0.4429004192352295
snow_leaves.JPEG.5.png,0.3060078024864197
snow_leaves.jpeg2000.1.png,0.9482892155647278
snow_leaves.jpeg2000.2.png,0.9095013737678528
snow_leaves.jpeg2000.3.png,0.7266307473182678
snow_leaves.jpeg2000.4.png,0.42045530676841736
snow_leaves.jpeg2000.5.png,0.3052282929420471
sunsetcolor.AWGN.1.png,0.9226818680763245
sunsetcolor.AWGN.2.png,0.8241718411445618
sunsetcolor.AWGN.3.png,0.5962030291557312
sunsetcolor.AWGN.4.png,0.4179079532623291
sunsetcolor.AWGN.5.png,0.337258517742157
sunsetcolor.BLUR.1.png,0.8712679147720337
sunsetcolor.BLUR.2.png,0.583801805973053
sunsetcolor.BLUR.3.png,0.3291252851486206
sunsetcolor.BLUR.4.png,0.28927716612815857
sunsetcolor.BLUR.5.png,0.28102433681488037
sunsetcolor.contrast.1.png,0.8982200026512146
sunsetcolor.contrast.2.png,0.8238295912742615
sunsetcolor.contrast.3.png,0.6389068365097046
sunsetcolor.contrast.4.png,0.5723746418952942
sunsetcolor.contrast.5.png,0.5723746418952942
sunsetcolor.fnoise.1.png,0.874386727809906
sunsetcolor.fnoise.2.png,0.6744105219841003
sunsetcolor.fnoise.3.png,0.4426775574684143
sunsetcolor.fnoise.4.png,0.3355882167816162
sunsetcolor.fnoise.5.png,0.2930501401424408
sunsetcolor.JPEG.1.png,0.908840000629425
sunsetcolor.JPEG.2.png,0.5184032320976257
sunsetcolor.JPEG.3.png,0.3385773301124573
sunsetcolor.JPEG.4.png,0.2713032364845276
sunsetcolor.JPEG.5.png,0.2713032364845276
sunsetcolor.jpeg2000.1.png,0.8019941449165344
sunsetcolor.jpeg2000.2.png,0.5313368439674377
sunsetcolor.jpeg2000.3.png,0.3181114196777344
sunsetcolor.jpeg2000.4.png,0.2881578803062439
sunsetcolor.jpeg2000.5.png,0.2776619791984558
sunset_sparrow.AWGN.1.png,0.944555401802063
sunset_sparrow.AWGN.2.png,0.9039692878723145
sunset_sparrow.AWGN.3.png,0.7345892786979675
sunset_sparrow.AWGN.4.png,0.5436712503433228
sunset_sparrow.AWGN.5.png,0.425346314907074
sunset_sparrow.BLUR.1.png,0.9403212666511536
sunset_sparrow.BLUR.2.png,0.9261839985847473
sunset_sparrow.BLUR.3.png,0.7692813277244568
sunset_sparrow.BLUR.4.png,0.4075985252857208
sunset_sparrow.BLUR.5.png,0.26815956830978394
sunset_sparrow.contrast.1.png,0.9102306962013245
sunset_sparrow.contrast.2.png,0.838182270526886
sunset_sparrow.contrast.3.png,0.641654908657074
sunset_sparrow.contrast.4.png,0.514862060546875
sunset_sparrow.contrast.5.png,0.514862060546875
sunset_sparrow.fnoise.1.png,0.9217444062232971
sunset_sparrow.fnoise.2.png,0.7822155356407166
sunset_sparrow.fnoise.3.png,0.603356659412384
sunset_sparrow.fnoise.4.png,0.478303998708725
sunset_sparrow.fnoise.5.png,0.36851024627685547
sunset_sparrow.JPEG.1.png,0.9479174017906189
sunset_sparrow.JPEG.2.png,0.9494568705558777
sunset_sparrow.JPEG.3.png,0.8217719197273254
sunset_sparrow.JPEG.4.png,0.4151700735092163
sunset_sparrow.JPEG.5.png,0.30949655175209045
sunset_sparrow.jpeg2000.1.png,0.9403650760650635
sunset_sparrow.jpeg2000.2.png,0.8853814005851746
sunset_sparrow.jpeg2000.3.png,0.662915050983429
sunset_sparrow.jpeg2000.4.png,0.3831114172935486
sunset_sparrow.jpeg2000.5.png,0.2745697796344757
swarm.AWGN.1.png,0.9312995076179504
swarm.AWGN.2.png,0.867836058139801
swarm.AWGN.3.png,0.6957565546035767
swarm.AWGN.4.png,0.5299150943756104
swarm.AWGN.5.png,0.42207497358322144
swarm.BLUR.1.png,0.9016684889793396
swarm.BLUR.2.png,0.7507571578025818
swarm.BLUR.3.png,0.4766259491443634
swarm.BLUR.4.png,0.338789701461792
swarm.BLUR.5.png,0.3046036660671234
swarm.contrast.1.png,0.8585800528526306
swarm.contrast.2.png,0.621549665927887
swarm.contrast.3.png,0.37669098377227783
swarm.contrast.4.png,0.2925146818161011
swarm.contrast.5.png,0.2925146818161011
swarm.fnoise.1.png,0.9132823944091797
swarm.fnoise.2.png,0.7898735404014587
swarm.fnoise.3.png,0.5868654847145081
swarm.fnoise.4.png,0.44674187898635864
swarm.fnoise.5.png,0.3558861017227173
swarm.JPEG.1.png,0.9391733407974243
swarm.JPEG.2.png,0.766576886177063
swarm.JPEG.3.png,0.4065067768096924
swarm.JPEG.4.png,0.3800702691078186
swarm.JPEG.5.png,0.3125992715358734
swarm.jpeg2000.1.png,0.911766529083252
swarm.jpeg2000.2.png,0.701993465423584
swarm.jpeg2000.3.png,0.43607097864151
swarm.jpeg2000.4.png,0.32875555753707886
swarm.jpeg2000.5.png,0.3013458549976349
trolley.AWGN.1.png,0.9335508942604065
trolley.AWGN.2.png,0.9058962464332581
trolley.AWGN.3.png,0.7747370600700378
trolley.AWGN.4.png,0.5877813100814819
trolley.AWGN.5.png,0.4237724244594574
trolley.BLUR.1.png,0.9186068177223206
trolley.BLUR.2.png,0.899661123752594
trolley.BLUR.3.png,0.8091656565666199
trolley.BLUR.4.png,0.5608536601066589
trolley.BLUR.5.png,0.36333030462265015
trolley.contrast.1.png,0.8637276291847229
trolley.contrast.2.png,0.6885474920272827
trolley.contrast.3.png,0.42505568265914917
trolley.contrast.4.png,0.3699219226837158
trolley.contrast.5.png,0.3699219226837158
trolley.fnoise.1.png,0.9161630272865295
trolley.fnoise.2.png,0.8489452004432678
trolley.fnoise.3.png,0.6436007618904114
trolley.fnoise.4.png,0.4774414300918579
trolley.fnoise.5.png,0.3644914925098419
trolley.JPEG.1.png,0.9346811175346375
trolley.JPEG.2.png,0.9284881353378296
trolley.JPEG.3.png,0.8527827262878418
trolley.JPEG.4.png,0.5271075963973999
trolley.JPEG.5.png,0.380582332611084
trolley.jpeg2000.1.png,0.9375234246253967
trolley.jpeg2000.2.png,0.9090180993080139
trolley.jpeg2000.3.png,0.7352911233901978
trolley.jpeg2000.4.png,0.5021274089813232
trolley.jpeg2000.5.png,0.32839497923851013
turtle.AWGN.1.png,0.9441830515861511
turtle.AWGN.2.png,0.8865204453468323
turtle.AWGN.3.png,0.706303060054779
turtle.AWGN.4.png,0.4934311509132385
turtle.AWGN.5.png,0.39423274993896484
turtle.BLUR.1.png,0.8999515175819397
turtle.BLUR.2.png,0.7198653221130371
turtle.BLUR.3.png,0.44134682416915894
turtle.BLUR.4.png,0.3222002387046814
turtle.BLUR.5.png,0.30066731572151184
turtle.contrast.1.png,0.8968583941459656
turtle.contrast.2.png,0.7560731172561646
turtle.contrast.3.png,0.4669300615787506
turtle.contrast.4.png,0.3832875192165375
turtle.contrast.5.png,0.3832875192165375
turtle.fnoise.1.png,0.932898223400116
turtle.fnoise.2.png,0.8311890959739685
turtle.fnoise.3.png,0.5976420044898987
turtle.fnoise.4.png,0.42867258191108704
turtle.fnoise.5.png,0.348208487033844
turtle.JPEG.1.png,0.9450979828834534
turtle.JPEG.2.png,0.8345500826835632
turtle.JPEG.3.png,0.45470720529556274
turtle.JPEG.4.png,0.33660364151000977
turtle.JPEG.5.png,0.298972487449646
turtle.jpeg2000.1.png,0.9358832240104675
turtle.jpeg2000.2.png,0.7366925477981567
turtle.jpeg2000.3.png,0.4362903833389282
turtle.jpeg2000.4.png,0.3154347538948059
turtle.jpeg2000.5.png,0.29167604446411133
veggies.AWGN.1.png,0.9501947164535522
veggies.AWGN.2.png,0.9437597393989563
veggies.AWGN.3.png,0.8646172881126404
veggies.AWGN.4.png,0.6781074404716492
veggies.AWGN.5.png,0.5030734539031982
veggies.BLUR.1.png,0.9356509447097778
veggies.BLUR.2.png,0.8927056193351746
veggies.BLUR.3.png,0.6872710585594177
veggies.BLUR.4.png,0.4848421812057495
veggies.BLUR.5.png,0.3243773281574249
veggies.contrast.1.png,0.9101131558418274
veggies.contrast.2.png,0.8051910996437073
veggies.contrast.3.png,0.5788071751594543
veggies.contrast.4.png,0.5133946537971497
veggies.contrast.5.png,0.5133946537971497
veggies.fnoise.1.png,0.9342215657234192
veggies.fnoise.2.png,0.8966121077537537
veggies.fnoise.3.png,0.7688716053962708
veggies.fnoise.4.png,0.5661705136299133
veggies.fnoise.5.png,0.43665722012519836
veggies.JPEG.1.png,0.9458733201026917
veggies.JPEG.2.png,0.9447739720344543
veggies.JPEG.3.png,0.8518843054771423
veggies.JPEG.4.png,0.4570813775062561
veggies.JPEG.5.png,0.3244406580924988
veggies.jpeg2000.1.png,0.9507966637611389
veggies.jpeg2000.2.png,0.940008282661438
veggies.jpeg2000.3.png,0.8196115493774414
veggies.jpeg2000.4.png,0.4697093963623047
veggies.jpeg2000.5.png,0.31416529417037964
woman.AWGN.1.png,0.9389970302581787
woman.AWGN.2.png,0.8950079679489136
woman.AWGN.3.png,0.7303537726402283
woman.AWGN.4.png,0.537895679473877
woman.AWGN.5.png,0.40843021869659424
woman.BLUR.1.png,0.9202994704246521
woman.BLUR.2.png,0.8474641442298889
woman.BLUR.3.png,0.6489554047584534
woman.BLUR.4.png,0.37499213218688965
woman.BLUR.5.png,0.26813238859176636
woman.contrast.1.png,0.8882917761802673
woman.contrast.2.png,0.7326732873916626
woman.contrast.3.png,0.46485257148742676
woman.contrast.4.png,0.39093899726867676
woman.contrast.5.png,0.39093899726867676
woman.fnoise.1.png,0.9259796142578125
woman.fnoise.2.png,0.8476348519325256
woman.fnoise.3.png,0.626822292804718
woman.fnoise.4.png,0.4585539698600769
woman.fnoise.5.png,0.3665139377117157
woman.JPEG.1.png,0.9359503388404846
woman.JPEG.2.png,0.9256334900856018
woman.JPEG.3.png,0.700883150100708
woman.JPEG.4.png,0.41082778573036194
woman.JPEG.5.png,0.2850876748561859
woman.jpeg2000.1.png,0.9388359189033508
woman.jpeg2000.2.png,0.8912985324859619
woman.jpeg2000.3.png,0.6770773530006409
woman.jpeg2000.4.png,0.36901354789733887
woman.jpeg2000.5.png,0.2680644094944
