name,ssim
i01_01_1.bmp,0.9577571835183933
i01_01_2.bmp,0.9238795441723743
i01_01_3.bmp,0.8665126660978172
i01_01_4.bmp,0.7867165413171664
i01_01_5.bmp,0.6790874815242006
i01_02_1.bmp,0.9881086966050274
i01_02_2.bmp,0.9775798242497977
i01_02_3.bmp,0.9572067890746212
i01_02_4.bmp,0.9236973189954478
i01_02_5.bmp,0.8672581225698772
i01_03_1.bmp,0.9661480717444954
i01_03_2.bmp,0.9366788892643523
i01_03_3.bmp,0.890183856660876
i01_03_4.bmp,0.8177103229465241
i01_03_5.bmp,0.7201259515829442
i01_04_1.bmp,0.9810249516574024
i01_04_2.bmp,0.962965477207287
i01_04_3.bmp,0.9291043909499083
i01_04_4.bmp,0.8766025016105334
i01_04_5.bmp,0.7806861017610061
i01_05_1.bmp,0.956108290045832
i01_05_2.bmp,0.9209321357371666
i01_05_3.bmp,0.8139604149240596
i01_05_4.bmp,0.636342794047013
i01_05_5.bmp,0.40964781609905265
i01_06_1.bmp,0.9735093809052352
i01_06_2.bmp,0.9444488366459699
i01_06_3.bmp,0.8988591204286327
i01_06_4.bmp,0.8248114155308562
i01_06_5.bmp,0.7104310050664081
i01_07_1.bmp,0.9653779668336161
i01_07_2.bmp,0.9230073550471298
i01_07_3.bmp,0.8987031707811893
i01_07_4.bmp,0.8452496023253228
i01_07_5.bmp,0.7647436520298162
i01_08_1.bmp,0.9675154825379134
i01_08_2.bmp,0.8933611225364649
i01_08_3.bmp,0.7262784002148727
i01_08_4.bmp,0.5156008897743446
i01_08_5.bmp,0.3493807922721188
i01_09_1.bmp,0.9502156238254589
i01_09_2.bmp,0.9007904383651689
i01_09_3.bmp,0.7835045877010404
i01_09_4.bmp,0.6207617063305446
i01_09_5.bmp,0.40261466631557286
i01_10_1.bmp,0.9502245798586804
i01_10_2.bmp,0.9072188758253902
i01_10_3.bmp,0.8158391797390397
i01_10_4.bmp,0.6548109883627694
i01_10_5.bmp,0.5165108358921502
i01_11_1.bmp,0.9426173447710012
i01_11_2.bmp,0.8867407624008846
i01_11_3.bmp,0.8019921445747116
i01_11_4.bmp,0.6144702898521557
i01_11_5.bmp,0.3566618111413161
i01_12_1.bmp,0.9284582047884149
i01_12_2.bmp,0.9150174958129205
i01_12_3.bmp,0.8019075563037132
i01_12_4.bmp,0.6593726465633047
i01_12_5.bmp,0.4647385394894162
i01_13_1.bmp,0.9556683494634018
i01_13_2.bmp,0.8896626119036959
i01_13_3.bmp,0.8042313147922211
i01_13_4.bmp,0.6910580593288186
i01_13_5.bmp,0.6969947887682625
i01_14_1.bmp,0.9692974764005483
i01_14_2.bmp,0.9598686913501894
i01_14_3.bmp,0.928865838280858
i01_14_4.bmp,0.890199978177147
i01_14_5.bmp,0.8538691393936473
i01_15_1.bmp,0.949345054377866
i01_15_2.bmp,0.9564250747037724
i01_15_3.bmp,0.9654623801265048
i01_15_4.bmp,0.9748671506908337
i01_15_5.bmp,0.9870779263233073
i01_16_1.bmp,0.9974800851474229
i01_16_2.bmp,0.994508637582736
i01_16_3.bmp,0.9663354370728001
i01_16_4.bmp,0.9623437810420203
i01_16_5.bmp,0.8498066245274082
i01_17_1.bmp,0.9939356826481957
i01_17_2.bmp,0.980372252018308
i01_17_3.bmp,0.9629349908498082
i01_17_4.bmp,0.9210910820209183
i01_17_5.bmp,0.8331440679136392
i01_18_1.bmp,0.9991440639608766
i01_18_2.bmp,0.9992286785068017
i01_18_3.bmp,0.9991089357092671
i01_18_4.bmp,0.9992144924141412
i01_18_5.bmp,0.9992019623857742
i01_19_1.bmp,0.9654000406279722
i01_19_2.bmp,0.9355020333120861
i01_19_3.bmp,0.885232490025355
i01_19_4.bmp,0.8060880593727673
i01_19_5.bmp,0.6987180211193031
i01_20_1.bmp,0.9397669393583818
i01_20_2.bmp,0.8892233906742879
i01_20_3.bmp,0.8016297809675896
i01_20_4.bmp,0.6336012290676222
i01_20_5.bmp,0.3891607335151703
i01_21_1.bmp,0.943718405256918
i01_21_2.bmp,0.8968335188428711
i01_21_3.bmp,0.8196347173270507
i01_21_4.bmp,0.6991823863355033
i01_21_5.bmp,0.5356897159795315
i01_22_1.bmp,0.9479985427605363
i01_22_2.bmp,0.8964674001946991
i01_22_3.bmp,0.8309775628313184
i01_22_4.bmp,0.7788233382616326
i01_22_5.bmp,0.5334012181813853
i01_23_1.bmp,0.9932439226337376
i01_23_2.bmp,0.9778802165316943
i01_23_3.bmp,0.9543762522326029
i01_23_4.bmp,0.9140339615814832
i01_23_5.bmp,0.41612599274792356
i01_24_1.bmp,0.9390112510761343
i01_24_2.bmp,0.8775941974256989
i01_24_3.bmp,0.764467279122546
i01_24_4.bmp,0.5845476939646144
i01_24_5.bmp,0.3770025113927748
i02_01_1.bmp,0.9019091277171167
i02_01_2.bmp,0.8269787600782843
i02_01_3.bmp,0.7159392342674521
i02_01_4.bmp,0.5783648113683363
i02_01_5.bmp,0.43147422035078187
i02_02_1.bmp,0.9717875109566807
i02_02_2.bmp,0.9472449989381262
i02_02_3.bmp,0.9019356743225576
i02_02_4.bmp,0.8288129368945468
i02_02_5.bmp,0.717541330505905
i02_03_1.bmp,0.9208347162243904
i02_03_2.bmp,0.8587575526207841
i02_03_3.bmp,0.7619459922845435
i02_03_4.bmp,0.6302955611918258
i02_03_5.bmp,0.4874737604569685
i02_04_1.bmp,0.9587250606361709
i02_04_2.bmp,0.9223855698161667
i02_04_3.bmp,0.8590519841394416
i02_04_4.bmp,0.7548820990403027
i02_04_5.bmp,0.6038781565303436
i02_05_1.bmp,0.8987686067149964
i02_05_2.bmp,0.8229378677898682
i02_05_3.bmp,0.62295913574648
i02_05_4.bmp,0.385413733914314
i02_05_5.bmp,0.19871357926019076
i02_06_1.bmp,0.9372954312756949
i02_06_2.bmp,0.8945550123790915
i02_06_3.bmp,0.8008530920998608
i02_06_4.bmp,0.6522319112678268
i02_06_5.bmp,0.47040326068348126
i02_07_1.bmp,0.9346532207206537
i02_07_2.bmp,0.9040949944504357
i02_07_3.bmp,0.85994772173654
i02_07_4.bmp,0.847810635692825
i02_07_5.bmp,0.7853012486675208
i02_08_1.bmp,0.9793566813333918
i02_08_2.bmp,0.9363079520912858
i02_08_3.bmp,0.845117484243492
i02_08_4.bmp,0.7352541672531568
i02_08_5.bmp,0.6445770245701303
i02_09_1.bmp,0.9056177057094045
i02_09_2.bmp,0.8651892979036173
i02_09_3.bmp,0.7989224081608172
i02_09_4.bmp,0.7183479898391596
i02_09_5.bmp,0.6343977989640325
i02_10_1.bmp,0.9341383898933797
i02_10_2.bmp,0.8965065369644447
i02_10_3.bmp,0.8199019247422333
i02_10_4.bmp,0.7126719408887817
i02_10_5.bmp,0.6451385568188076
i02_11_1.bmp,0.8695087900871827
i02_11_2.bmp,0.7864816188327411
i02_11_3.bmp,0.6656249845733617
i02_11_4.bmp,0.6047120590499582
i02_11_5.bmp,0.582643074199829
i02_12_1.bmp,0.9847104561183705
i02_12_2.bmp,0.8025708728954604
i02_12_3.bmp,0.7762237400835841
i02_12_4.bmp,0.4551827844394575
i02_12_5.bmp,0.41485587854056727
i02_13_1.bmp,0.8340223167439007
i02_13_2.bmp,0.7706511067402589
i02_13_3.bmp,0.7092662319464094
i02_13_4.bmp,0.4278653890864298
i02_13_5.bmp,0.6275966147245775
i02_14_1.bmp,0.9238174253026518
i02_14_2.bmp,0.9697210776114873
i02_14_3.bmp,0.9400914426289382
i02_14_4.bmp,0.9175051606036898
i02_14_5.bmp,0.8845552625551912
i02_15_1.bmp,0.955112987542856
i02_15_2.bmp,0.9590426616006456
i02_15_3.bmp,0.9670121377120192
i02_15_4.bmp,0.9769760061752892
i02_15_5.bmp,0.9864231519746145
i02_16_1.bmp,0.9960080591804529
i02_16_2.bmp,0.9913426538819132
i02_16_3.bmp,0.9469088344629302
i02_16_4.bmp,0.942039810092607
i02_16_5.bmp,0.768284670991324
i02_17_1.bmp,0.9952060677256028
i02_17_2.bmp,0.9872391921079446
i02_17_3.bmp,0.976626598238319
i02_17_4.bmp,0.9548471648881612
i02_17_5.bmp,0.9012920512066266
i02_18_1.bmp,0.9979183868642645
i02_18_2.bmp,0.9979845740421871
i02_18_3.bmp,0.9979413408540142
i02_18_4.bmp,0.9980153876783032
i02_18_5.bmp,0.9979347889446613
i02_19_1.bmp,0.9235004533323644
i02_19_2.bmp,0.8624885552439561
i02_19_3.bmp,0.76953289887048
i02_19_4.bmp,0.642730437137467
i02_19_5.bmp,0.49596526291867826
i02_20_1.bmp,0.8457658566758002
i02_20_2.bmp,0.7259581212187491
i02_20_3.bmp,0.5418876547036713
i02_20_4.bmp,0.36991630489714655
i02_20_5.bmp,0.26813077995981094
i02_21_1.bmp,0.8669329228045018
i02_21_2.bmp,0.7775303691824488
i02_21_3.bmp,0.6450125162655863
i02_21_4.bmp,0.49677819531715495
i02_21_5.bmp,0.4322828696802095
i02_22_1.bmp,0.9143035138844976
i02_22_2.bmp,0.8417305694095628
i02_22_3.bmp,0.7377480707354973
i02_22_4.bmp,0.6604009882289108
i02_22_5.bmp,0.5654556745652181
i02_23_1.bmp,0.9801830920275187
i02_23_2.bmp,0.9334581192747553
i02_23_3.bmp,0.6930847501541442
i02_23_4.bmp,0.6044971759399
i02_23_5.bmp,0.5887829010985033
i02_24_1.bmp,0.8635538095763524
i02_24_2.bmp,0.7740476431085774
i02_24_3.bmp,0.669603137676247
i02_24_4.bmp,0.5994268793003397
i02_24_5.bmp,0.5766315020867391
i03_01_1.bmp,0.8727527512251675
i03_01_2.bmp,0.7826696720564895
i03_01_3.bmp,0.6557258902859552
i03_01_4.bmp,0.5110866495454085
i03_01_5.bmp,0.37313586954907146
i03_02_1.bmp,0.9623971989883611
i03_02_2.bmp,0.9296902621696098
i03_02_3.bmp,0.8716496989119584
i03_02_4.bmp,0.7808426851537917
i03_02_5.bmp,0.6555242080326328
i03_03_1.bmp,0.8961673213282644
i03_03_2.bmp,0.8218133140500538
i03_03_3.bmp,0.7063428932206688
i03_03_4.bmp,0.5697093497855827
i03_03_5.bmp,0.42926610258052983
i03_04_1.bmp,0.9607409791124335
i03_04_2.bmp,0.926981539425935
i03_04_3.bmp,0.8782331716434737
i03_04_4.bmp,0.7996300501140343
i03_04_5.bmp,0.6883581496952772
i03_05_1.bmp,0.8684174277683815
i03_05_2.bmp,0.7764359275985875
i03_05_3.bmp,0.557386293082287
i03_05_4.bmp,0.33163293526086524
i03_05_5.bmp,0.17052784194896978
i03_06_1.bmp,0.9294968830519927
i03_06_2.bmp,0.8643789134879443
i03_06_3.bmp,0.7589996948510744
i03_06_4.bmp,0.6031120288334642
i03_06_5.bmp,0.4277510840497625
i03_07_1.bmp,0.9367156445808749
i03_07_2.bmp,0.9010017949312805
i03_07_3.bmp,0.8564041081842105
i03_07_4.bmp,0.8573981778673754
i03_07_5.bmp,0.8076836769290878
i03_08_1.bmp,0.9880327238676755
i03_08_2.bmp,0.9643601349893164
i03_08_3.bmp,0.9148436673060895
i03_08_4.bmp,0.847941027829776
i03_08_5.bmp,0.7777445800853834
i03_09_1.bmp,0.9597770478957146
i03_09_2.bmp,0.9406810562716466
i03_09_3.bmp,0.900529869379826
i03_09_4.bmp,0.8379361988282018
i03_09_5.bmp,0.7662223195966904
i03_10_1.bmp,0.9637106290667077
i03_10_2.bmp,0.9422511788406784
i03_10_3.bmp,0.892686605431244
i03_10_4.bmp,0.8124413472664165
i03_10_5.bmp,0.7429882630938272
i03_11_1.bmp,0.9120850392589819
i03_11_2.bmp,0.8472036208052709
i03_11_3.bmp,0.782001007522259
i03_11_4.bmp,0.7237283141963506
i03_11_5.bmp,0.699733778056538
i03_12_1.bmp,0.8732496993257726
i03_12_2.bmp,0.8299510153861105
i03_12_3.bmp,0.8050783804830012
i03_12_4.bmp,0.7191603405440229
i03_12_5.bmp,0.6021511362657163
i03_13_1.bmp,0.8690629290808437
i03_13_2.bmp,0.7625823080375939
i03_13_3.bmp,0.6762284355650579
i03_13_4.bmp,0.49315069318001525
i03_13_5.bmp,0.3833840523667671
i03_14_1.bmp,0.9468948046594294
i03_14_2.bmp,0.9699400766120528
i03_14_3.bmp,0.9501674252099404
i03_14_4.bmp,0.9325219302426148
i03_14_5.bmp,0.9173188223790063
i03_15_1.bmp,0.954734237786692
i03_15_2.bmp,0.9639206987863227
i03_15_3.bmp,0.972777383114676
i03_15_4.bmp,0.9810560299393959
i03_15_5.bmp,0.9873811143888731
i03_16_1.bmp,0.9967519903155683
i03_16_2.bmp,0.9925585809117073
i03_16_3.bmp,0.9565655921659321
i03_16_4.bmp,0.9488360783210706
i03_16_5.bmp,0.8002808530824715
i03_17_1.bmp,0.995074070845823
i03_17_2.bmp,0.9860926589751103
i03_17_3.bmp,0.9801105347227105
i03_17_4.bmp,0.9479632969075673
i03_17_5.bmp,0.9205247523726818
i03_18_1.bmp,0.997010675715642
i03_18_2.bmp,0.9970677988403494
i03_18_3.bmp,0.9971523539711761
i03_18_4.bmp,0.9969342481133411
i03_18_5.bmp,0.9969899686262172
i03_19_1.bmp,0.8794204423883849
i03_19_2.bmp,0.7956024389311527
i03_19_3.bmp,0.6796570647816599
i03_19_4.bmp,0.5435648351664399
i03_19_5.bmp,0.40316350959987063
i03_20_1.bmp,0.8775349931731528
i03_20_2.bmp,0.7995195212261117
i03_20_3.bmp,0.6895753911930758
i03_20_4.bmp,0.5826186569945404
i03_20_5.bmp,0.5051239504949504
i03_21_1.bmp,0.8786862052580537
i03_21_2.bmp,0.7876222724376128
i03_21_3.bmp,0.6529467740051453
i03_21_4.bmp,0.5008118070273094
i03_21_5.bmp,0.42327353351251823
i03_22_1.bmp,0.886542225450105
i03_22_2.bmp,0.8166636802782832
i03_22_3.bmp,0.7228329776595084
i03_22_4.bmp,0.5710857255043267
i03_22_5.bmp,0.5188116836284885
i03_23_1.bmp,0.9883947641430284
i03_23_2.bmp,0.9635225817884936
i03_23_3.bmp,0.8217910229583517
i03_23_4.bmp,0.7537396363277991
i03_23_5.bmp,0.7200102671545134
i03_24_1.bmp,0.8937822563435928
i03_24_2.bmp,0.8403127559309734
i03_24_3.bmp,0.7756854874662703
i03_24_4.bmp,0.7123805809981513
i03_24_5.bmp,0.6919144339064537
i04_01_1.bmp,0.8903396340773023
i04_01_2.bmp,0.8086507676957837
i04_01_3.bmp,0.6866408117205958
i04_01_4.bmp,0.5406554069261044
i04_01_5.bmp,0.39034830197460146
i04_02_1.bmp,0.968467086126666
i04_02_2.bmp,0.9410090477786315
i04_02_3.bmp,0.8900320738044107
i04_02_4.bmp,0.8096228014449945
i04_02_5.bmp,0.6862418886790809
i04_03_1.bmp,0.9108515789676717
i04_03_2.bmp,0.8430423649880852
i04_03_3.bmp,0.735176121072522
i04_03_4.bmp,0.6011346478027627
i04_03_5.bmp,0.44678037776684454
i04_04_1.bmp,0.9533461401391798
i04_04_2.bmp,0.9132100327142314
i04_04_3.bmp,0.8499771068549669
i04_04_4.bmp,0.7381370417529711
i04_04_5.bmp,0.577434196751809
i04_05_1.bmp,0.8876210080429109
i04_05_2.bmp,0.8040947301677016
i04_05_3.bmp,0.5886550594077283
i04_05_4.bmp,0.34428215848228116
i04_05_5.bmp,0.1629722775204941
i04_06_1.bmp,0.9397176268804895
i04_06_2.bmp,0.8888307341847257
i04_06_3.bmp,0.798897203445907
i04_06_4.bmp,0.6526296077734167
i04_06_5.bmp,0.4623404613026556
i04_07_1.bmp,0.9169373553381107
i04_07_2.bmp,0.8781518931949922
i04_07_3.bmp,0.8509251265489776
i04_07_4.bmp,0.7800366784799436
i04_07_5.bmp,0.6605246277135541
i04_08_1.bmp,0.9849245491022575
i04_08_2.bmp,0.9562791682486971
i04_08_3.bmp,0.8980877730057316
i04_08_4.bmp,0.8209330661673966
i04_08_5.bmp,0.7419375809639535
i04_09_1.bmp,0.9128231979473599
i04_09_2.bmp,0.8810096964408575
i04_09_3.bmp,0.8359237035809903
i04_09_4.bmp,0.7772421501320291
i04_09_5.bmp,0.7150986407425881
i04_10_1.bmp,0.9416213158937087
i04_10_2.bmp,0.9115036865500562
i04_10_3.bmp,0.8472124278946525
i04_10_4.bmp,0.7416115292095411
i04_10_5.bmp,0.668701804321309
i04_11_1.bmp,0.8466603473835075
i04_11_2.bmp,0.7729244782349165
i04_11_3.bmp,0.718373220397176
i04_11_4.bmp,0.6707604293903331
i04_11_5.bmp,0.644114269863906
i04_12_1.bmp,0.9251011374514408
i04_12_2.bmp,0.80160850619196
i04_12_3.bmp,0.6774670974353653
i04_12_4.bmp,0.6073760481608276
i04_12_5.bmp,0.5129674560515376
i04_13_1.bmp,0.8360040505794387
i04_13_2.bmp,0.7373298469107399
i04_13_3.bmp,0.5798617727051003
i04_13_4.bmp,0.6177867763777434
i04_13_5.bmp,0.37667963819278005
i04_14_1.bmp,0.9032019755930891
i04_14_2.bmp,0.974782298100215
i04_14_3.bmp,0.949940856817246
i04_14_4.bmp,0.9352044702263519
i04_14_5.bmp,0.903689447348165
i04_15_1.bmp,0.9601580032582698
i04_15_2.bmp,0.9669421514928123
i04_15_3.bmp,0.9726710908752806
i04_15_4.bmp,0.9800798103957747
i04_15_5.bmp,0.9871518239625308
i04_16_1.bmp,0.9957004365839935
i04_16_2.bmp,0.9918654123663977
i04_16_3.bmp,0.9493731540302742
i04_16_4.bmp,0.9482282733346351
i04_16_5.bmp,0.7914670685940559
i04_17_1.bmp,0.9942748419527848
i04_17_2.bmp,0.9832492390518335
i04_17_3.bmp,0.97478306686712
i04_17_4.bmp,0.939824597599852
i04_17_5.bmp,0.901644496658453
i04_18_1.bmp,0.9975986206662941
i04_18_2.bmp,0.9976520726974867
i04_18_3.bmp,0.9974779918884924
i04_18_4.bmp,0.9975525708303404
i04_18_5.bmp,0.9977550487343215
i04_19_1.bmp,0.8996111039888097
i04_19_2.bmp,0.8285463762902722
i04_19_3.bmp,0.7254230537047349
i04_19_4.bmp,0.5971925168397247
i04_19_5.bmp,0.4549421279537994
i04_20_1.bmp,0.8112191335235596
i04_20_2.bmp,0.6703478792737094
i04_20_3.bmp,0.5101370129649573
i04_20_4.bmp,0.3952711400137506
i04_20_5.bmp,0.3195840816134815
i04_21_1.bmp,0.8545647103305495
i04_21_2.bmp,0.7617260738947901
i04_21_3.bmp,0.6286861625755642
i04_21_4.bmp,0.48691258541983645
i04_21_5.bmp,0.4631900629261737
i04_22_1.bmp,0.8844157616125493
i04_22_2.bmp,0.7878358989552493
i04_22_3.bmp,0.6755791241320126
i04_22_4.bmp,0.5119221855703283
i04_22_5.bmp,0.4739524371200317
i04_23_1.bmp,0.9709092903775586
i04_23_2.bmp,0.8624953620688347
i04_23_3.bmp,0.7530978961569477
i04_23_4.bmp,0.7104053109059125
i04_23_5.bmp,0.6549013431234697
i04_24_1.bmp,0.8353409680158824
i04_24_2.bmp,0.7670890559259842
i04_24_3.bmp,0.704430704372962
i04_24_4.bmp,0.6667374772856293
i04_24_5.bmp,0.6425694105994582
i05_01_1.bmp,0.9626777609997563
i05_01_2.bmp,0.9314694933558344
i05_01_3.bmp,0.882240878489383
i05_01_4.bmp,0.8113323177735744
i05_01_5.bmp,0.7168608931202297
i05_02_1.bmp,0.9894647346271456
i05_02_2.bmp,0.9801958462029216
i05_02_3.bmp,0.9625234561417054
i05_02_4.bmp,0.9323613817896248
i05_02_5.bmp,0.8817728812902372
i05_03_1.bmp,0.9695745518775531
i05_03_2.bmp,0.9436997115919576
i05_03_3.bmp,0.9017596640548695
i05_03_4.bmp,0.8370566115599221
i05_03_5.bmp,0.7474821520092839
i05_04_1.bmp,0.9853732573384887
i05_04_2.bmp,0.9724563231953801
i05_04_3.bmp,0.9464503757019231
i05_04_4.bmp,0.9014595314623208
i05_04_5.bmp,0.8258612079715407
i05_05_1.bmp,0.9613379353111001
i05_05_2.bmp,0.9302084666059548
i05_05_3.bmp,0.8357273481609325
i05_05_4.bmp,0.6811553838428521
i05_05_5.bmp,0.4788161584454101
i05_06_1.bmp,0.971780604928749
i05_06_2.bmp,0.940310719462325
i05_06_3.bmp,0.8866037415604892
i05_06_4.bmp,0.8044374925992944
i05_06_5.bmp,0.6897354704914764
i05_07_1.bmp,0.9709099772077427
i05_07_2.bmp,0.9478516620702931
i05_07_3.bmp,0.9072762731300267
i05_07_4.bmp,0.8338472248922815
i05_07_5.bmp,0.7525274803099383
i05_08_1.bmp,0.9798722926154954
i05_08_2.bmp,0.9347938502864955
i05_08_3.bmp,0.8180036339598534
i05_08_4.bmp,0.6209861724878046
i05_08_5.bmp,0.4027809352874511
i05_09_1.bmp,0.971647979495583
i05_09_2.bmp,0.9507021085625235
i05_09_3.bmp,0.8846136731797606
i05_09_4.bmp,0.7130815099471305
i05_09_5.bmp,0.46289638546192347
i05_10_1.bmp,0.9672121941199606
i05_10_2.bmp,0.9379491519652182
i05_10_3.bmp,0.8665329792486729
i05_10_4.bmp,0.7284936677329515
i05_10_5.bmp,0.5843660000390049
i05_11_1.bmp,0.9695253537286588
i05_11_2.bmp,0.935679660650873
i05_11_3.bmp,0.8818092722797061
i05_11_4.bmp,0.785339754287559
i05_11_5.bmp,0.5888885127615779
i05_12_1.bmp,0.9754011156011643
i05_12_2.bmp,0.9663345492052475
i05_12_3.bmp,0.9134451673100985
i05_12_4.bmp,0.8745525281511263
i05_12_5.bmp,0.5883758176432304
i05_13_1.bmp,0.9440131191400314
i05_13_2.bmp,0.9777183305160615
i05_13_3.bmp,0.8354627229271399
i05_13_4.bmp,0.7494335472137568
i05_13_5.bmp,0.5709451528103451
i05_14_1.bmp,0.9789576738540666
i05_14_2.bmp,0.9686432887380279
i05_14_3.bmp,0.9309247409028268
i05_14_4.bmp,0.8990803554262841
i05_14_5.bmp,0.8551515972845445
i05_15_1.bmp,0.94590327346291
i05_15_2.bmp,0.9563342582217552
i05_15_3.bmp,0.9663810458927006
i05_15_4.bmp,0.977506813122372
i05_15_5.bmp,0.9880225756258717
i05_16_1.bmp,0.9918562385887115
i05_16_2.bmp,0.9857939386733869
i05_16_3.bmp,0.9001638075379168
i05_16_4.bmp,0.9192385244931635
i05_16_5.bmp,0.688275988442733
i05_17_1.bmp,0.9916258624652159
i05_17_2.bmp,0.9653501441264366
i05_17_3.bmp,0.9518944883703383
i05_17_4.bmp,0.8831492650507287
i05_17_5.bmp,0.8046254811305551
i05_18_1.bmp,0.9991499480758035
i05_18_2.bmp,0.9991798403967723
i05_18_3.bmp,0.999140728027614
i05_18_4.bmp,0.9991482820876482
i05_18_5.bmp,0.9991924541565074
i05_19_1.bmp,0.9703329784962003
i05_19_2.bmp,0.9475264941098847
i05_19_3.bmp,0.9096911940044758
i05_19_4.bmp,0.8528137022949839
i05_19_5.bmp,0.7740456899893999
i05_20_1.bmp,0.9549574391668321
i05_20_2.bmp,0.9217490540956069
i05_20_3.bmp,0.8648888770914279
i05_20_4.bmp,0.7615540979482498
i05_20_5.bmp,0.5938131162427929
i05_21_1.bmp,0.9521038783733102
i05_21_2.bmp,0.9131184774526309
i05_21_3.bmp,0.8505277825558333
i05_21_4.bmp,0.7558218342307201
i05_21_5.bmp,0.6015504876501521
i05_22_1.bmp,0.9638916022013476
i05_22_2.bmp,0.9308066738881571
i05_22_3.bmp,0.8818761394421581
i05_22_4.bmp,0.7877888295235791
i05_22_5.bmp,0.6793313796105793
i05_23_1.bmp,0.9967517573087583
i05_23_2.bmp,0.9904391400481203
i05_23_3.bmp,0.9817320880382394
i05_23_4.bmp,0.969535186014049
i05_23_5.bmp,0.9439824672756869
i05_24_1.bmp,0.9630942584474158
i05_24_2.bmp,0.928367001647372
i05_24_3.bmp,0.8609819745604745
i05_24_4.bmp,0.7470002742405948
i05_24_5.bmp,0.5746443120886121
i06_01_1.bmp,0.9504841886000763
i06_01_2.bmp,0.911046532761626
i06_01_3.bmp,0.8480138823303557
i06_01_4.bmp,0.7620106518948431
i06_01_5.bmp,0.650547223197706
i06_02_1.bmp,0.9849189876526542
i06_02_2.bmp,0.9718372741435166
i06_02_3.bmp,0.9475188391168567
i06_02_4.bmp,0.9067427302653075
i06_02_5.bmp,0.8429222687573211
i06_03_1.bmp,0.9596350216845756
i06_03_2.bmp,0.9270833871745771
i06_03_3.bmp,0.8729236178364927
i06_03_4.bmp,0.7984087552336733
i06_03_5.bmp,0.6959725630146023
i06_04_1.bmp,0.9829905208888964
i06_04_2.bmp,0.9681147711023108
i06_04_3.bmp,0.9389422873996027
i06_04_4.bmp,0.8843207340244083
i06_04_5.bmp,0.8093460729885671
i06_05_1.bmp,0.9482219406411123
i06_05_2.bmp,0.9081369788575586
i06_05_3.bmp,0.7910822899368025
i06_05_4.bmp,0.6075653817792681
i06_05_5.bmp,0.38665683776479076
i06_06_1.bmp,0.9610407320052274
i06_06_2.bmp,0.9204675902599082
i06_06_3.bmp,0.854790458281876
i06_06_4.bmp,0.7589878299077254
i06_06_5.bmp,0.6321101616309528
i06_07_1.bmp,0.9673038425703652
i06_07_2.bmp,0.9442948253107764
i06_07_3.bmp,0.9137031843592016
i06_07_4.bmp,0.8639844159982972
i06_07_5.bmp,0.8077118031579699
i06_08_1.bmp,0.9717945474371473
i06_08_2.bmp,0.9060621729215309
i06_08_3.bmp,0.7559255806570684
i06_08_4.bmp,0.5668499157137389
i06_08_5.bmp,0.4168184349868452
i06_09_1.bmp,0.9572282949878448
i06_09_2.bmp,0.9246285877695496
i06_09_3.bmp,0.8349964866375506
i06_09_4.bmp,0.6700310008662497
i06_09_5.bmp,0.4599301980150081
i06_10_1.bmp,0.958894533499289
i06_10_2.bmp,0.9242040803190694
i06_10_3.bmp,0.8444698495598852
i06_10_4.bmp,0.696308549496541
i06_10_5.bmp,0.5552688616592876
i06_11_1.bmp,0.946993915189008
i06_11_2.bmp,0.8955481040275346
i06_11_3.bmp,0.8087986591212254
i06_11_4.bmp,0.6360059624934444
i06_11_5.bmp,0.40050622756326315
i06_12_1.bmp,0.9409027376154292
i06_12_2.bmp,0.8965527966938032
i06_12_3.bmp,0.8465921139829033
i06_12_4.bmp,0.7579709802208051
i06_12_5.bmp,0.5653530266323485
i06_13_1.bmp,0.9117345058874545
i06_13_2.bmp,0.9082728457690209
i06_13_3.bmp,0.7994245847492818
i06_13_4.bmp,0.6295968125072591
i06_13_5.bmp,0.5227031702071601
i06_14_1.bmp,0.9733522754642576
i06_14_2.bmp,0.9640002072438818
i06_14_3.bmp,0.9250135771437715
i06_14_4.bmp,0.8937251751253071
i06_14_5.bmp,0.8601299739174463
i06_15_1.bmp,0.9488980081027982
i06_15_2.bmp,0.957404438362974
i06_15_3.bmp,0.9670612658434098
i06_15_4.bmp,0.9767058370056293
i06_15_5.bmp,0.986911889868053
i06_16_1.bmp,0.9980795350788838
i06_16_2.bmp,0.9947613668292661
i06_16_3.bmp,0.9744168936844347
i06_16_4.bmp,0.9653695488487416
i06_16_5.bmp,0.8840359178556594
i06_17_1.bmp,0.9935255082036069
i06_17_2.bmp,0.9766593724859075
i06_17_3.bmp,0.9632715120284236
i06_17_4.bmp,0.9114374722827335
i06_17_5.bmp,0.8412854217392889
i06_18_1.bmp,0.9988890566984652
i06_18_2.bmp,0.9989735082936656
i06_18_3.bmp,0.9989082410361448
i06_18_4.bmp,0.9990307486590592
i06_18_5.bmp,0.9989776871969166
i06_19_1.bmp,0.9317375019816151
i06_19_2.bmp,0.8891518527846322
i06_19_3.bmp,0.8315264135714623
i06_19_4.bmp,0.7544048282448692
i06_19_5.bmp,0.6557745925485358
i06_20_1.bmp,0.9360832934276176
i06_20_2.bmp,0.8902679197185857
i06_20_3.bmp,0.8069164169404263
i06_20_4.bmp,0.6651887603257689
i06_20_5.bmp,0.4395140786834056
i06_21_1.bmp,0.9432228649250604
i06_21_2.bmp,0.9000265452400403
i06_21_3.bmp,0.8313602569476103
i06_21_4.bmp,0.7259063683885036
i06_21_5.bmp,0.5646770907375026
i06_22_1.bmp,0.9353714757103162
i06_22_2.bmp,0.8836127743403724
i06_22_3.bmp,0.7853299874315378
i06_22_4.bmp,0.732596783916162
i06_22_5.bmp,0.6172269842506327
i06_23_1.bmp,0.9948984158494311
i06_23_2.bmp,0.9835148195056744
i06_23_3.bmp,0.9650164437248693
i06_23_4.bmp,0.9392198577188325
i06_23_5.bmp,0.449373136232696
i06_24_1.bmp,0.9436920245411535
i06_24_2.bmp,0.8920014066286622
i06_24_3.bmp,0.7945028942523182
i06_24_4.bmp,0.6270071095637123
i06_24_5.bmp,0.3965978990980191
i07_01_1.bmp,0.9200989585365109
i07_01_2.bmp,0.8604427269720417
i07_01_3.bmp,0.7713566985309462
i07_01_4.bmp,0.662208801392685
i07_01_5.bmp,0.5383374088635664
i07_02_1.bmp,0.9769043625333315
i07_02_2.bmp,0.956892355706291
i07_02_3.bmp,0.9195383959456435
i07_02_4.bmp,0.8602455035510843
i07_02_5.bmp,0.7716884366518338
i07_03_1.bmp,0.9356933834807614
i07_03_2.bmp,0.8856951612787461
i07_03_3.bmp,0.8081323615136169
i07_03_4.bmp,0.7046217921359853
i07_03_5.bmp,0.5824996986297468
i07_04_1.bmp,0.9733463897919655
i07_04_2.bmp,0.9489820640503199
i07_04_3.bmp,0.9075368950572023
i07_04_4.bmp,0.8346391336340108
i07_04_5.bmp,0.73302147286955
i07_05_1.bmp,0.9176020419992895
i07_05_2.bmp,0.8567923470786414
i07_05_3.bmp,0.6976518281016971
i07_05_4.bmp,0.494851787413266
i07_05_5.bmp,0.2964421749463967
i07_06_1.bmp,0.9539024818186075
i07_06_2.bmp,0.9123748107279426
i07_06_3.bmp,0.844648080741407
i07_06_4.bmp,0.7349146247505051
i07_06_5.bmp,0.5896269310941938
i07_07_1.bmp,0.9544899674170504
i07_07_2.bmp,0.9320945926117487
i07_07_3.bmp,0.8715278834905822
i07_07_4.bmp,0.816315126605959
i07_07_5.bmp,0.7765092372016387
i07_08_1.bmp,0.9907293797300712
i07_08_2.bmp,0.9715973543412798
i07_08_3.bmp,0.9221769202052241
i07_08_4.bmp,0.8129842561007599
i07_08_5.bmp,0.5940008300844497
i07_09_1.bmp,0.9719138981402986
i07_09_2.bmp,0.9569861036460137
i07_09_3.bmp,0.9208705881155769
i07_09_4.bmp,0.8427393036061624
i07_09_5.bmp,0.7061465625201337
i07_10_1.bmp,0.9729200902662761
i07_10_2.bmp,0.9554451450273064
i07_10_3.bmp,0.9126931509224223
i07_10_4.bmp,0.8134396686961222
i07_10_5.bmp,0.7187318115588395
i07_11_1.bmp,0.9431614625185235
i07_11_2.bmp,0.8956218501565083
i07_11_3.bmp,0.8176445657613577
i07_11_4.bmp,0.7014280937273778
i07_11_5.bmp,0.5583345632706999
i07_12_1.bmp,0.9859514951049295
i07_12_2.bmp,0.8990210465905947
i07_12_3.bmp,0.8018247477512302
i07_12_4.bmp,0.7014254764498503
i07_12_5.bmp,0.5571363415361824
i07_13_1.bmp,0.9242271272185327
i07_13_2.bmp,0.8197377848767784
i07_13_3.bmp,0.7161534510530454
i07_13_4.bmp,0.6270497158043232
i07_13_5.bmp,0.45125595733016327
i07_14_1.bmp,0.9710304965945907
i07_14_2.bmp,0.9744288649422814
i07_14_3.bmp,0.9453188737993662
i07_14_4.bmp,0.9243458286291341
i07_14_5.bmp,0.906009574409895
i07_15_1.bmp,0.9522721756442213
i07_15_2.bmp,0.959048029941245
i07_15_3.bmp,0.9676898733385288
i07_15_4.bmp,0.9766723326086255
i07_15_5.bmp,0.9879421170700039
i07_16_1.bmp,0.9972241662277654
i07_16_2.bmp,0.9938935374702075
i07_16_3.bmp,0.9627081705369447
i07_16_4.bmp,0.95812006523485
i07_16_5.bmp,0.8323229787988811
i07_17_1.bmp,0.9947247112429508
i07_17_2.bmp,0.9844004656324477
i07_17_3.bmp,0.9705343792805469
i07_17_4.bmp,0.9379211012265318
i07_17_5.bmp,0.8723827625521682
i07_18_1.bmp,0.9983246955235588
i07_18_2.bmp,0.9984508046633854
i07_18_3.bmp,0.9982603135461157
i07_18_4.bmp,0.9982439444262161
i07_18_5.bmp,0.9982749430735866
i07_19_1.bmp,0.9092876790624999
i07_19_2.bmp,0.848876861293456
i07_19_3.bmp,0.7638173387840269
i07_19_4.bmp,0.662809926696645
i07_19_5.bmp,0.5522042553236917
i07_20_1.bmp,0.9207250701063037
i07_20_2.bmp,0.8709501204434562
i07_20_3.bmp,0.7881836231844404
i07_20_4.bmp,0.6735402423947051
i07_20_5.bmp,0.5265669638190758
i07_21_1.bmp,0.9178460865330118
i07_21_2.bmp,0.8610468880829897
i07_21_3.bmp,0.7623231725330429
i07_21_4.bmp,0.6393574304620769
i07_21_5.bmp,0.47179669389420553
i07_22_1.bmp,0.9194145839187267
i07_22_2.bmp,0.8556473173208289
i07_22_3.bmp,0.7427590424772629
i07_22_4.bmp,0.6541077577297464
i07_22_5.bmp,0.5849495381665801
i07_23_1.bmp,0.9931819227490806
i07_23_2.bmp,0.9776090297761008
i07_23_3.bmp,0.8932412046311208
i07_23_4.bmp,0.8647592813248751
i07_23_5.bmp,0.6965303238459744
i07_24_1.bmp,0.932645561454867
i07_24_2.bmp,0.8869135384575036
i07_24_3.bmp,0.8135800242698994
i07_24_4.bmp,0.7071672648802619
i07_24_5.bmp,0.5676246094588014
i08_01_1.bmp,0.9611676748883672
i08_01_2.bmp,0.9296926867816653
i08_01_3.bmp,0.8784465007965083
i08_01_4.bmp,0.8063492089667611
i08_01_5.bmp,0.7125403523602526
i08_02_1.bmp,0.9890245006245322
i08_02_2.bmp,0.9792097688982466
i08_02_3.bmp,0.9608394485397335
i08_02_4.bmp,0.9287726580035535
i08_02_5.bmp,0.8771642463399415
i08_03_1.bmp,0.9689234328838626
i08_03_2.bmp,0.9437966263450448
i08_03_3.bmp,0.8994710851134353
i08_03_4.bmp,0.8353034960333425
i08_03_5.bmp,0.74918897397745
i08_04_1.bmp,0.9889680960785646
i08_04_2.bmp,0.9795490852132895
i08_04_3.bmp,0.9604675991369014
i08_04_4.bmp,0.9253762222536169
i08_04_5.bmp,0.8652135456563627
i08_05_1.bmp,0.960004600320966
i08_05_2.bmp,0.927788946620701
i08_05_3.bmp,0.8310682295787594
i08_05_4.bmp,0.6770471198808263
i08_05_5.bmp,0.4838707673090173
i08_06_1.bmp,0.9707152452979873
i08_06_2.bmp,0.9436619045941346
i08_06_3.bmp,0.8843640206764186
i08_06_4.bmp,0.796379703427303
i08_06_5.bmp,0.6772497709581229
i08_07_1.bmp,0.9655740418678287
i08_07_2.bmp,0.9418249433035123
i08_07_3.bmp,0.91130081371591
i08_07_4.bmp,0.8661873639052751
i08_07_5.bmp,0.7787992741949191
i08_08_1.bmp,0.9725322627170168
i08_08_2.bmp,0.9084648690122953
i08_08_3.bmp,0.7580384591037364
i08_08_4.bmp,0.5582515510489933
i08_08_5.bmp,0.3863506225276738
i08_09_1.bmp,0.951451882544015
i08_09_2.bmp,0.9258900249027239
i08_09_3.bmp,0.8710200892082344
i08_09_4.bmp,0.7631396860472661
i08_09_5.bmp,0.5338990485061491
i08_10_1.bmp,0.9560492955296604
i08_10_2.bmp,0.9250789155970152
i08_10_3.bmp,0.8543863895273344
i08_10_4.bmp,0.7233007239396329
i08_10_5.bmp,0.5971637801332358
i08_11_1.bmp,0.9483883012399685
i08_11_2.bmp,0.9071164090736945
i08_11_3.bmp,0.8311448258853565
i08_11_4.bmp,0.7531633862305503
i08_11_5.bmp,0.5749727950712
i08_12_1.bmp,0.988691518553945
i08_12_2.bmp,0.9786551899611883
i08_12_3.bmp,0.9439996834570944
i08_12_4.bmp,0.9047018999130416
i08_12_5.bmp,0.88823101379494
i08_13_1.bmp,0.9501424910314109
i08_13_2.bmp,0.8997605251351011
i08_13_3.bmp,0.9050176993834538
i08_13_4.bmp,0.7207331226770209
i08_13_5.bmp,0.6635323986732204
i08_14_1.bmp,0.9821016697726247
i08_14_2.bmp,0.9681244287302175
i08_14_3.bmp,0.934349011043085
i08_14_4.bmp,0.9012977374657637
i08_14_5.bmp,0.8659922510319066
i08_15_1.bmp,0.9450956198313378
i08_15_2.bmp,0.9558829367143714
i08_15_3.bmp,0.9670930227236358
i08_15_4.bmp,0.9782836256425709
i08_15_5.bmp,0.9895073121007291
i08_16_1.bmp,0.9970279443397569
i08_16_2.bmp,0.9926208542155212
i08_16_3.bmp,0.9591766740996839
i08_16_4.bmp,0.9455327983586881
i08_16_5.bmp,0.8317041614062137
i08_17_1.bmp,0.9926238660378418
i08_17_2.bmp,0.9689863010935944
i08_17_3.bmp,0.9557835286263502
i08_17_4.bmp,0.8807133721170598
i08_17_5.bmp,0.81517398121103
i08_18_1.bmp,0.9991214475616079
i08_18_2.bmp,0.9991815444008508
i08_18_3.bmp,0.999200134050163
i08_18_4.bmp,0.9992134871045333
i08_18_5.bmp,0.9988896573294732
i08_19_1.bmp,0.9563967865472585
i08_19_2.bmp,0.9274118825260654
i08_19_3.bmp,0.8865865901883283
i08_19_4.bmp,0.8296712247214353
i08_19_5.bmp,0.7535530113008649
i08_20_1.bmp,0.9347086636244287
i08_20_2.bmp,0.8882004393676406
i08_20_3.bmp,0.813774358808376
i08_20_4.bmp,0.6952529836101301
i08_20_5.bmp,0.5376590777150477
i08_21_1.bmp,0.9438326482171004
i08_21_2.bmp,0.9026463129314561
i08_21_3.bmp,0.8436899714622301
i08_21_4.bmp,0.756359722523689
i08_21_5.bmp,0.6291012162382672
i08_22_1.bmp,0.9560065329559012
i08_22_2.bmp,0.9089554004573528
i08_22_3.bmp,0.8480884347072746
i08_22_4.bmp,0.7775465735347439
i08_22_5.bmp,0.7288904034181958
i08_23_1.bmp,0.9973128779112188
i08_23_2.bmp,0.9921344246732693
i08_23_3.bmp,0.9839011059755818
i08_23_4.bmp,0.9748555381015228
i08_23_5.bmp,0.958230845473426
i08_24_1.bmp,0.9502153415377048
i08_24_2.bmp,0.9100964434972131
i08_24_3.bmp,0.8463813001286947
i08_24_4.bmp,0.7475864823589613
i08_24_5.bmp,0.5902098725951171
i09_01_1.bmp,0.8979277740046431
i09_01_2.bmp,0.8228314493216208
i09_01_3.bmp,0.7148440057163834
i09_01_4.bmp,0.5898530308186326
i09_01_5.bmp,0.4589153046084763
i09_02_1.bmp,0.9699817443349845
i09_02_2.bmp,0.9442183019825378
i09_02_3.bmp,0.8967890367911917
i09_02_4.bmp,0.8211677986957805
i09_02_5.bmp,0.7141563855795673
i09_03_1.bmp,0.917056248009448
i09_03_2.bmp,0.8542706705325707
i09_03_3.bmp,0.7607448009131157
i09_03_4.bmp,0.6406207049890912
i09_03_5.bmp,0.509693098785583
i09_04_1.bmp,0.9766800141440269
i09_04_2.bmp,0.9576395720518468
i09_04_3.bmp,0.922715113380641
i09_04_4.bmp,0.8648046718926132
i09_04_5.bmp,0.7798954338989513
i09_05_1.bmp,0.8941249295445278
i09_05_2.bmp,0.8182726824222161
i09_05_3.bmp,0.6297211659940362
i09_05_4.bmp,0.4177070395153932
i09_05_5.bmp,0.24431343341459505
i09_06_1.bmp,0.943655046573065
i09_06_2.bmp,0.888593047949016
i09_06_3.bmp,0.8036042520062106
i09_06_4.bmp,0.668944787591075
i09_06_5.bmp,0.5135691883087748
i09_07_1.bmp,0.9359893556329072
i09_07_2.bmp,0.907923909159552
i09_07_3.bmp,0.8871632402380467
i09_07_4.bmp,0.8230655273459677
i09_07_5.bmp,0.7742171525641514
i09_08_1.bmp,0.9843952203941311
i09_08_2.bmp,0.9534655114353529
i09_08_3.bmp,0.886252460341665
i09_08_4.bmp,0.7845318407363925
i09_08_5.bmp,0.664685071673493
i09_09_1.bmp,0.9454170049867123
i09_09_2.bmp,0.9272112351240741
i09_09_3.bmp,0.8882151425852076
i09_09_4.bmp,0.8156770506426688
i09_09_5.bmp,0.7086784882191445
i09_10_1.bmp,0.9511579404216306
i09_10_2.bmp,0.9287277257387991
i09_10_3.bmp,0.8804743093554587
i09_10_4.bmp,0.7896594445814017
i09_10_5.bmp,0.7107115315910729
i09_11_1.bmp,0.9141580484367254
i09_11_2.bmp,0.8766006129253281
i09_11_3.bmp,0.7983603821455905
i09_11_4.bmp,0.6905386268275837
i09_11_5.bmp,0.6211087975189121
i09_12_1.bmp,0.9736822281549437
i09_12_2.bmp,0.9426199241704553
i09_12_3.bmp,0.8500605864583427
i09_12_4.bmp,0.6653381830610037
i09_12_5.bmp,0.5802398422691054
i09_13_1.bmp,0.8691667920686613
i09_13_2.bmp,0.7620996635702607
i09_13_3.bmp,0.6770972140951346
i09_13_4.bmp,0.6039647639952451
i09_13_5.bmp,0.4018772313517426
i09_14_1.bmp,0.9567959122675301
i09_14_2.bmp,0.9722602714351741
i09_14_3.bmp,0.9400312772612076
i09_14_4.bmp,0.9161714839841403
i09_14_5.bmp,0.8980246819892521
i09_15_1.bmp,0.9494367845757243
i09_15_2.bmp,0.9584735209380989
i09_15_3.bmp,0.9675027499120972
i09_15_4.bmp,0.9773822041819078
i09_15_5.bmp,0.987170795313599
i09_16_1.bmp,0.9980994866561926
i09_16_2.bmp,0.9957461233295191
i09_16_3.bmp,0.9742965324835483
i09_16_4.bmp,0.9698224516764724
i09_16_5.bmp,0.8835489709623182
i09_17_1.bmp,0.9940940899519783
i09_17_2.bmp,0.9797092158626844
i09_17_3.bmp,0.9717754777801061
i09_17_4.bmp,0.9150451812718724
i09_17_5.bmp,0.8880504188142173
i09_18_1.bmp,0.9976322104668551
i09_18_2.bmp,0.9974915723954711
i09_18_3.bmp,0.9975133372993753
i09_18_4.bmp,0.9974139784357403
i09_18_5.bmp,0.997480382001831
i09_19_1.bmp,0.8922625859064651
i09_19_2.bmp,0.8200227589492427
i09_19_3.bmp,0.7251346114642517
i09_19_4.bmp,0.6128447735118704
i09_19_5.bmp,0.4954071137712694
i09_20_1.bmp,0.8560746736429602
i09_20_2.bmp,0.7865556034721461
i09_20_3.bmp,0.6923376187937726
i09_20_4.bmp,0.5768791356280554
i09_20_5.bmp,0.46620701824786714
i09_21_1.bmp,0.8905643472517123
i09_21_2.bmp,0.8193607946106085
i09_21_3.bmp,0.7109726279266402
i09_21_4.bmp,0.5754033087792036
i09_21_5.bmp,0.43627138264704773
i09_22_1.bmp,0.8964558808406959
i09_22_2.bmp,0.8282260396347926
i09_22_3.bmp,0.7125495846598339
i09_22_4.bmp,0.6264946461690403
i09_22_5.bmp,0.5443927401899631
i09_23_1.bmp,0.9934484273781138
i09_23_2.bmp,0.979812108815571
i09_23_3.bmp,0.9602659638984382
i09_23_4.bmp,0.8586128751433503
i09_23_5.bmp,0.713682726289955
i09_24_1.bmp,0.9054115041669425
i09_24_2.bmp,0.853455359334356
i09_24_3.bmp,0.7798143913447693
i09_24_4.bmp,0.6947954518217896
i09_24_5.bmp,0.6027761368339811
i10_01_1.bmp,0.906375791932037
i10_01_2.bmp,0.8353803619259592
i10_01_3.bmp,0.7303650750542706
i10_01_4.bmp,0.6015075980846081
i10_01_5.bmp,0.4655713011222561
i10_02_1.bmp,0.9725731941866803
i10_02_2.bmp,0.9487800130225655
i10_02_3.bmp,0.9049976459264809
i10_02_4.bmp,0.8332869956338508
i10_02_5.bmp,0.7308248319334634
i10_03_1.bmp,0.9240758190889362
i10_03_2.bmp,0.865349038521977
i10_03_3.bmp,0.7734134818483722
i10_03_4.bmp,0.6532751726386797
i10_03_5.bmp,0.5178113026243187
i10_04_1.bmp,0.9704135686407267
i10_04_2.bmp,0.9499618275633603
i10_04_3.bmp,0.9093642809327411
i10_04_4.bmp,0.8397143890228376
i10_04_5.bmp,0.7345562895787037
i10_05_1.bmp,0.9030661377603867
i10_05_2.bmp,0.8312682504963791
i10_05_3.bmp,0.6446372117638125
i10_05_4.bmp,0.4195237749745424
i10_05_5.bmp,0.2290429787269579
i10_06_1.bmp,0.9506756843701488
i10_06_2.bmp,0.9106386426186478
i10_06_3.bmp,0.8303969200552428
i10_06_4.bmp,0.7090869433660179
i10_06_5.bmp,0.5395608131473281
i10_07_1.bmp,0.9334831828947691
i10_07_2.bmp,0.9053716764879153
i10_07_3.bmp,0.8518956836886893
i10_07_4.bmp,0.7783162411139837
i10_07_5.bmp,0.7271051602487226
i10_08_1.bmp,0.9844557512576817
i10_08_2.bmp,0.9529197118756965
i10_08_3.bmp,0.8803523576785282
i10_08_4.bmp,0.7678212240523145
i10_08_5.bmp,0.6447004914507586
i10_09_1.bmp,0.9429654176854358
i10_09_2.bmp,0.9193518073236004
i10_09_3.bmp,0.8640074162382301
i10_09_4.bmp,0.7646886382178243
i10_09_5.bmp,0.6456917286521929
i10_10_1.bmp,0.9519993220636388
i10_10_2.bmp,0.9265424188082584
i10_10_3.bmp,0.8686387113722667
i10_10_4.bmp,0.756050660865711
i10_10_5.bmp,0.6581607441260704
i10_11_1.bmp,0.9051455399419728
i10_11_2.bmp,0.8518358257055978
i10_11_3.bmp,0.7471420274328237
i10_11_4.bmp,0.6380797470785576
i10_11_5.bmp,0.577066497186917
i10_12_1.bmp,0.9710662430116414
i10_12_2.bmp,0.9140632096789559
i10_12_3.bmp,0.8253849589500308
i10_12_4.bmp,0.7529822228462516
i10_12_5.bmp,0.5303880835211201
i10_13_1.bmp,0.9336999360436466
i10_13_2.bmp,0.7760871490849696
i10_13_3.bmp,0.6445242221582089
i10_13_4.bmp,0.5942094639526383
i10_13_5.bmp,0.5145052093392068
i10_14_1.bmp,0.9543520681472223
i10_14_2.bmp,0.9682706222046465
i10_14_3.bmp,0.9392170015885521
i10_14_4.bmp,0.9117690477762673
i10_14_5.bmp,0.8861189969250207
i10_15_1.bmp,0.9504991004859646
i10_15_2.bmp,0.9596631142071095
i10_15_3.bmp,0.9687131543364776
i10_15_4.bmp,0.9776153577794646
i10_15_5.bmp,0.9866574281157495
i10_16_1.bmp,0.9974180912324371
i10_16_2.bmp,0.9944398398041552
i10_16_3.bmp,0.9629195780588151
i10_16_4.bmp,0.9635243471660173
i10_16_5.bmp,0.8775763388087654
i10_17_1.bmp,0.9927311302672127
i10_17_2.bmp,0.9667192427340524
i10_17_3.bmp,0.9678599152664913
i10_17_4.bmp,0.9046088507837743
i10_17_5.bmp,0.87994201286735
i10_18_1.bmp,0.9977519930087749
i10_18_2.bmp,0.997834572224701
i10_18_3.bmp,0.997950387879628
i10_18_4.bmp,0.9977385426068205
i10_18_5.bmp,0.9974262811969244
i10_19_1.bmp,0.8957573338377519
i10_19_2.bmp,0.823517677727562
i10_19_3.bmp,0.723212287828466
i10_19_4.bmp,0.6060995500881118
i10_19_5.bmp,0.48353851925938823
i10_20_1.bmp,0.8572344355097609
i10_20_2.bmp,0.778037954637717
i10_20_3.bmp,0.6553204575612727
i10_20_4.bmp,0.5048109269483232
i10_20_5.bmp,0.3525322948798609
i10_21_1.bmp,0.8887702838127162
i10_21_2.bmp,0.8146522290904199
i10_21_3.bmp,0.7071326379944898
i10_21_4.bmp,0.555175125207166
i10_21_5.bmp,0.37828521001755666
i10_22_1.bmp,0.9039626273074647
i10_22_2.bmp,0.8348833246795706
i10_22_3.bmp,0.7025408907493901
i10_22_4.bmp,0.5644949366911143
i10_22_5.bmp,0.43146917015608977
i10_23_1.bmp,0.9908997683814804
i10_23_2.bmp,0.970115531682033
i10_23_3.bmp,0.844327453365388
i10_23_4.bmp,0.6765386874321657
i10_23_5.bmp,0.5930475237199081
i10_24_1.bmp,0.9048092644422591
i10_24_2.bmp,0.8391515465793186
i10_24_3.bmp,0.7392009947664174
i10_24_4.bmp,0.6206757159738772
i10_24_5.bmp,0.561313311497967
i11_01_1.bmp,0.933072326994553
i11_01_2.bmp,0.8820940241448807
i11_01_3.bmp,0.8040558973022613
i11_01_4.bmp,0.702327529275289
i11_01_5.bmp,0.5818929359596818
i11_02_1.bmp,0.9810201739258662
i11_02_2.bmp,0.9642834717477978
i11_02_3.bmp,0.9337416232495336
i11_02_4.bmp,0.8831957432720585
i11_02_5.bmp,0.8057907451507125
i11_03_1.bmp,0.9458201317386806
i11_03_2.bmp,0.9026394878568258
i11_03_3.bmp,0.8352689617942168
i11_03_4.bmp,0.7415820373544437
i11_03_5.bmp,0.6269498133084906
i11_04_1.bmp,0.9770742250772405
i11_04_2.bmp,0.959950946982978
i11_04_3.bmp,0.9245237675404104
i11_04_4.bmp,0.864197424558715
i11_04_5.bmp,0.7698813511521444
i11_05_1.bmp,0.9308723106301643
i11_05_2.bmp,0.8788714593507396
i11_05_3.bmp,0.7363638567035687
i11_05_4.bmp,0.5369006626082332
i11_05_5.bmp,0.328468682214866
i11_06_1.bmp,0.9547185385982264
i11_06_2.bmp,0.9092049996657884
i11_06_3.bmp,0.8329606497265724
i11_06_4.bmp,0.7250379968371744
i11_06_5.bmp,0.5810096907359544
i11_07_1.bmp,0.9570606685806367
i11_07_2.bmp,0.9052981479054468
i11_07_3.bmp,0.8797046302945791
i11_07_4.bmp,0.7813049533430209
i11_07_5.bmp,0.644335850020195
i11_08_1.bmp,0.9768954386046288
i11_08_2.bmp,0.9255255319954451
i11_08_3.bmp,0.8087779922762176
i11_08_4.bmp,0.6513862644109983
i11_08_5.bmp,0.5081691876840503
i11_09_1.bmp,0.9423888880777769
i11_09_2.bmp,0.9060741259418232
i11_09_3.bmp,0.824981282077427
i11_09_4.bmp,0.6839623360514732
i11_09_5.bmp,0.49653843446277474
i11_10_1.bmp,0.9518084535746131
i11_10_2.bmp,0.915945329762917
i11_10_3.bmp,0.8381140780599518
i11_10_4.bmp,0.6994197480782103
i11_10_5.bmp,0.5656074508567633
i11_11_1.bmp,0.9317257127544352
i11_11_2.bmp,0.8743207511981403
i11_11_3.bmp,0.8003123735993215
i11_11_4.bmp,0.6171675527372324
i11_11_5.bmp,0.45840987139683154
i11_12_1.bmp,0.9696938016907847
i11_12_2.bmp,0.986411566109668
i11_12_3.bmp,0.8049400178855515
i11_12_4.bmp,0.7298319063053451
i11_12_5.bmp,0.4700374124823667
i11_13_1.bmp,0.9213446474637729
i11_13_2.bmp,0.8464001396297792
i11_13_3.bmp,0.7962927217205334
i11_13_4.bmp,0.6325910123064326
i11_13_5.bmp,0.4746701908204856
i11_14_1.bmp,0.9724280821847499
i11_14_2.bmp,0.9623774077157624
i11_14_3.bmp,0.9296095075981876
i11_14_4.bmp,0.8953115588084164
i11_14_5.bmp,0.8691813169724051
i11_15_1.bmp,0.9475365933081481
i11_15_2.bmp,0.9571544249727912
i11_15_3.bmp,0.9673503935772364
i11_15_4.bmp,0.9781137492088244
i11_15_5.bmp,0.989597433200352
i11_16_1.bmp,0.9854496973298903
i11_16_2.bmp,0.9798124706775377
i11_16_3.bmp,0.8404715785234393
i11_16_4.bmp,0.904057177180024
i11_16_5.bmp,0.6539090430561239
i11_17_1.bmp,0.9881217916926899
i11_17_2.bmp,0.9314747681420086
i11_17_3.bmp,0.9444438338013385
i11_17_4.bmp,0.8074249707367567
i11_17_5.bmp,0.8104985865251567
i11_18_1.bmp,0.9988956734866896
i11_18_2.bmp,0.9988797809899835
i11_18_3.bmp,0.9987066003092104
i11_18_4.bmp,0.9989796636361359
i11_18_5.bmp,0.9988073505717975
i11_19_1.bmp,0.9531313211718433
i11_19_2.bmp,0.9164128429863896
i11_19_3.bmp,0.8587399551484843
i11_19_4.bmp,0.7757399544715129
i11_19_5.bmp,0.6728113469283672
i11_20_1.bmp,0.9145742481722867
i11_20_2.bmp,0.8544594049999115
i11_20_3.bmp,0.7577528183560678
i11_20_4.bmp,0.5925412711788535
i11_20_5.bmp,0.37393336743659195
i11_21_1.bmp,0.9195340644980329
i11_21_2.bmp,0.8623132204051321
i11_21_3.bmp,0.774184833307329
i11_21_4.bmp,0.6564357887383775
i11_21_5.bmp,0.4745472799344078
i11_22_1.bmp,0.9420282253150555
i11_22_2.bmp,0.8954424236630646
i11_22_3.bmp,0.8076203897607416
i11_22_4.bmp,0.7128352679362192
i11_22_5.bmp,0.5853312260102748
i11_23_1.bmp,0.9940114216977293
i11_23_2.bmp,0.9816858813927836
i11_23_3.bmp,0.9632884261022129
i11_23_4.bmp,0.926889194775844
i11_23_5.bmp,0.6112525147333825
i11_24_1.bmp,0.9256929226819811
i11_24_2.bmp,0.8630469661310578
i11_24_3.bmp,0.7620229863245789
i11_24_4.bmp,0.6143711143992483
i11_24_5.bmp,0.4572514866044369
i12_01_1.bmp,0.9064018856620254
i12_01_2.bmp,0.8337051159620704
i12_01_3.bmp,0.7255311457217098
i12_01_4.bmp,0.5877955634628226
i12_01_5.bmp,0.44609982430634215
i12_02_1.bmp,0.9725518219848898
i12_02_2.bmp,0.9485722537781983
i12_02_3.bmp,0.9041699859329034
i12_02_4.bmp,0.8311890727549991
i12_02_5.bmp,0.7230162595053662
i12_03_1.bmp,0.9247100764772322
i12_03_2.bmp,0.8635247984650003
i12_03_3.bmp,0.769412836074045
i12_03_4.bmp,0.6426635581164375
i12_03_5.bmp,0.5026588121383768
i12_04_1.bmp,0.959875236059069
i12_04_2.bmp,0.929344507253065
i12_04_3.bmp,0.8736222654447082
i12_04_4.bmp,0.7849852284706579
i12_04_5.bmp,0.6637013807107653
i12_05_1.bmp,0.9028172642114793
i12_05_2.bmp,0.8296491498593189
i12_05_3.bmp,0.6346806286904477
i12_05_4.bmp,0.39841222012184146
i12_05_5.bmp,0.21079180486336377
i12_06_1.bmp,0.9415364720862902
i12_06_2.bmp,0.8883325984998509
i12_06_3.bmp,0.7909260204539589
i12_06_4.bmp,0.6437947487486333
i12_06_5.bmp,0.4599680964930785
i12_07_1.bmp,0.9204199265937687
i12_07_2.bmp,0.8924129210793332
i12_07_3.bmp,0.8228968304556987
i12_07_4.bmp,0.8093524080779587
i12_07_5.bmp,0.7462886557704292
i12_08_1.bmp,0.980969243449124
i12_08_2.bmp,0.9400655311064281
i12_08_3.bmp,0.851498059096621
i12_08_4.bmp,0.7413003807135862
i12_08_5.bmp,0.6429331263348449
i12_09_1.bmp,0.9190650875245322
i12_09_2.bmp,0.8819414436577865
i12_09_3.bmp,0.8140496832523163
i12_09_4.bmp,0.7230045221131074
i12_09_5.bmp,0.6485582081725896
i12_10_1.bmp,0.945477419041822
i12_10_2.bmp,0.9126008788704503
i12_10_3.bmp,0.8360976081615938
i12_10_4.bmp,0.7095912927224887
i12_10_5.bmp,0.6327785241056348
i12_11_1.bmp,0.8699859514437212
i12_11_2.bmp,0.7836109594320029
i12_11_3.bmp,0.6660472078139054
i12_11_4.bmp,0.6103802651423802
i12_11_5.bmp,0.5808426897153586
i12_12_1.bmp,0.9757319203733111
i12_12_2.bmp,0.9805496437750281
i12_12_3.bmp,0.668698199463511
i12_12_4.bmp,0.6161539463706387
i12_12_5.bmp,0.6042822629031454
i12_13_1.bmp,0.8806728731703826
i12_13_2.bmp,0.7912914799614624
i12_13_3.bmp,0.605338482904994
i12_13_4.bmp,0.5184374117483858
i12_13_5.bmp,0.7819000461519113
i12_14_1.bmp,0.9176133284286425
i12_14_2.bmp,0.9747800444079929
i12_14_3.bmp,0.9457508495154975
i12_14_4.bmp,0.9184246786233229
i12_14_5.bmp,0.8826676517426075
i12_15_1.bmp,0.9463476510715418
i12_15_2.bmp,0.9564121010425111
i12_15_3.bmp,0.9673251087000041
i12_15_4.bmp,0.9773486498247625
i12_15_5.bmp,0.9886023057550034
i12_16_1.bmp,0.9987891298979505
i12_16_2.bmp,0.9964312181663746
i12_16_3.bmp,0.9843764643952235
i12_16_4.bmp,0.9729821846289669
i12_16_5.bmp,0.924943032120613
i12_17_1.bmp,0.9942967247443807
i12_17_2.bmp,0.9820392330708914
i12_17_3.bmp,0.9722258102712096
i12_17_4.bmp,0.9214641137358535
i12_17_5.bmp,0.8877586417518397
i12_18_1.bmp,0.9979058787639404
i12_18_2.bmp,0.9977825481446408
i12_18_3.bmp,0.9981532535591188
i12_18_4.bmp,0.9980150115442847
i12_18_5.bmp,0.9981522462602835
i12_19_1.bmp,0.8989134723724195
i12_19_2.bmp,0.8261653603060124
i12_19_3.bmp,0.7230319231391861
i12_19_4.bmp,0.5914953076697033
i12_19_5.bmp,0.45545462888318883
i12_20_1.bmp,0.8520661856277342
i12_20_2.bmp,0.7419594454022138
i12_20_3.bmp,0.5687800078532033
i12_20_4.bmp,0.3704226789990928
i12_20_5.bmp,0.2679382343142058
i12_21_1.bmp,0.8746611091573627
i12_21_2.bmp,0.788832031446131
i12_21_3.bmp,0.6642221264087312
i12_21_4.bmp,0.516895041401731
i12_21_5.bmp,0.44801430796086256
i12_22_1.bmp,0.9037465034289376
i12_22_2.bmp,0.824555509295941
i12_22_3.bmp,0.727326881094507
i12_22_4.bmp,0.6048867953640039
i12_22_5.bmp,0.5222516028373533
i12_23_1.bmp,0.9912782815930082
i12_23_2.bmp,0.9735857495265515
i12_23_3.bmp,0.8391134887345545
i12_23_4.bmp,0.7161956923756675
i12_23_5.bmp,0.6187020959468961
i12_24_1.bmp,0.867880260884716
i12_24_2.bmp,0.7820764865479793
i12_24_3.bmp,0.6760481647584968
i12_24_4.bmp,0.6062690218710719
i12_24_5.bmp,0.5752623791629822
i13_01_1.bmp,0.9732137520957163
i13_01_2.bmp,0.9494660988289927
i13_01_3.bmp,0.9065378660768405
i13_01_4.bmp,0.8367872438796007
i13_01_5.bmp,0.7373501993399376
i13_02_1.bmp,0.9927126229750942
i13_02_2.bmp,0.9859200274193864
i13_02_3.bmp,0.9727544422790819
i13_02_4.bmp,0.9490602361172964
i13_02_5.bmp,0.9056377719537971
i13_03_1.bmp,0.9785696307369548
i13_03_2.bmp,0.9593282297528759
i13_03_3.bmp,0.9230636159236354
i13_03_4.bmp,0.8649360685055212
i13_03_5.bmp,0.7755275961277293
i13_04_1.bmp,0.9874889044667982
i13_04_2.bmp,0.9785496977007452
i13_04_3.bmp,0.9577305323004911
i13_04_4.bmp,0.9206134500274089
i13_04_5.bmp,0.8490193715047079
i13_05_1.bmp,0.9723413968051277
i13_05_2.bmp,0.9478523302125565
i13_05_3.bmp,0.8621809775528099
i13_05_4.bmp,0.6967114931805052
i13_05_5.bmp,0.4711184700103531
i13_06_1.bmp,0.9780324373639944
i13_06_2.bmp,0.9554319074585075
i13_06_3.bmp,0.9162804934709414
i13_06_4.bmp,0.848239564077428
i13_06_5.bmp,0.7434911793748418
i13_07_1.bmp,0.9741795673608884
i13_07_2.bmp,0.9453161152376688
i13_07_3.bmp,0.8977582815063923
i13_07_4.bmp,0.8419317007513328
i13_07_5.bmp,0.7441680319743271
i13_08_1.bmp,0.9586574449131748
i13_08_2.bmp,0.8681019338902577
i13_08_3.bmp,0.6768962312141099
i13_08_4.bmp,0.4513084666985125
i13_08_5.bmp,0.28233698636693894
i13_09_1.bmp,0.9457227969210962
i13_09_2.bmp,0.8813551957780479
i13_09_3.bmp,0.7283761767985757
i13_09_4.bmp,0.5161279972242359
i13_09_5.bmp,0.29782871440940584
i13_10_1.bmp,0.9422890742005355
i13_10_2.bmp,0.8886282313441702
i13_10_3.bmp,0.7791208897963099
i13_10_4.bmp,0.5921088235348099
i13_10_5.bmp,0.43515967471094047
i13_11_1.bmp,0.9599025965723796
i13_11_2.bmp,0.9217026425032436
i13_11_3.bmp,0.8404576749781377
i13_11_4.bmp,0.7342502962202393
i13_11_5.bmp,0.45284541671200224
i13_12_1.bmp,0.9887426656323018
i13_12_2.bmp,0.9550126640393051
i13_12_3.bmp,0.9339898426662966
i13_12_4.bmp,0.8598207403703462
i13_12_5.bmp,0.7427317616902883
i13_13_1.bmp,0.961777539591662
i13_13_2.bmp,0.9356682008883711
i13_13_3.bmp,0.8260672900604082
i13_13_4.bmp,0.6976414196618068
i13_13_5.bmp,0.6199557245969546
i13_14_1.bmp,0.9800902855891617
i13_14_2.bmp,0.9593845785313435
i13_14_3.bmp,0.9237006739942406
i13_14_4.bmp,0.8960851715877375
i13_14_5.bmp,0.857184961430743
i13_15_1.bmp,0.9475182342149173
i13_15_2.bmp,0.95677486633283
i13_15_3.bmp,0.9675097212314753
i13_15_4.bmp,0.9774890740386378
i13_15_5.bmp,0.9880823219300046
i13_16_1.bmp,0.9970080093616692
i13_16_2.bmp,0.992875367079046
i13_16_3.bmp,0.9591426335442343
i13_16_4.bmp,0.9511858087711353
i13_16_5.bmp,0.8115310725296111
i13_17_1.bmp,0.9935754064543508
i13_17_2.bmp,0.9790633766098247
i13_17_3.bmp,0.9591388398619802
i13_17_4.bmp,0.9158499962227583
i13_17_5.bmp,0.814967816902841
i13_18_1.bmp,0.99937735106435
i13_18_2.bmp,0.9993547299310478
i13_18_3.bmp,0.9993864719868999
i13_18_4.bmp,0.9994239434263037
i13_18_5.bmp,0.9993772123678022
i13_19_1.bmp,0.9755803638547585
i13_19_2.bmp,0.9557302931154632
i13_19_3.bmp,0.9204415725650678
i13_19_4.bmp,0.8611862233092443
i13_19_5.bmp,0.7720549711029104
i13_20_1.bmp,0.9519954027101337
i13_20_2.bmp,0.909228802725118
i13_20_3.bmp,0.8314669101179267
i13_20_4.bmp,0.7056422502450068
i13_20_5.bmp,0.5044810535718968
i13_21_1.bmp,0.9562873688209177
i13_21_2.bmp,0.9142389771760417
i13_21_3.bmp,0.8487357429812599
i13_21_4.bmp,0.7382377404463683
i13_21_5.bmp,0.5698926482175296
i13_22_1.bmp,0.9648288087594754
i13_22_2.bmp,0.9261812741701487
i13_22_3.bmp,0.866208899636421
i13_22_4.bmp,0.7975240003989537
i13_22_5.bmp,0.5974754856537843
i13_23_1.bmp,0.9956979356024408
i13_23_2.bmp,0.9869082905859577
i13_23_3.bmp,0.9728860959864113
i13_23_4.bmp,0.9562472690840887
i13_23_5.bmp,0.9181390040720457
i13_24_1.bmp,0.9573352327777342
i13_24_2.bmp,0.916522723777721
i13_24_3.bmp,0.8316260663698765
i13_24_4.bmp,0.6971837094576887
i13_24_5.bmp,0.46818919066841885
i14_01_1.bmp,0.9488772634607282
i14_01_2.bmp,0.9060439773633656
i14_01_3.bmp,0.8357101272981433
i14_01_4.bmp,0.7374199880199926
i14_01_5.bmp,0.6177230463186585
i14_02_1.bmp,0.9856817169969262
i14_02_2.bmp,0.9726843326817284
i14_02_3.bmp,0.9478887242546945
i14_02_4.bmp,0.9052386386947836
i14_02_5.bmp,0.8369608604750702
i14_03_1.bmp,0.9587632829110865
i14_03_2.bmp,0.9229725271036299
i14_03_3.bmp,0.8636826950463228
i14_03_4.bmp,0.7751840223263244
i14_03_5.bmp,0.6627650536039301
i14_04_1.bmp,0.9783715330516433
i14_04_2.bmp,0.9607650461454171
i14_04_3.bmp,0.9257082025455754
i14_04_4.bmp,0.8648082408769756
i14_04_5.bmp,0.7684543276022808
i14_05_1.bmp,0.9464849698906146
i14_05_2.bmp,0.9029336595763828
i14_05_3.bmp,0.7717506321485451
i14_05_4.bmp,0.5713073752154852
i14_05_5.bmp,0.3530893947727603
i14_06_1.bmp,0.9659599828688749
i14_06_2.bmp,0.9295146902704455
i14_06_3.bmp,0.8717052001189373
i14_06_4.bmp,0.7769940391736588
i14_06_5.bmp,0.6335270924385756
i14_07_1.bmp,0.9557339456100025
i14_07_2.bmp,0.9223959839710943
i14_07_3.bmp,0.8688565178216708
i14_07_4.bmp,0.7996333859781487
i14_07_5.bmp,0.698535535230134
i14_08_1.bmp,0.9771925946423411
i14_08_2.bmp,0.9278885003678641
i14_08_3.bmp,0.8131610214323256
i14_08_4.bmp,0.6431160644871943
i14_08_5.bmp,0.4730938805252401
i14_09_1.bmp,0.9390292209642036
i14_09_2.bmp,0.8949523111003536
i14_09_3.bmp,0.8037919252626298
i14_09_4.bmp,0.6619860514689083
i14_09_5.bmp,0.4961967441731643
i14_10_1.bmp,0.9476227224013473
i14_10_2.bmp,0.9106109552207958
i14_10_3.bmp,0.8302240686310324
i14_10_4.bmp,0.6789906592361984
i14_10_5.bmp,0.5437471832093259
i14_11_1.bmp,0.9412393313241768
i14_11_2.bmp,0.8864097100327014
i14_11_3.bmp,0.8145281519530154
i14_11_4.bmp,0.6567859196496724
i14_11_5.bmp,0.4835433881832975
i14_12_1.bmp,0.9746016326903885
i14_12_2.bmp,0.982933157715273
i14_12_3.bmp,0.9864811660769659
i14_12_4.bmp,0.7621661769014132
i14_12_5.bmp,0.6492383179333042
i14_13_1.bmp,0.9125106096033995
i14_13_2.bmp,0.8707241308865012
i14_13_3.bmp,0.7691027716327364
i14_13_4.bmp,0.6541203282866453
i14_13_5.bmp,0.5178839146130659
i14_14_1.bmp,0.970514894525192
i14_14_2.bmp,0.9642092160086968
i14_14_3.bmp,0.9208536005802099
i14_14_4.bmp,0.8937032708784561
i14_14_5.bmp,0.8472069638665339
i14_15_1.bmp,0.9481612292765998
i14_15_2.bmp,0.9579124945965813
i14_15_3.bmp,0.9678418286650073
i14_15_4.bmp,0.9777494462257028
i14_15_5.bmp,0.9895230163329969
i14_16_1.bmp,0.9966682405287492
i14_16_2.bmp,0.993021363119418
i14_16_3.bmp,0.9533963805524847
i14_16_4.bmp,0.953894171692546
i14_16_5.bmp,0.8045943228665444
i14_17_1.bmp,0.9932747420078688
i14_17_2.bmp,0.9772299459126871
i14_17_3.bmp,0.9611493611092969
i14_17_4.bmp,0.903312606422713
i14_17_5.bmp,0.8348987776275815
i14_18_1.bmp,0.9988631582027239
i14_18_2.bmp,0.9988411103741123
i14_18_3.bmp,0.9988109776469027
i14_18_4.bmp,0.9988154997111546
i14_18_5.bmp,0.9987835673810356
i14_19_1.bmp,0.9403612565788091
i14_19_2.bmp,0.898069994157845
i14_19_3.bmp,0.8347280687011903
i14_19_4.bmp,0.7502585883213941
i14_19_5.bmp,0.641215709599531
i14_20_1.bmp,0.9216723838625436
i14_20_2.bmp,0.8627141746851629
i14_20_3.bmp,0.7633158117147371
i14_20_4.bmp,0.5986006302278054
i14_20_5.bmp,0.365042537163583
i14_21_1.bmp,0.9293062985579303
i14_21_2.bmp,0.8748110117983074
i14_21_3.bmp,0.7872453497956992
i14_21_4.bmp,0.6595229696202809
i14_21_5.bmp,0.4945581474233697
i14_22_1.bmp,0.9531649742410152
i14_22_2.bmp,0.9169566300715642
i14_22_3.bmp,0.8496367268541352
i14_22_4.bmp,0.7403001580460769
i14_22_5.bmp,0.5847322572871604
i14_23_1.bmp,0.9942661342519009
i14_23_2.bmp,0.9807245289144744
i14_23_3.bmp,0.9580840038396359
i14_23_4.bmp,0.934345693601084
i14_23_5.bmp,0.6976072019986468
i14_24_1.bmp,0.9328753883838641
i14_24_2.bmp,0.8761693014660853
i14_24_3.bmp,0.7809790224499837
i14_24_4.bmp,0.6461296815070847
i14_24_5.bmp,0.46015212486486107
i15_01_1.bmp,0.8957599371995755
i15_01_2.bmp,0.8179781046285526
i15_01_3.bmp,0.7050090211926143
i15_01_4.bmp,0.5693252234258347
i15_01_5.bmp,0.42956612526838056
i15_02_1.bmp,0.9683327209418964
i15_02_2.bmp,0.9412130683290183
i15_02_3.bmp,0.8919581574157607
i15_02_4.bmp,0.8136568287675482
i15_02_5.bmp,0.6999768708805815
i15_03_1.bmp,0.914670409769539
i15_03_2.bmp,0.8501234100762539
i15_03_3.bmp,0.7496230530225367
i15_03_4.bmp,0.6242168440008766
i15_03_5.bmp,0.4806215839470201
i15_04_1.bmp,0.9660900023726509
i15_04_2.bmp,0.9403742393239567
i15_04_3.bmp,0.8945725800360969
i15_04_4.bmp,0.8218260852533344
i15_04_5.bmp,0.7210051205464637
i15_05_1.bmp,0.8921595814546317
i15_05_2.bmp,0.8137462775092831
i15_05_3.bmp,0.6136171293492132
i15_05_4.bmp,0.3837186676965485
i15_05_5.bmp,0.20107206621989704
i15_06_1.bmp,0.9264109054780068
i15_06_2.bmp,0.8491211472992338
i15_06_3.bmp,0.7290190443380354
i15_06_4.bmp,0.5697801387823394
i15_06_5.bmp,0.3930073453692204
i15_07_1.bmp,0.9294459108290846
i15_07_2.bmp,0.8864832322201637
i15_07_3.bmp,0.851080329559495
i15_07_4.bmp,0.7684884973526817
i15_07_5.bmp,0.6442552820028556
i15_08_1.bmp,0.9842543263904578
i15_08_2.bmp,0.9536653065593031
i15_08_3.bmp,0.8934935066263181
i15_08_4.bmp,0.8165962736885526
i15_08_5.bmp,0.7392701757409049
i15_09_1.bmp,0.9301290378674228
i15_09_2.bmp,0.9043775753048892
i15_09_3.bmp,0.8560005990054531
i15_09_4.bmp,0.7852446003961486
i15_09_5.bmp,0.6842521115795066
i15_10_1.bmp,0.9467604167170935
i15_10_2.bmp,0.9190445944422547
i15_10_3.bmp,0.8624165986855995
i15_10_4.bmp,0.7585511232468227
i15_10_5.bmp,0.6772947171931459
i15_11_1.bmp,0.8979385946621008
i15_11_2.bmp,0.8243207025190777
i15_11_3.bmp,0.7468816272737169
i15_11_4.bmp,0.6781140017428144
i15_11_5.bmp,0.639844892824905
i15_12_1.bmp,0.8974978009991846
i15_12_2.bmp,0.8700045566399068
i15_12_3.bmp,0.6819832833256454
i15_12_4.bmp,0.7505524472117503
i15_12_5.bmp,0.5135869746548457
i15_13_1.bmp,0.8990930077066274
i15_13_2.bmp,0.7587809220007653
i15_13_3.bmp,0.632436730373401
i15_13_4.bmp,0.5598380192475507
i15_13_5.bmp,0.3642369277561113
i15_14_1.bmp,0.9394799054342373
i15_14_2.bmp,0.9712753246979547
i15_14_3.bmp,0.9470673484937229
i15_14_4.bmp,0.928480509230543
i15_14_5.bmp,0.9100030054792139
i15_15_1.bmp,0.951519923486833
i15_15_2.bmp,0.9558752098609372
i15_15_3.bmp,0.9654683157335958
i15_15_4.bmp,0.9762042809261742
i15_15_5.bmp,0.9873110623285205
i15_16_1.bmp,0.980515265663771
i15_16_2.bmp,0.9752404234767744
i15_16_3.bmp,0.8425990164804741
i15_16_4.bmp,0.8894943486303253
i15_16_5.bmp,0.5577226428671554
i15_17_1.bmp,0.9866028048661871
i15_17_2.bmp,0.9445343773794372
i15_17_3.bmp,0.9484927130951831
i15_17_4.bmp,0.8431282065348517
i15_17_5.bmp,0.8498067974756195
i15_18_1.bmp,0.9976710916336651
i15_18_2.bmp,0.9977703537241926
i15_18_3.bmp,0.9976253941853587
i15_18_4.bmp,0.997625259134277
i15_18_5.bmp,0.9978533613470939
i15_19_1.bmp,0.9221651578533705
i15_19_2.bmp,0.868972627094613
i15_19_3.bmp,0.7927636183657423
i15_19_4.bmp,0.688892131380172
i15_19_5.bmp,0.5674281102815817
i15_20_1.bmp,0.8500489676273949
i15_20_2.bmp,0.7536894144011156
i15_20_3.bmp,0.6322402228857835
i15_20_4.bmp,0.5016226829902987
i15_20_5.bmp,0.4216849967652706
i15_21_1.bmp,0.8804397941770213
i15_21_2.bmp,0.8011718008712089
i15_21_3.bmp,0.69230896699067
i15_21_4.bmp,0.5838973009077311
i15_21_5.bmp,0.5332570229687861
i15_22_1.bmp,0.9197394886251012
i15_22_2.bmp,0.8443485600188573
i15_22_3.bmp,0.7481024994245965
i15_22_4.bmp,0.582994481973519
i15_22_5.bmp,0.4838444579293678
i15_23_1.bmp,0.9876888432861589
i15_23_2.bmp,0.963188242389885
i15_23_3.bmp,0.8582072310715813
i15_23_4.bmp,0.811704520374092
i15_23_5.bmp,0.737658976408658
i15_24_1.bmp,0.8821520105567718
i15_24_2.bmp,0.8163534473540716
i15_24_3.bmp,0.7519421467976052
i15_24_4.bmp,0.6840948142228395
i15_24_5.bmp,0.6212183109267991
i16_01_1.bmp,0.8970640494784435
i16_01_2.bmp,0.8214650237780389
i16_01_3.bmp,0.7106775718347227
i16_01_4.bmp,0.574289529524713
i16_01_5.bmp,0.431327850099989
i16_02_1.bmp,0.9700396146111828
i16_02_2.bmp,0.9440060270686409
i16_02_3.bmp,0.8966822310353274
i16_02_4.bmp,0.8200701043425467
i16_02_5.bmp,0.7091628096136524
i16_03_1.bmp,0.9167290058370925
i16_03_2.bmp,0.8538363532488344
i16_03_3.bmp,0.7550340799488596
i16_03_4.bmp,0.6297789644800131
i16_03_5.bmp,0.48511047445612154
i16_04_1.bmp,0.9633113412190236
i16_04_2.bmp,0.9353700812843783
i16_04_3.bmp,0.8829276490545961
i16_04_4.bmp,0.8007990697435873
i16_04_5.bmp,0.6889440104012896
i16_05_1.bmp,0.8942346591273548
i16_05_2.bmp,0.8170675427952402
i16_05_3.bmp,0.6193267912454958
i16_05_4.bmp,0.385068702391006
i16_05_5.bmp,0.1943524338618168
i16_06_1.bmp,0.9486877570509925
i16_06_2.bmp,0.9065635052247673
i16_06_3.bmp,0.8304336500246308
i16_06_4.bmp,0.7015391937712574
i16_06_5.bmp,0.5236415953700986
i16_07_1.bmp,0.9268529976518248
i16_07_2.bmp,0.887966685514161
i16_07_3.bmp,0.8270080233289073
i16_07_4.bmp,0.7723776270750561
i16_07_5.bmp,0.69252957394548
i16_08_1.bmp,0.9805675291770694
i16_08_2.bmp,0.9382000017123948
i16_08_3.bmp,0.8491263991723161
i16_08_4.bmp,0.7472923622568767
i16_08_5.bmp,0.6647240710420586
i16_09_1.bmp,0.9376549028522426
i16_09_2.bmp,0.9012214764920277
i16_09_3.bmp,0.8327037190648932
i16_09_4.bmp,0.7319406661946589
i16_09_5.bmp,0.6460234725106143
i16_10_1.bmp,0.9527667696748146
i16_10_2.bmp,0.9220682443556493
i16_10_3.bmp,0.8524415560723085
i16_10_4.bmp,0.7249489798740352
i16_10_5.bmp,0.6286102517346578
i16_11_1.bmp,0.8879922920243306
i16_11_2.bmp,0.8118749307324661
i16_11_3.bmp,0.6694718737213711
i16_11_4.bmp,0.6097194386442892
i16_11_5.bmp,0.6001667393143647
i16_12_1.bmp,0.9532938018257929
i16_12_2.bmp,0.8801082282567608
i16_12_3.bmp,0.7085985943753407
i16_12_4.bmp,0.5704790156598243
i16_12_5.bmp,0.3258239308498178
i16_13_1.bmp,0.8412348752386751
i16_13_2.bmp,0.7571162655190653
i16_13_3.bmp,0.6506778236186315
i16_13_4.bmp,0.4612245338298578
i16_13_5.bmp,0.2907724591794317
i16_14_1.bmp,0.9300630575201311
i16_14_2.bmp,0.9675916705827624
i16_14_3.bmp,0.9406920127638534
i16_14_4.bmp,0.9149537326428906
i16_14_5.bmp,0.8911051718096537
i16_15_1.bmp,0.9551597748141327
i16_15_2.bmp,0.9630984061614876
i16_15_3.bmp,0.9696124502637476
i16_15_4.bmp,0.9761462591485985
i16_15_5.bmp,0.9876536501366145
i16_16_1.bmp,0.9981899470310168
i16_16_2.bmp,0.9950016356984764
i16_16_3.bmp,0.976550157004716
i16_16_4.bmp,0.9629408291452469
i16_16_5.bmp,0.8865902562190655
i16_17_1.bmp,0.995217000929804
i16_17_2.bmp,0.9847884756358058
i16_17_3.bmp,0.976751804371112
i16_17_4.bmp,0.9427059114266194
i16_17_5.bmp,0.9020547446421219
i16_18_1.bmp,0.9981623342624322
i16_18_2.bmp,0.9980091302063053
i16_18_3.bmp,0.9980324456012808
i16_18_4.bmp,0.9979527762197219
i16_18_5.bmp,0.9975226680894751
i16_19_1.bmp,0.8861378131107157
i16_19_2.bmp,0.8069261715711964
i16_19_3.bmp,0.7028587216855294
i16_19_4.bmp,0.5781989662165081
i16_19_5.bmp,0.4519023678020606
i16_20_1.bmp,0.8761446398451536
i16_20_2.bmp,0.7875775276211155
i16_20_3.bmp,0.6364663950434437
i16_20_4.bmp,0.45952102616498136
i16_20_5.bmp,0.3523490336792352
i16_21_1.bmp,0.8866468398373752
i16_21_2.bmp,0.8026202129607645
i16_21_3.bmp,0.6745980169004425
i16_21_4.bmp,0.5120921641016561
i16_21_5.bmp,0.5053109865252218
i16_22_1.bmp,0.8665468444887215
i16_22_2.bmp,0.793411033316967
i16_22_3.bmp,0.6360617306513202
i16_22_4.bmp,0.583230670382473
i16_22_5.bmp,0.3804338446386429
i16_23_1.bmp,0.9868628414725137
i16_23_2.bmp,0.8419175829258212
i16_23_3.bmp,0.6496382500292813
i16_23_4.bmp,0.6155422530694137
i16_23_5.bmp,0.6011489009511002
i16_24_1.bmp,0.8820755424540907
i16_24_2.bmp,0.7914610172033549
i16_24_3.bmp,0.6689739927591645
i16_24_4.bmp,0.6074021367647279
i16_24_5.bmp,0.5991111812428458
i17_01_1.bmp,0.905441822734615
i17_01_2.bmp,0.8370281056077591
i17_01_3.bmp,0.7354613798585522
i17_01_4.bmp,0.6129511721951223
i17_01_5.bmp,0.4753352078088099
i17_02_1.bmp,0.972555556699335
i17_02_2.bmp,0.9489828336678215
i17_02_3.bmp,0.9063659246382723
i17_02_4.bmp,0.8379306191745138
i17_02_5.bmp,0.7380255954287204
i17_03_1.bmp,0.922313286043577
i17_03_2.bmp,0.865054306617523
i17_03_3.bmp,0.7732185853004441
i17_03_4.bmp,0.6593186515014977
i17_03_5.bmp,0.523102299871929
i17_04_1.bmp,0.9715764651938925
i17_04_2.bmp,0.9516761296385474
i17_04_3.bmp,0.9108868440841965
i17_04_4.bmp,0.8430390528956152
i17_04_5.bmp,0.7433673462231388
i17_05_1.bmp,0.9026547471528013
i17_05_2.bmp,0.8328547686420147
i17_05_3.bmp,0.6533461093162461
i17_05_4.bmp,0.42852349846081733
i17_05_5.bmp,0.23043153078961912
i17_06_1.bmp,0.9403350556526854
i17_06_2.bmp,0.8745532891909883
i17_06_3.bmp,0.7743621364368067
i17_06_4.bmp,0.6413485106119523
i17_06_5.bmp,0.4809845520095262
i17_07_1.bmp,0.9338653705573845
i17_07_2.bmp,0.8704926044821152
i17_07_3.bmp,0.7361592269793239
i17_07_4.bmp,0.6004721974831038
i17_07_5.bmp,0.5272931640944319
i17_08_1.bmp,0.9870933442498743
i17_08_2.bmp,0.9623927576161504
i17_08_3.bmp,0.9076300520208577
i17_08_4.bmp,0.8155431782890131
i17_08_5.bmp,0.6940333239331266
i17_09_1.bmp,0.9457597154546842
i17_09_2.bmp,0.9221048231629261
i17_09_3.bmp,0.8723725407391151
i17_09_4.bmp,0.7634335976432548
i17_09_5.bmp,0.5977831703189526
i17_10_1.bmp,0.9580134984773909
i17_10_2.bmp,0.9356858274397981
i17_10_3.bmp,0.8803153809830313
i17_10_4.bmp,0.7690828097579501
i17_10_5.bmp,0.5974777043254729
i17_11_1.bmp,0.92206754084835
i17_11_2.bmp,0.8723585859770757
i17_11_3.bmp,0.7606339948029375
i17_11_4.bmp,0.648771548559548
i17_11_5.bmp,0.5642676293740816
i17_12_1.bmp,0.9487996838045725
i17_12_2.bmp,0.8860294007999054
i17_12_3.bmp,0.8421152398810634
i17_12_4.bmp,0.6869547443231735
i17_12_5.bmp,0.46275287826384015
i17_13_1.bmp,0.8741568683515174
i17_13_2.bmp,0.8396821987922021
i17_13_3.bmp,0.6501718614929471
i17_13_4.bmp,0.589082896542543
i17_13_5.bmp,0.45498160757272954
i17_14_1.bmp,0.9537795168548312
i17_14_2.bmp,0.9691605515975612
i17_14_3.bmp,0.9444323618048018
i17_14_4.bmp,0.9219934631295741
i17_14_5.bmp,0.8895533791484588
i17_15_1.bmp,0.9498530175810098
i17_15_2.bmp,0.9572209119130137
i17_15_3.bmp,0.9661628856250458
i17_15_4.bmp,0.975517566550615
i17_15_5.bmp,0.9885535622560507
i17_16_1.bmp,0.9675165988814732
i17_16_2.bmp,0.9667374313481792
i17_16_3.bmp,0.7555775940553593
i17_16_4.bmp,0.8714794496894275
i17_16_5.bmp,0.6185741720448517
i17_17_1.bmp,0.9810658683871958
i17_17_2.bmp,0.852554527587627
i17_17_3.bmp,0.9248020041048953
i17_17_4.bmp,0.7325816305113296
i17_17_5.bmp,0.7981206094166942
i17_18_1.bmp,0.9977423199735901
i17_18_2.bmp,0.9983639614092181
i17_18_3.bmp,0.9976249656705566
i17_18_4.bmp,0.9978582555904503
i17_18_5.bmp,0.9979027829274232
i17_19_1.bmp,0.9292008247377173
i17_19_2.bmp,0.8792511837391352
i17_19_3.bmp,0.8084569468027373
i17_19_4.bmp,0.715593339622029
i17_19_5.bmp,0.6078144693173975
i17_20_1.bmp,0.880752033288304
i17_20_2.bmp,0.8171517805782612
i17_20_3.bmp,0.7199375880836658
i17_20_4.bmp,0.5505620557310845
i17_20_5.bmp,0.3722022486942496
i17_21_1.bmp,0.895095938705302
i17_21_2.bmp,0.830707302359761
i17_21_3.bmp,0.7382543388379511
i17_21_4.bmp,0.6171214203376736
i17_21_5.bmp,0.4587202906793665
i17_22_1.bmp,0.8991421586941085
i17_22_2.bmp,0.8340134165643764
i17_22_3.bmp,0.7347758493182893
i17_22_4.bmp,0.58418082243919
i17_22_5.bmp,0.5220952108243643
i17_23_1.bmp,0.992797287725928
i17_23_2.bmp,0.9790249928662651
i17_23_3.bmp,0.8771655493008081
i17_23_4.bmp,0.753731379575638
i17_23_5.bmp,0.6119261189861606
i17_24_1.bmp,0.9062563876782498
i17_24_2.bmp,0.8544475661425964
i17_24_3.bmp,0.7630285474213585
i17_24_4.bmp,0.6357055499210936
i17_24_5.bmp,0.550671353291369
i18_01_1.bmp,0.9412689234643273
i18_01_2.bmp,0.8950546679884128
i18_01_3.bmp,0.8201274945133232
i18_01_4.bmp,0.7200431373790747
i18_01_5.bmp,0.5959852782337862
i18_02_1.bmp,0.9835219289153717
i18_02_2.bmp,0.9687047257084221
i18_02_3.bmp,0.9411711686099525
i18_02_4.bmp,0.8944233200737532
i18_02_5.bmp,0.8211087653817883
i18_03_1.bmp,0.9518105165334102
i18_03_2.bmp,0.9139679111292184
i18_03_3.bmp,0.8482478920336182
i18_03_4.bmp,0.7544313603572718
i18_03_5.bmp,0.6386010281346771
i18_04_1.bmp,0.9803130584714133
i18_04_2.bmp,0.9631151179219987
i18_04_3.bmp,0.9304214578837087
i18_04_4.bmp,0.873209041125364
i18_04_5.bmp,0.7812627465427644
i18_05_1.bmp,0.9394245385213273
i18_05_2.bmp,0.8916909623766401
i18_05_3.bmp,0.7538932507499667
i18_05_4.bmp,0.5530078400372705
i18_05_5.bmp,0.33996265346309024
i18_06_1.bmp,0.9597689006528294
i18_06_2.bmp,0.9096659076073235
i18_06_3.bmp,0.8395690348048667
i18_06_4.bmp,0.7182615971297253
i18_06_5.bmp,0.557741062861075
i18_07_1.bmp,0.9497831575417238
i18_07_2.bmp,0.9168337564938539
i18_07_3.bmp,0.8432534553458841
i18_07_4.bmp,0.8088611274243114
i18_07_5.bmp,0.7411054408853996
i18_08_1.bmp,0.9796467447284258
i18_08_2.bmp,0.9369012342572527
i18_08_3.bmp,0.835016800801478
i18_08_4.bmp,0.6663099672726007
i18_08_5.bmp,0.48406554711205685
i18_09_1.bmp,0.9404027169419644
i18_09_2.bmp,0.9041746913489197
i18_09_3.bmp,0.8129470290452215
i18_09_4.bmp,0.6467023906005864
i18_09_5.bmp,0.4712198333923411
i18_10_1.bmp,0.9499746941485866
i18_10_2.bmp,0.9184684712942032
i18_10_3.bmp,0.8463590264941018
i18_10_4.bmp,0.7008806936395873
i18_10_5.bmp,0.5623041815082443
i18_11_1.bmp,0.9374496102599291
i18_11_2.bmp,0.895386427207197
i18_11_3.bmp,0.8294037417217128
i18_11_4.bmp,0.6364583350095684
i18_11_5.bmp,0.43606597448832707
i18_12_1.bmp,0.9203523384384472
i18_12_2.bmp,0.9291445330512504
i18_12_3.bmp,0.8173937859995737
i18_12_4.bmp,0.7232235536032682
i18_12_5.bmp,0.5841444881685918
i18_13_1.bmp,0.9201079074018057
i18_13_2.bmp,0.8124838090375774
i18_13_3.bmp,0.8001562447270752
i18_13_4.bmp,0.615684316765341
i18_13_5.bmp,0.48082691064342664
i18_14_1.bmp,0.9690507348076588
i18_14_2.bmp,0.9668207657408044
i18_14_3.bmp,0.9284333366150754
i18_14_4.bmp,0.8974403415367606
i18_14_5.bmp,0.8622484141428272
i18_15_1.bmp,0.9490888663792111
i18_15_2.bmp,0.9579455505418614
i18_15_3.bmp,0.967039859270722
i18_15_4.bmp,0.9773746828769936
i18_15_5.bmp,0.9888680070853366
i18_16_1.bmp,0.9922515112426252
i18_16_2.bmp,0.9861071362071501
i18_16_3.bmp,0.8958784002195681
i18_16_4.bmp,0.9196347346176139
i18_16_5.bmp,0.6434101904219103
i18_17_1.bmp,0.9934068538721275
i18_17_2.bmp,0.9760554001825299
i18_17_3.bmp,0.9622017337268893
i18_17_4.bmp,0.9085634461221945
i18_17_5.bmp,0.8421128637122441
i18_18_1.bmp,0.998675320131962
i18_18_2.bmp,0.9987016838441816
i18_18_3.bmp,0.998709055645239
i18_18_4.bmp,0.9987275506185457
i18_18_5.bmp,0.9988492689274061
i18_19_1.bmp,0.9572783553577399
i18_19_2.bmp,0.9223057758786045
i18_19_3.bmp,0.862421143873393
i18_19_4.bmp,0.7739637469220029
i18_19_5.bmp,0.6537704745559423
i18_20_1.bmp,0.9085819371989429
i18_20_2.bmp,0.8538438111069627
i18_20_3.bmp,0.7686104934493678
i18_20_4.bmp,0.6281876560738217
i18_20_5.bmp,0.40184661329287935
i18_21_1.bmp,0.9242435518282431
i18_21_2.bmp,0.8686483444540175
i18_21_3.bmp,0.7815182580504367
i18_21_4.bmp,0.6492660884388063
i18_21_5.bmp,0.4639463676726433
i18_22_1.bmp,0.9451185556957977
i18_22_2.bmp,0.8865884152438741
i18_22_3.bmp,0.7982737345668938
i18_22_4.bmp,0.7406535893768676
i18_22_5.bmp,0.5539085361291929
i18_23_1.bmp,0.994674968719153
i18_23_2.bmp,0.9843146224154259
i18_23_3.bmp,0.9699505094436309
i18_23_4.bmp,0.944635620587305
i18_23_5.bmp,0.7736786811165852
i18_24_1.bmp,0.9369449005870437
i18_24_2.bmp,0.8849694437270023
i18_24_3.bmp,0.7879306836472277
i18_24_4.bmp,0.6350045907891896
i18_24_5.bmp,0.43882163147170417
i19_01_1.bmp,0.9350963194783785
i19_01_2.bmp,0.886693623585122
i19_01_3.bmp,0.8119563838392915
i19_01_4.bmp,0.7165944054996908
i19_01_5.bmp,0.6072743013400504
i19_02_1.bmp,0.9815123277777601
i19_02_2.bmp,0.9652172295152273
i19_02_3.bmp,0.9349711714044282
i19_02_4.bmp,0.8853872893432935
i19_02_5.bmp,0.8115949720341125
i19_03_1.bmp,0.9475929746457814
i19_03_2.bmp,0.9071674181529045
i19_03_3.bmp,0.8416500955189751
i19_03_4.bmp,0.7540339727063979
i19_03_5.bmp,0.6497591523051084
i19_04_1.bmp,0.9876766332424837
i19_04_2.bmp,0.9726439852829549
i19_04_3.bmp,0.9485745643670745
i19_04_4.bmp,0.9173182573316923
i19_04_5.bmp,0.8350772051400848
i19_05_1.bmp,0.9336112929069958
i19_05_2.bmp,0.8836571561952121
i19_05_3.bmp,0.7484304157170756
i19_05_4.bmp,0.5689674631630757
i19_05_5.bmp,0.3860720715369365
i19_06_1.bmp,0.9653414161383189
i19_06_2.bmp,0.9282826152773688
i19_06_3.bmp,0.8651601035203702
i19_06_4.bmp,0.7741683936597988
i19_06_5.bmp,0.6362627797127216
i19_07_1.bmp,0.9504233169609834
i19_07_2.bmp,0.9169702553734124
i19_07_3.bmp,0.8895743147120747
i19_07_4.bmp,0.8562909301475204
i19_07_5.bmp,0.7969931650201925
i19_08_1.bmp,0.977802749501779
i19_08_2.bmp,0.9272251801106933
i19_08_3.bmp,0.8088396444783934
i19_08_4.bmp,0.6375471486901285
i19_08_5.bmp,0.4790870445072999
i19_09_1.bmp,0.9480930190556293
i19_09_2.bmp,0.9184498988539832
i19_09_3.bmp,0.8658433714295748
i19_09_4.bmp,0.7845596081974967
i19_09_5.bmp,0.6571299770644511
i19_10_1.bmp,0.9564945384332691
i19_10_2.bmp,0.9300979768002662
i19_10_3.bmp,0.8692466004674503
i19_10_4.bmp,0.7552976398456888
i19_10_5.bmp,0.6521559217783552
i19_11_1.bmp,0.9230717978069568
i19_11_2.bmp,0.8850060826960556
i19_11_3.bmp,0.8309323939354565
i19_11_4.bmp,0.7020097554883358
i19_11_5.bmp,0.5595123397581602
i19_12_1.bmp,0.9494509490735861
i19_12_2.bmp,0.9087801082474062
i19_12_3.bmp,0.8807270957988779
i19_12_4.bmp,0.8969281984744466
i19_12_5.bmp,0.726328295014212
i19_13_1.bmp,0.943207106678016
i19_13_2.bmp,0.8558842175205659
i19_13_3.bmp,0.8021836104694026
i19_13_4.bmp,0.6718529015036779
i19_13_5.bmp,0.5619110625220693
i19_14_1.bmp,0.9708548974046648
i19_14_2.bmp,0.9733929688887231
i19_14_3.bmp,0.9478926427588076
i19_14_4.bmp,0.9202310942944879
i19_14_5.bmp,0.893556680283812
i19_15_1.bmp,0.9497007833645226
i19_15_2.bmp,0.9601089891969496
i19_15_3.bmp,0.9694860855405378
i19_15_4.bmp,0.9776875604812304
i19_15_5.bmp,0.9884064928838079
i19_16_1.bmp,0.9978151747157353
i19_16_2.bmp,0.9951483639498822
i19_16_3.bmp,0.972187873306733
i19_16_4.bmp,0.9648434449458043
i19_16_5.bmp,0.8813138931808006
i19_17_1.bmp,0.9937635296576826
i19_17_2.bmp,0.9796266431105451
i19_17_3.bmp,0.9648241703615361
i19_17_4.bmp,0.9259029071159469
i19_17_5.bmp,0.8513758823254721
i19_18_1.bmp,0.9984938367794107
i19_18_2.bmp,0.9985092795565996
i19_18_3.bmp,0.9985798320101144
i19_18_4.bmp,0.9985696500522475
i19_18_5.bmp,0.9987233374845118
i19_19_1.bmp,0.9411358267570379
i19_19_2.bmp,0.8960086092914735
i19_19_3.bmp,0.8287383291720869
i19_19_4.bmp,0.7391601276102574
i19_19_5.bmp,0.632256731768438
i19_20_1.bmp,0.9081226922316726
i19_20_2.bmp,0.8450660781423283
i19_20_3.bmp,0.7528353866612904
i19_20_4.bmp,0.6150798942321325
i19_20_5.bmp,0.4663099035210797
i19_21_1.bmp,0.9249261876251476
i19_21_2.bmp,0.8714673614847416
i19_21_3.bmp,0.780680303692929
i19_21_4.bmp,0.6590786287885335
i19_21_5.bmp,0.507902491711291
i19_22_1.bmp,0.933747869612125
i19_22_2.bmp,0.8906729613148361
i19_22_3.bmp,0.8142112252474759
i19_22_4.bmp,0.6986867568756063
i19_22_5.bmp,0.5631061453711309
i19_23_1.bmp,0.9958436550018608
i19_23_2.bmp,0.9875490120754218
i19_23_3.bmp,0.9760732615133882
i19_23_4.bmp,0.958747736047862
i19_23_5.bmp,0.932817922091837
i19_24_1.bmp,0.9204972033493926
i19_24_2.bmp,0.8676739544102704
i19_24_3.bmp,0.7935457466700063
i19_24_4.bmp,0.6912563448026017
i19_24_5.bmp,0.5579838695875584
i20_01_1.bmp,0.9206520246844747
i20_01_2.bmp,0.8597157240494202
i20_01_3.bmp,0.7672353900007236
i20_01_4.bmp,0.6448393024465885
i20_01_5.bmp,0.5072363255239022
i20_02_1.bmp,0.9727757254203983
i20_02_2.bmp,0.9503179311947958
i20_02_3.bmp,0.9093945376111419
i20_02_4.bmp,0.8437166033026136
i20_02_5.bmp,0.7456653474373337
i20_03_1.bmp,0.9354807419788526
i20_03_2.bmp,0.8851718847887415
i20_03_3.bmp,0.8039295481203781
i20_03_4.bmp,0.6959718490511547
i20_03_5.bmp,0.5671716034371409
i20_04_1.bmp,0.9768091938606761
i20_04_2.bmp,0.9586270640033888
i20_04_3.bmp,0.9275347315533383
i20_04_4.bmp,0.8799417606674825
i20_04_5.bmp,0.8137942462031199
i20_05_1.bmp,0.9181758580621212
i20_05_2.bmp,0.8563160117394433
i20_05_3.bmp,0.6843187304720468
i20_05_4.bmp,0.45716736948486497
i20_05_5.bmp,0.2560424217633234
i20_06_1.bmp,0.9034367919537104
i20_06_2.bmp,0.825653105636219
i20_06_3.bmp,0.6851136897559136
i20_06_4.bmp,0.5096383687891969
i20_06_5.bmp,0.3477422543057411
i20_07_1.bmp,0.9667333207455243
i20_07_2.bmp,0.9456431408098291
i20_07_3.bmp,0.8948225752320211
i20_07_4.bmp,0.8594418034757354
i20_07_5.bmp,0.832645465942828
i20_08_1.bmp,0.9890207158049332
i20_08_2.bmp,0.967492288473265
i20_08_3.bmp,0.919830854783581
i20_08_4.bmp,0.8464467575393196
i20_08_5.bmp,0.7586888541122805
i20_09_1.bmp,0.9671588583763552
i20_09_2.bmp,0.9530944082424253
i20_09_3.bmp,0.9267506849371484
i20_09_4.bmp,0.8703206556379124
i20_09_5.bmp,0.7777036720366944
i20_10_1.bmp,0.9689152880276273
i20_10_2.bmp,0.9522627198737951
i20_10_3.bmp,0.9164868763634112
i20_10_4.bmp,0.8533263376203853
i20_10_5.bmp,0.7954963175005586
i20_11_1.bmp,0.9426161000070781
i20_11_2.bmp,0.9116627695080172
i20_11_3.bmp,0.8426566624979664
i20_11_4.bmp,0.7679519540949733
i20_11_5.bmp,0.6998335291279955
i20_12_1.bmp,0.9485053518002315
i20_12_2.bmp,0.998315818420883
i20_12_3.bmp,0.8524016642913151
i20_12_4.bmp,0.8036466756515234
i20_12_5.bmp,0.659168017009388
i20_13_1.bmp,0.9543712089299208
i20_13_2.bmp,0.8023208353178638
i20_13_3.bmp,0.8915405162902579
i20_13_4.bmp,0.6180675860227327
i20_13_5.bmp,0.4894100208448865
i20_14_1.bmp,0.9797403726383251
i20_14_2.bmp,0.9708151139877268
i20_14_3.bmp,0.9406185112291827
i20_14_4.bmp,0.9243708315618285
i20_14_5.bmp,0.8981341620424654
i20_15_1.bmp,0.9462843119433458
i20_15_2.bmp,0.9552863709369925
i20_15_3.bmp,0.9661018389279282
i20_15_4.bmp,0.9766699414623268
i20_15_5.bmp,0.9879368903940511
i20_16_1.bmp,0.9947429776718926
i20_16_2.bmp,0.9895238347365345
i20_16_3.bmp,0.9400741699497053
i20_16_4.bmp,0.9549307994647084
i20_16_5.bmp,0.8451361509408157
i20_17_1.bmp,0.9855600236082713
i20_17_2.bmp,0.9180262563856281
i20_17_3.bmp,0.9482000401633692
i20_17_4.bmp,0.8285685839831977
i20_17_5.bmp,0.8622178626831252
i20_18_1.bmp,0.996485740370203
i20_18_2.bmp,0.9963213359585605
i20_18_3.bmp,0.9980843246026194
i20_18_4.bmp,0.9964178544108412
i20_18_5.bmp,0.9973461259243364
i20_19_1.bmp,0.8901632210900506
i20_19_2.bmp,0.814031101183845
i20_19_3.bmp,0.7162586535436086
i20_19_4.bmp,0.6031665504810209
i20_19_5.bmp,0.49158684160259664
i20_20_1.bmp,0.9148606313224207
i20_20_2.bmp,0.8656023314631777
i20_20_3.bmp,0.8022083739469005
i20_20_4.bmp,0.7177942365689954
i20_20_5.bmp,0.6253441290589822
i20_21_1.bmp,0.9325329334083567
i20_21_2.bmp,0.8944868351630553
i20_21_3.bmp,0.8450722067038549
i20_21_4.bmp,0.7871668598598724
i20_21_5.bmp,0.7258801897590357
i20_22_1.bmp,0.9259520759584583
i20_22_2.bmp,0.8714642150533537
i20_22_3.bmp,0.8021234513571643
i20_22_4.bmp,0.7041194360819705
i20_22_5.bmp,0.572064167263049
i20_23_1.bmp,0.9952195775334665
i20_23_2.bmp,0.9860039631434949
i20_23_3.bmp,0.9719608179139001
i20_23_4.bmp,0.9026915016581767
i20_23_5.bmp,0.7979262777987182
i20_24_1.bmp,0.9357491030534624
i20_24_2.bmp,0.9001498242352666
i20_24_3.bmp,0.8471894625032119
i20_24_4.bmp,0.7710643346803224
i20_24_5.bmp,0.6972689625328853
i21_01_1.bmp,0.9181465535639548
i21_01_2.bmp,0.8583791985524323
i21_01_3.bmp,0.7705825893851193
i21_01_4.bmp,0.6641424689564115
i21_01_5.bmp,0.5504694846470694
i21_02_1.bmp,0.975988774596625
i21_02_2.bmp,0.955228759422839
i21_02_3.bmp,0.9167510729807148
i21_02_4.bmp,0.8573816029599605
i21_02_5.bmp,0.7693175179816086
i21_03_1.bmp,0.9336908379084937
i21_03_2.bmp,0.8827913543517432
i21_03_3.bmp,0.8077591069678818
i21_03_4.bmp,0.7074149599818097
i21_03_5.bmp,0.5939804393890835
i21_04_1.bmp,0.9836832013455944
i21_04_2.bmp,0.9696533502564629
i21_04_3.bmp,0.943247289868565
i21_04_4.bmp,0.8955579314932973
i21_04_5.bmp,0.823536644881219
i21_05_1.bmp,0.9152676859359654
i21_05_2.bmp,0.8541889766472978
i21_05_3.bmp,0.6991826754808291
i21_05_4.bmp,0.5106249746105672
i21_05_5.bmp,0.3264755486729698
i21_06_1.bmp,0.959548780645163
i21_06_2.bmp,0.9155333363748452
i21_06_3.bmp,0.8471113539102497
i21_06_4.bmp,0.732768561826019
i21_06_5.bmp,0.5965038228521365
i21_07_1.bmp,0.9515239625215138
i21_07_2.bmp,0.9248612426415221
i21_07_3.bmp,0.8913388143648268
i21_07_4.bmp,0.8394420996885908
i21_07_5.bmp,0.8174056954103545
i21_08_1.bmp,0.9794350732204534
i21_08_2.bmp,0.9363568026766719
i21_08_3.bmp,0.840081027710608
i21_08_4.bmp,0.7042117226023809
i21_08_5.bmp,0.5696385872382929
i21_09_1.bmp,0.953610708786772
i21_09_2.bmp,0.932269597865714
i21_09_3.bmp,0.874396007617198
i21_09_4.bmp,0.7567477024822074
i21_09_5.bmp,0.5952316819082957
i21_10_1.bmp,0.9544410487214867
i21_10_2.bmp,0.928236970508446
i21_10_3.bmp,0.873666427250026
i21_10_4.bmp,0.7744770782372944
i21_10_5.bmp,0.6717964825358521
i21_11_1.bmp,0.941931935652881
i21_11_2.bmp,0.9060975791964928
i21_11_3.bmp,0.8496144624435509
i21_11_4.bmp,0.7183049234929234
i21_11_5.bmp,0.5467613518116122
i21_12_1.bmp,0.9824795760693537
i21_12_2.bmp,0.9665452187650764
i21_12_3.bmp,0.9036067418641759
i21_12_4.bmp,0.7916864564641779
i21_12_5.bmp,0.7010526411840923
i21_13_1.bmp,0.912988327935249
i21_13_2.bmp,0.8936922391461392
i21_13_3.bmp,0.753171690710123
i21_13_4.bmp,0.6420250438261131
i21_13_5.bmp,0.4501820832800988
i21_14_1.bmp,0.973085536295653
i21_14_2.bmp,0.962834674089556
i21_14_3.bmp,0.928202458733981
i21_14_4.bmp,0.9002914481171637
i21_14_5.bmp,0.8738034491912252
i21_15_1.bmp,0.9484547150879459
i21_15_2.bmp,0.9569556323502355
i21_15_3.bmp,0.9669203877938645
i21_15_4.bmp,0.9772983276231478
i21_15_5.bmp,0.9884663289866775
i21_16_1.bmp,0.9976773398890664
i21_16_2.bmp,0.9944007776115215
i21_16_3.bmp,0.968322140015993
i21_16_4.bmp,0.9623640172135313
i21_16_5.bmp,0.8637759744462306
i21_17_1.bmp,0.9938490242565674
i21_17_2.bmp,0.9786629633047517
i21_17_3.bmp,0.9688909023745377
i21_17_4.bmp,0.919692715348869
i21_17_5.bmp,0.8719389870520126
i21_18_1.bmp,0.99793719169549
i21_18_2.bmp,0.9980245003200355
i21_18_3.bmp,0.9979198948786551
i21_18_4.bmp,0.9981283120397213
i21_18_5.bmp,0.9979564901340152
i21_19_1.bmp,0.905906972131438
i21_19_2.bmp,0.8421613892917542
i21_19_3.bmp,0.7579155315992049
i21_19_4.bmp,0.6624226634281738
i21_19_5.bmp,0.5637500730705474
i21_20_1.bmp,0.9036716016680059
i21_20_2.bmp,0.8578955611508294
i21_20_3.bmp,0.7861323644144069
i21_20_4.bmp,0.671481651556735
i21_20_5.bmp,0.5065875498006195
i21_21_1.bmp,0.9243141957643168
i21_21_2.bmp,0.872967097007876
i21_21_3.bmp,0.7859818781416121
i21_21_4.bmp,0.6521831514766855
i21_21_5.bmp,0.471358360744942
i21_22_1.bmp,0.929094965932574
i21_22_2.bmp,0.8608019539626343
i21_22_3.bmp,0.7880007178451772
i21_22_4.bmp,0.7036958469540501
i21_22_5.bmp,0.6245319766816498
i21_23_1.bmp,0.9942577339668098
i21_23_2.bmp,0.9831164321251085
i21_23_3.bmp,0.9657191795483263
i21_23_4.bmp,0.9401024877802
i21_23_5.bmp,0.6790690974205229
i21_24_1.bmp,0.9347331885521412
i21_24_2.bmp,0.882912348650903
i21_24_3.bmp,0.798436436333915
i21_24_4.bmp,0.6698109975936339
i21_24_5.bmp,0.5314900653576485
i22_01_1.bmp,0.9238681030823209
i22_01_2.bmp,0.8658379424071819
i22_01_3.bmp,0.7752562740929885
i22_01_4.bmp,0.6563136533752904
i22_01_5.bmp,0.5228575670039995
i22_02_1.bmp,0.9781211161234259
i22_02_2.bmp,0.9588341683966457
i22_02_3.bmp,0.9232484085010348
i22_02_4.bmp,0.8645969165415403
i22_02_5.bmp,0.7741914017032937
i22_03_1.bmp,0.9388559667932276
i22_03_2.bmp,0.8897094094991084
i22_03_3.bmp,0.8114392204189511
i22_03_4.bmp,0.7055775405245915
i22_03_5.bmp,0.5755005730251511
i22_04_1.bmp,0.9715395478703056
i22_04_2.bmp,0.9503269636945268
i22_04_3.bmp,0.9071239690443014
i22_04_4.bmp,0.8354924373888479
i22_04_5.bmp,0.7296576875467048
i22_05_1.bmp,0.9220582119980335
i22_05_2.bmp,0.8623532935314581
i22_05_3.bmp,0.69735928461486
i22_05_4.bmp,0.4760132461941
i22_05_5.bmp,0.26796785684288915
i22_06_1.bmp,0.9557918457987187
i22_06_2.bmp,0.916213353314629
i22_06_3.bmp,0.8398485113073505
i22_06_4.bmp,0.7271326957658399
i22_06_5.bmp,0.5658951692933235
i22_07_1.bmp,0.9469612195569884
i22_07_2.bmp,0.9093817112615215
i22_07_3.bmp,0.8612260627084112
i22_07_4.bmp,0.8201576325185864
i22_07_5.bmp,0.7543473005258964
i22_08_1.bmp,0.9758495257636849
i22_08_2.bmp,0.9246995020201204
i22_08_3.bmp,0.813346511292623
i22_08_4.bmp,0.6679859377658149
i22_08_5.bmp,0.5414751126913281
i22_09_1.bmp,0.9288949949887677
i22_09_2.bmp,0.8793382199700703
i22_09_3.bmp,0.7853323246189168
i22_09_4.bmp,0.6707074450006598
i22_09_5.bmp,0.5562814139272186
i22_10_1.bmp,0.9405048548136901
i22_10_2.bmp,0.9019779293796554
i22_10_3.bmp,0.8201661443295702
i22_10_4.bmp,0.6775560212868604
i22_10_5.bmp,0.5754116930547565
i22_11_1.bmp,0.9156454266855207
i22_11_2.bmp,0.8484322846213843
i22_11_3.bmp,0.7404735386830303
i22_11_4.bmp,0.5660372613903202
i22_11_5.bmp,0.4745197262705645
i22_12_1.bmp,0.9990751948281514
i22_12_2.bmp,0.880623645176547
i22_12_3.bmp,0.828117633658298
i22_12_4.bmp,0.6321248949559981
i22_12_5.bmp,0.42464663168651406
i22_13_1.bmp,0.9148364167461644
i22_13_2.bmp,0.8145562958712804
i22_13_3.bmp,0.6890710065205986
i22_13_4.bmp,0.5431634907035435
i22_13_5.bmp,0.48015557045525387
i22_14_1.bmp,0.9612245499589194
i22_14_2.bmp,0.9673512821804747
i22_14_3.bmp,0.9337829944177185
i22_14_4.bmp,0.8967707645713767
i22_14_5.bmp,0.8693815343676492
i22_15_1.bmp,0.9519752440507283
i22_15_2.bmp,0.9597025071832539
i22_15_3.bmp,0.9685327616051993
i22_15_4.bmp,0.97909585578101
i22_15_5.bmp,0.9882606636860259
i22_16_1.bmp,0.9976862902999307
i22_16_2.bmp,0.9944853697322645
i22_16_3.bmp,0.9693719734308195
i22_16_4.bmp,0.9571252700338875
i22_16_5.bmp,0.8516574707612643
i22_17_1.bmp,0.9945532029611079
i22_17_2.bmp,0.9825586065927038
i22_17_3.bmp,0.9698875281125491
i22_17_4.bmp,0.9293843202826305
i22_17_5.bmp,0.8688802674639196
i22_18_1.bmp,0.9982474090593919
i22_18_2.bmp,0.9982549036493248
i22_18_3.bmp,0.9983014437904493
i22_18_4.bmp,0.9981679275606893
i22_18_5.bmp,0.9983615070070447
i22_19_1.bmp,0.9223697629468648
i22_19_2.bmp,0.8688349513605318
i22_19_3.bmp,0.7923627670927456
i22_19_4.bmp,0.6908186533301952
i22_19_5.bmp,0.5715987072651333
i22_20_1.bmp,0.8922506943569589
i22_20_2.bmp,0.8208142564761789
i22_20_3.bmp,0.6904894408164417
i22_20_4.bmp,0.4910268034846879
i22_20_5.bmp,0.3071665737556155
i22_21_1.bmp,0.9081951932780686
i22_21_2.bmp,0.8384551765325928
i22_21_3.bmp,0.7301064252671525
i22_21_4.bmp,0.5736517999863286
i22_21_5.bmp,0.3902506131876193
i22_22_1.bmp,0.9236886490451797
i22_22_2.bmp,0.8524217017548177
i22_22_3.bmp,0.7639240384720825
i22_22_4.bmp,0.6465205568504606
i22_22_5.bmp,0.5786785651417892
i22_23_1.bmp,0.9920863994003035
i22_23_2.bmp,0.9748836007371192
i22_23_3.bmp,0.9424243199518046
i22_23_4.bmp,0.77554591296441
i22_23_5.bmp,0.5382485539999097
i22_24_1.bmp,0.9097109124223995
i22_24_2.bmp,0.8285247432656468
i22_24_3.bmp,0.7058645898178487
i22_24_4.bmp,0.567883888779508
i22_24_5.bmp,0.4723903302786811
i23_01_1.bmp,0.8803345808544233
i23_01_2.bmp,0.7940064249796931
i23_01_3.bmp,0.670199450732895
i23_01_4.bmp,0.5284217449479183
i23_01_5.bmp,0.3887602523410967
i23_02_1.bmp,0.9649843866352119
i23_02_2.bmp,0.93407296490951
i23_02_3.bmp,0.8800483470554393
i23_02_4.bmp,0.7929842741445027
i23_02_5.bmp,0.6698900336744992
i23_03_1.bmp,0.9033362492838433
i23_03_2.bmp,0.8316371703982088
i23_03_3.bmp,0.7216967409592626
i23_03_4.bmp,0.5847456180190514
i23_03_5.bmp,0.443282019306039
i23_04_1.bmp,0.976794491034654
i23_04_2.bmp,0.9565182618047541
i23_04_3.bmp,0.9207885498794327
i23_04_4.bmp,0.860997378438363
i23_04_5.bmp,0.7722524892064996
i23_05_1.bmp,0.8762720097224724
i23_05_2.bmp,0.7884630645623512
i23_05_3.bmp,0.5741151395529951
i23_05_4.bmp,0.3467456079972991
i23_05_5.bmp,0.1836451339490628
i23_06_1.bmp,0.9335391934240335
i23_06_2.bmp,0.8716784247148596
i23_06_3.bmp,0.7687880282723958
i23_06_4.bmp,0.6200758447895258
i23_06_5.bmp,0.44202047326156657
i23_07_1.bmp,0.9233711553283851
i23_07_2.bmp,0.8802184589566582
i23_07_3.bmp,0.8443158825657134
i23_07_4.bmp,0.810634526525495
i23_07_5.bmp,0.7629438318920604
i23_08_1.bmp,0.9899976711047251
i23_08_2.bmp,0.9719417643959689
i23_08_3.bmp,0.9331561839809502
i23_08_4.bmp,0.8712908070466665
i23_08_5.bmp,0.7977245937023926
i23_09_1.bmp,0.9517102215388549
i23_09_2.bmp,0.9377057365004582
i23_09_3.bmp,0.9107657632941396
i23_09_4.bmp,0.8674008718784526
i23_09_5.bmp,0.7926952586994285
i23_10_1.bmp,0.961142351795789
i23_10_2.bmp,0.9460191618134752
i23_10_3.bmp,0.9082236046022328
i23_10_4.bmp,0.8263833908833695
i23_10_5.bmp,0.7475626996127106
i23_11_1.bmp,0.9238393804347323
i23_11_2.bmp,0.8810122935597938
i23_11_3.bmp,0.8312967238335652
i23_11_4.bmp,0.7798849700883856
i23_11_5.bmp,0.7231051296918736
i23_12_1.bmp,0.9529314470312408
i23_12_2.bmp,0.9742924552273431
i23_12_3.bmp,0.8299367841296532
i23_12_4.bmp,0.7428213724710782
i23_12_5.bmp,0.6299592914051045
i23_13_1.bmp,0.9204589275147821
i23_13_2.bmp,0.7846704753156061
i23_13_3.bmp,0.6772190578178893
i23_13_4.bmp,0.5481456789923632
i23_13_5.bmp,0.3910904269977377
i23_14_1.bmp,0.9629645603870169
i23_14_2.bmp,0.9801543060250734
i23_14_3.bmp,0.9614748166040784
i23_14_4.bmp,0.9403424178355858
i23_14_5.bmp,0.9179103094130315
i23_15_1.bmp,0.9451960417678507
i23_15_2.bmp,0.9550964965581806
i23_15_3.bmp,0.9647235407604857
i23_15_4.bmp,0.975486344210103
i23_15_5.bmp,0.9872011565632831
i23_16_1.bmp,0.9978350684409524
i23_16_2.bmp,0.9945305337739986
i23_16_3.bmp,0.9719504425166032
i23_16_4.bmp,0.9604626130650175
i23_16_5.bmp,0.8675014487373846
i23_17_1.bmp,0.9950677286146317
i23_17_2.bmp,0.9834923014345395
i23_17_3.bmp,0.9778937390888486
i23_17_4.bmp,0.9329321827095763
i23_17_5.bmp,0.9119855474721791
i23_18_1.bmp,0.9971769507351973
i23_18_2.bmp,0.9972171441464348
i23_18_3.bmp,0.9972583727561215
i23_18_4.bmp,0.9973190528069841
i23_18_5.bmp,0.9972995457863679
i23_19_1.bmp,0.8803244265999385
i23_19_2.bmp,0.7968631495239402
i23_19_3.bmp,0.6809400816038392
i23_19_4.bmp,0.5459396461727531
i23_19_5.bmp,0.40749619039091817
i23_20_1.bmp,0.8539399653302623
i23_20_2.bmp,0.7908376405371029
i23_20_3.bmp,0.7116603253053292
i23_20_4.bmp,0.628075493864379
i23_20_5.bmp,0.5503497131050394
i23_21_1.bmp,0.8794405928255321
i23_21_2.bmp,0.8019705846318849
i23_21_3.bmp,0.6818196120471312
i23_21_4.bmp,0.5348563182568132
i23_21_5.bmp,0.44841467062284457
i23_22_1.bmp,0.8983397145482205
i23_22_2.bmp,0.8202107204177722
i23_22_3.bmp,0.6976253014338043
i23_22_4.bmp,0.5963517875732319
i23_22_5.bmp,0.4521206219448646
i23_23_1.bmp,0.9916651802310087
i23_23_2.bmp,0.9786185515668153
i23_23_3.bmp,0.9154084943713283
i23_23_4.bmp,0.8788275900740011
i23_23_5.bmp,0.8006168312120179
i23_24_1.bmp,0.9149058174887821
i23_24_2.bmp,0.8767725869729477
i23_24_3.bmp,0.8184717262290342
i23_24_4.bmp,0.7554556920870433
i23_24_5.bmp,0.7115556597602859
i24_01_1.bmp,0.9293664908911707
i24_01_2.bmp,0.8753254596351187
i24_01_3.bmp,0.7885517502516792
i24_01_4.bmp,0.6763628270820441
i24_01_5.bmp,0.5444726450573207
i24_02_1.bmp,0.980003384266169
i24_02_2.bmp,0.9621840883900076
i24_02_3.bmp,0.9282496706784082
i24_02_4.bmp,0.8738410301965065
i24_02_5.bmp,0.7893793629464031
i24_03_1.bmp,0.9426792120966156
i24_03_2.bmp,0.8979861642386809
i24_03_3.bmp,0.822741670391912
i24_03_4.bmp,0.723519894559461
i24_03_5.bmp,0.5981978835644974
i24_04_1.bmp,0.977750639138734
i24_04_2.bmp,0.9593823611981163
i24_04_3.bmp,0.9235464094052912
i24_04_4.bmp,0.8595517946667999
i24_04_5.bmp,0.7603039729814789
i24_05_1.bmp,0.9271926112271953
i24_05_2.bmp,0.8712585063011048
i24_05_3.bmp,0.7153537598738685
i24_05_4.bmp,0.5008588099036475
i24_05_5.bmp,0.29139153636140475
i24_06_1.bmp,0.9607193114337089
i24_06_2.bmp,0.9256325245468175
i24_06_3.bmp,0.8613596807698249
i24_06_4.bmp,0.7517463495729726
i24_06_5.bmp,0.5995663688962773
i24_07_1.bmp,0.9555260699889696
i24_07_2.bmp,0.9219312186906514
i24_07_3.bmp,0.8689858348930674
i24_07_4.bmp,0.8205544357114986
i24_07_5.bmp,0.728898162247301
i24_08_1.bmp,0.9823182255597095
i24_08_2.bmp,0.9436058208251091
i24_08_3.bmp,0.8490802313312416
i24_08_4.bmp,0.7014797902077142
i24_08_5.bmp,0.5500508747308528
i24_09_1.bmp,0.9536380357372537
i24_09_2.bmp,0.9212965902969679
i24_09_3.bmp,0.8493957372561244
i24_09_4.bmp,0.7219586083708648
i24_09_5.bmp,0.5616310549339505
i24_10_1.bmp,0.9571782341413385
i24_10_2.bmp,0.9271636501894026
i24_10_3.bmp,0.8558595833338832
i24_10_4.bmp,0.722542923245682
i24_10_5.bmp,0.6010927639708848
i24_11_1.bmp,0.9347102410452518
i24_11_2.bmp,0.884108363426395
i24_11_3.bmp,0.8023068204801559
i24_11_4.bmp,0.622432299943655
i24_11_5.bmp,0.46813982133155224
i24_12_1.bmp,0.9769508600429526
i24_12_2.bmp,0.9559370851714316
i24_12_3.bmp,0.8662504979870508
i24_12_4.bmp,0.6304294434108925
i24_12_5.bmp,0.47524112888564124
i24_13_1.bmp,0.9095394471254761
i24_13_2.bmp,0.8654844573624483
i24_13_3.bmp,0.7796325451964987
i24_13_4.bmp,0.5725571661702848
i24_13_5.bmp,0.6242081000022586
i24_14_1.bmp,0.9602950055182532
i24_14_2.bmp,0.9639911966967806
i24_14_3.bmp,0.9349161330594112
i24_14_4.bmp,0.9080141559182884
i24_14_5.bmp,0.8758117474537449
i24_15_1.bmp,0.9549359037599083
i24_15_2.bmp,0.961036277647617
i24_15_3.bmp,0.969114284493079
i24_15_4.bmp,0.9760935983567421
i24_15_5.bmp,0.9879408442274874
i24_16_1.bmp,0.997432838957049
i24_16_2.bmp,0.9941378443948702
i24_16_3.bmp,0.9657125664450318
i24_16_4.bmp,0.9586653882077575
i24_16_5.bmp,0.8297439221984223
i24_17_1.bmp,0.9948403866003628
i24_17_2.bmp,0.9851489484513062
i24_17_3.bmp,0.9704203116001762
i24_17_4.bmp,0.9380233163467917
i24_17_5.bmp,0.8683610062027589
i24_18_1.bmp,0.9985254178467171
i24_18_2.bmp,0.9984098847858618
i24_18_3.bmp,0.9985233352979842
i24_18_4.bmp,0.9985108187079975
i24_18_5.bmp,0.9983988701634817
i24_19_1.bmp,0.9298224272388831
i24_19_2.bmp,0.8783439958998785
i24_19_3.bmp,0.8041173710275007
i24_19_4.bmp,0.7024760457162146
i24_19_5.bmp,0.5776093773477335
i24_20_1.bmp,0.9165533427767298
i24_20_2.bmp,0.8585439630091606
i24_20_3.bmp,0.7670220645215708
i24_20_4.bmp,0.6013409017675831
i24_20_5.bmp,0.38184660871291654
i24_21_1.bmp,0.9137434261314425
i24_21_2.bmp,0.8528254957056279
i24_21_3.bmp,0.7545193134751349
i24_21_4.bmp,0.616102965391434
i24_21_5.bmp,0.43966496883866835
i24_22_1.bmp,0.9290397418140413
i24_22_2.bmp,0.8684737858910994
i24_22_3.bmp,0.7655215819378735
i24_22_4.bmp,0.59287726156519
i24_22_5.bmp,0.47357464204979244
i24_23_1.bmp,0.9932619364951053
i24_23_2.bmp,0.9784405447603743
i24_23_3.bmp,0.9546081688110358
i24_23_4.bmp,0.9157639934503706
i24_23_5.bmp,0.5680506029908533
i24_24_1.bmp,0.9363944026561627
i24_24_2.bmp,0.8760928779649371
i24_24_3.bmp,0.7825830157368114
i24_24_4.bmp,0.6306084190572154
i24_24_5.bmp,0.46176479370149165
i25_01_1.bmp,0.9333782721493303
i25_01_2.bmp,0.8882356646730466
i25_01_3.bmp,0.8239100421947547
i25_01_4.bmp,0.7523601632448299
i25_01_5.bmp,0.6783197820900465
i25_02_1.bmp,0.9790907520620411
i25_02_2.bmp,0.9616556620288369
i25_02_3.bmp,0.9307286661382009
i25_02_4.bmp,0.8836915358785034
i25_02_5.bmp,0.820475568542814
i25_03_1.bmp,0.945165998638042
i25_03_2.bmp,0.9065677107933532
i25_03_3.bmp,0.8498385342448631
i25_03_4.bmp,0.7815173887489064
i25_03_5.bmp,0.7058916616694504
i25_04_1.bmp,0.9930541463609585
i25_04_2.bmp,0.9870151475472406
i25_04_3.bmp,0.9768296634727627
i25_04_4.bmp,0.958791781085102
i25_04_5.bmp,0.927915359210916
i25_05_1.bmp,0.9313652703214633
i25_05_2.bmp,0.8846321067967067
i25_05_3.bmp,0.7748098792653013
i25_05_4.bmp,0.6533550563889956
i25_05_5.bmp,0.531391823844633
i25_06_1.bmp,0.9619291852110015
i25_06_2.bmp,0.9287738936020151
i25_06_3.bmp,0.8747244876706239
i25_06_4.bmp,0.7847547148908783
i25_06_5.bmp,0.68576360208041
i25_07_1.bmp,0.9753647335724556
i25_07_2.bmp,0.9615581398612583
i25_07_3.bmp,0.947657364128503
i25_07_4.bmp,0.9253797548445117
i25_07_5.bmp,0.892418065091231
i25_08_1.bmp,0.9635551654650669
i25_08_2.bmp,0.8770736215756595
i25_08_3.bmp,0.7250890832362664
i25_08_4.bmp,0.5852999451891288
i25_08_5.bmp,0.47724425183654
i25_09_1.bmp,0.9925305199465614
i25_09_2.bmp,0.9863626144845183
i25_09_3.bmp,0.9689350148510186
i25_09_4.bmp,0.9011447090563682
i25_09_5.bmp,0.7426697407263742
i25_10_1.bmp,0.9874531193999314
i25_10_2.bmp,0.9763295730791733
i25_10_3.bmp,0.940983070743359
i25_10_4.bmp,0.8611775593001965
i25_10_5.bmp,0.7547951965810261
i25_11_1.bmp,0.9913353411427018
i25_11_2.bmp,0.986433481571483
i25_11_3.bmp,0.9720656895637793
i25_11_4.bmp,0.9557775411939754
i25_11_5.bmp,0.9055714323255046
i25_12_1.bmp,0.9981798716166718
i25_12_2.bmp,0.9934236377224271
i25_12_3.bmp,0.9479241378307633
i25_12_4.bmp,0.9301394682248116
i25_12_5.bmp,0.9114680116517437
i25_13_1.bmp,0.9336048106816518
i25_13_2.bmp,0.9667301848680611
i25_13_3.bmp,0.9129747683595678
i25_13_4.bmp,0.919494706631577
i25_13_5.bmp,0.8343119416944301
i25_14_1.bmp,0.9945814016006443
i25_14_2.bmp,0.9786462355772889
i25_14_3.bmp,0.9680892995660703
i25_14_4.bmp,0.9526469015195573
i25_14_5.bmp,0.9363939975700468
i25_15_1.bmp,0.9457645539365828
i25_15_2.bmp,0.9565726351743512
i25_15_3.bmp,0.9666418772283526
i25_15_4.bmp,0.9773835363419836
i25_15_5.bmp,0.9884430978660201
i25_16_1.bmp,0.9927263381469124
i25_16_2.bmp,0.9807698263031247
i25_16_3.bmp,0.9491754091119867
i25_16_4.bmp,0.9321468819098532
i25_16_5.bmp,0.8501884026130766
i25_17_1.bmp,0.9807591798048457
i25_17_2.bmp,0.9703858346399237
i25_17_3.bmp,0.9389647732955858
i25_17_4.bmp,0.9317405290236618
i25_17_5.bmp,0.8144825448250159
i25_18_1.bmp,0.9992815304636292
i25_18_2.bmp,0.9991880489153712
i25_18_3.bmp,0.9992536133422658
i25_18_4.bmp,0.9992951412671424
i25_18_5.bmp,0.9993112493084592
i25_19_1.bmp,0.9407518951489169
i25_19_2.bmp,0.9026485467234355
i25_19_3.bmp,0.8512632218259065
i25_19_4.bmp,0.7903301576932832
i25_19_5.bmp,0.725057387271237
i25_20_1.bmp,0.9850196621658185
i25_20_2.bmp,0.9744467231469306
i25_20_3.bmp,0.9585911523100081
i25_20_4.bmp,0.9334323278190068
i25_20_5.bmp,0.8875481511531985
i25_21_1.bmp,0.9616158787909532
i25_21_2.bmp,0.9309722337419493
i25_21_3.bmp,0.939146112434361
i25_21_4.bmp,0.7988707254074523
i25_21_5.bmp,0.7178439522201963
i25_22_1.bmp,0.9066477275990619
i25_22_2.bmp,0.8537175248109791
i25_22_3.bmp,0.7801278758568208
i25_22_4.bmp,0.7186692815724091
i25_22_5.bmp,0.6883745051656707
i25_23_1.bmp,0.9991686943728992
i25_23_2.bmp,0.9975709640714121
i25_23_3.bmp,0.9950232932801915
i25_23_4.bmp,0.9917508512621963
i25_23_5.bmp,0.986965600058358
i25_24_1.bmp,0.9783331953388049
i25_24_2.bmp,0.9549830966722439
i25_24_3.bmp,0.9117449142764075
i25_24_4.bmp,0.8673282352973429
i25_24_5.bmp,0.8042298831280854
