name,psnry
i01_01_1.bmp,36.547584533691406
i01_01_2.bmp,33.57386779785156
i01_01_3.bmp,30.47467041015625
i01_01_4.bmp,27.493881225585938
i01_01_5.bmp,24.49489974975586
i01_02_1.bmp,42.55611038208008
i01_02_2.bmp,39.605499267578125
i01_02_3.bmp,36.50523376464844
i01_02_4.bmp,33.546913146972656
i01_02_5.bmp,30.486339569091797
i01_03_1.bmp,36.5900993347168
i01_03_2.bmp,33.49374771118164
i01_03_3.bmp,30.500957489013672
i01_03_4.bmp,27.463497161865234
i01_03_5.bmp,24.453603744506836
i01_04_1.bmp,36.263458251953125
i01_04_2.bmp,33.176353454589844
i01_04_3.bmp,30.09830093383789
i01_04_4.bmp,27.330209732055664
i01_04_5.bmp,24.189712524414062
i01_05_1.bmp,36.496177673339844
i01_05_2.bmp,33.493408203125
i01_05_3.bmp,28.490266799926758
i01_05_4.bmp,23.4810791015625
i01_05_5.bmp,18.477506637573242
i01_06_1.bmp,36.910518646240234
i01_06_2.bmp,33.410491943359375
i01_06_3.bmp,30.482492446899414
i01_06_4.bmp,27.59857177734375
i01_06_5.bmp,24.449127197265625
i01_07_1.bmp,36.187416076660156
i01_07_2.bmp,32.27077102661133
i01_07_3.bmp,30.162303924560547
i01_07_4.bmp,26.729013442993164
i01_07_5.bmp,24.003503799438477
i01_08_1.bmp,33.98786163330078
i01_08_2.bmp,29.15029525756836
i01_08_3.bmp,25.28173828125
i01_08_4.bmp,22.733144760131836
i01_08_5.bmp,20.968902587890625
i01_09_1.bmp,34.73555374145508
i01_09_2.bmp,31.527198791503906
i01_09_3.bmp,27.715579986572266
i01_09_4.bmp,24.63010597229004
i01_09_5.bmp,21.444400787353516
i01_10_1.bmp,33.66558837890625
i01_10_2.bmp,30.652359008789062
i01_10_3.bmp,27.446060180664062
i01_10_4.bmp,24.40951156616211
i01_10_5.bmp,22.319049835205078
i01_11_1.bmp,33.35205841064453
i01_11_2.bmp,30.324600219726562
i01_11_3.bmp,27.34369468688965
i01_11_4.bmp,24.16506004333496
i01_11_5.bmp,21.13551139831543
i01_12_1.bmp,32.83443832397461
i01_12_2.bmp,31.158836364746094
i01_12_3.bmp,27.183700561523438
i01_12_4.bmp,23.918766021728516
i01_12_5.bmp,21.290769577026367
i01_13_1.bmp,33.96958923339844
i01_13_2.bmp,29.55856704711914
i01_13_3.bmp,27.11275863647461
i01_13_4.bmp,24.328935623168945
i01_13_5.bmp,20.81737518310547
i01_14_1.bmp,32.82160186767578
i01_14_2.bmp,29.652225494384766
i01_14_3.bmp,26.94034767150879
i01_14_4.bmp,25.201316833496094
i01_14_5.bmp,23.412338256835938
i01_15_1.bmp,26.92259979248047
i01_15_2.bmp,25.939207077026367
i01_15_3.bmp,25.413108825683594
i01_15_4.bmp,24.74210548400879
i01_15_5.bmp,25.823518753051758
i01_16_1.bmp,32.56956481933594
i01_16_2.bmp,28.130775451660156
i01_16_3.bmp,22.121917724609375
i01_16_4.bmp,18.588397979736328
i01_16_5.bmp,16.196529388427734
i01_17_1.bmp,36.2818603515625
i01_17_2.bmp,30.279321670532227
i01_17_3.bmp,28.305835723876953
i01_17_4.bmp,23.483917236328125
i01_17_5.bmp,22.288644790649414
i01_18_1.bmp,56.624359130859375
i01_18_2.bmp,56.65941619873047
i01_18_3.bmp,56.32230758666992
i01_18_4.bmp,55.331764221191406
i01_18_5.bmp,56.359230041503906
i01_19_1.bmp,36.116493225097656
i01_19_2.bmp,33.11453628540039
i01_19_3.bmp,30.117958068847656
i01_19_4.bmp,27.085628509521484
i01_19_5.bmp,24.100292205810547
i01_20_1.bmp,33.430145263671875
i01_20_2.bmp,30.237125396728516
i01_20_3.bmp,27.233049392700195
i01_20_4.bmp,24.11792755126953
i01_20_5.bmp,21.070457458496094
i01_21_1.bmp,33.807037353515625
i01_21_2.bmp,30.71901512145996
i01_21_3.bmp,27.806398391723633
i01_21_4.bmp,25.037796020507812
i01_21_5.bmp,22.469261169433594
i01_22_1.bmp,34.26253890991211
i01_22_2.bmp,31.067487716674805
i01_22_3.bmp,27.091121673583984
i01_22_4.bmp,25.587032318115234
i01_22_5.bmp,21.11217498779297
i01_23_1.bmp,41.05581283569336
i01_23_2.bmp,35.882633209228516
i01_23_3.bmp,32.85233688354492
i01_23_4.bmp,30.173675537109375
i01_23_5.bmp,21.960947036743164
i01_24_1.bmp,33.4399299621582
i01_24_2.bmp,30.260494232177734
i01_24_3.bmp,27.138681411743164
i01_24_4.bmp,24.081037521362305
i01_24_5.bmp,21.015514373779297
i02_01_1.bmp,36.56638717651367
i02_01_2.bmp,33.552982330322266
i02_01_3.bmp,30.523202896118164
i02_01_4.bmp,27.542016983032227
i02_01_5.bmp,24.581626892089844
i02_02_1.bmp,42.57965850830078
i02_02_2.bmp,39.6043815612793
i02_02_3.bmp,36.57675552368164
i02_02_4.bmp,33.60526657104492
i02_02_5.bmp,30.573837280273438
i02_03_1.bmp,36.56553649902344
i02_03_2.bmp,33.594085693359375
i02_03_3.bmp,30.5299072265625
i02_03_4.bmp,27.45169448852539
i02_03_5.bmp,24.58695411682129
i02_04_1.bmp,36.843994140625
i02_04_2.bmp,33.8015022277832
i02_04_3.bmp,30.784961700439453
i02_04_4.bmp,27.720840454101562
i02_04_5.bmp,24.615421295166016
i02_05_1.bmp,36.50286865234375
i02_05_2.bmp,33.50384521484375
i02_05_3.bmp,28.517559051513672
i02_05_4.bmp,23.627574920654297
i02_05_5.bmp,18.9796085357666
i02_06_1.bmp,35.44773864746094
i02_06_2.bmp,31.672706604003906
i02_06_3.bmp,28.41115951538086
i02_06_4.bmp,25.421016693115234
i02_06_5.bmp,22.477676391601562
i02_07_1.bmp,37.071102142333984
i02_07_2.bmp,34.59962844848633
i02_07_3.bmp,31.558292388916016
i02_07_4.bmp,31.05255126953125
i02_07_5.bmp,25.578927993774414
i02_08_1.bmp,40.015846252441406
i02_08_2.bmp,35.2078971862793
i02_08_3.bmp,31.355009078979492
i02_08_4.bmp,28.668376922607422
i02_08_5.bmp,26.535947799682617
i02_09_1.bmp,36.2556266784668
i02_09_2.bmp,34.229156494140625
i02_09_3.bmp,31.7916202545166
i02_09_4.bmp,29.20220375061035
i02_09_5.bmp,24.02802276611328
i02_10_1.bmp,37.2042350769043
i02_10_2.bmp,34.892982482910156
i02_10_3.bmp,31.99862289428711
i02_10_4.bmp,29.005887985229492
i02_10_5.bmp,26.888031005859375
i02_11_1.bmp,33.975494384765625
i02_11_2.bmp,31.070594787597656
i02_11_3.bmp,28.18694305419922
i02_11_4.bmp,25.41577911376953
i02_11_5.bmp,22.590850830078125
i02_12_1.bmp,45.68711853027344
i02_12_2.bmp,30.737625122070312
i02_12_3.bmp,26.728126525878906
i02_12_4.bmp,23.99092674255371
i02_12_5.bmp,20.655210494995117
i02_13_1.bmp,33.26191329956055
i02_13_2.bmp,30.552270889282227
i02_13_3.bmp,28.035892486572266
i02_13_4.bmp,24.016239166259766
i02_13_5.bmp,21.179935455322266
i02_14_1.bmp,33.350059509277344
i02_14_2.bmp,33.980369567871094
i02_14_3.bmp,31.476139068603516
i02_14_4.bmp,30.511247634887695
i02_14_5.bmp,28.624879837036133
i02_15_1.bmp,27.536115646362305
i02_15_2.bmp,26.779525756835938
i02_15_3.bmp,26.47138786315918
i02_15_4.bmp,26.623973846435547
i02_15_5.bmp,26.52556610107422
i02_16_1.bmp,32.57902908325195
i02_16_2.bmp,28.139766693115234
i02_16_3.bmp,22.169950485229492
i02_16_4.bmp,18.607946395874023
i02_16_5.bmp,16.507545471191406
i02_17_1.bmp,39.83405685424805
i02_17_2.bmp,34.882476806640625
i02_17_3.bmp,31.90707015991211
i02_17_4.bmp,28.87345314025879
i02_17_5.bmp,25.891315460205078
i02_18_1.bmp,56.17766571044922
i02_18_2.bmp,56.33830261230469
i02_18_3.bmp,56.47047424316406
i02_18_4.bmp,56.48625946044922
i02_18_5.bmp,56.47490692138672
i02_19_1.bmp,37.3521842956543
i02_19_2.bmp,34.31235885620117
i02_19_3.bmp,31.350299835205078
i02_19_4.bmp,28.315412521362305
i02_19_5.bmp,25.311569213867188
i02_20_1.bmp,33.64604568481445
i02_20_2.bmp,30.549604415893555
i02_20_3.bmp,27.56338882446289
i02_20_4.bmp,24.783607482910156
i02_20_5.bmp,22.112855911254883
i02_21_1.bmp,34.41047286987305
i02_21_2.bmp,31.59938621520996
i02_21_3.bmp,28.907155990600586
i02_21_4.bmp,26.356708526611328
i02_21_5.bmp,23.502674102783203
i02_22_1.bmp,34.75187301635742
i02_22_2.bmp,31.320823669433594
i02_22_3.bmp,27.654315948486328
i02_22_4.bmp,25.44329833984375
i02_22_5.bmp,21.615915298461914
i02_23_1.bmp,40.642982482910156
i02_23_2.bmp,35.00836181640625
i02_23_3.bmp,28.021156311035156
i02_23_4.bmp,25.277708053588867
i02_23_5.bmp,23.380287170410156
i02_24_1.bmp,33.88616943359375
i02_24_2.bmp,30.79794692993164
i02_24_3.bmp,27.89118003845215
i02_24_4.bmp,25.141178131103516
i02_24_5.bmp,22.149200439453125
i03_01_1.bmp,36.6053466796875
i03_01_2.bmp,33.62342071533203
i03_01_3.bmp,30.55394172668457
i03_01_4.bmp,27.521743774414062
i03_01_5.bmp,24.535850524902344
i03_02_1.bmp,42.56795883178711
i03_02_2.bmp,39.573177337646484
i03_02_3.bmp,36.53700637817383
i03_02_4.bmp,33.535152435302734
i03_02_5.bmp,30.52486228942871
i03_03_1.bmp,36.57018280029297
i03_03_2.bmp,33.64213562011719
i03_03_3.bmp,30.539264678955078
i03_03_4.bmp,27.5508975982666
i03_03_5.bmp,24.557525634765625
i03_04_1.bmp,36.199031829833984
i03_04_2.bmp,32.998573303222656
i03_04_3.bmp,30.170948028564453
i03_04_4.bmp,27.15204429626465
i03_04_5.bmp,24.12815284729004
i03_05_1.bmp,36.53363037109375
i03_05_2.bmp,33.53441619873047
i03_05_3.bmp,28.53968048095703
i03_05_4.bmp,23.5532283782959
i03_05_5.bmp,18.63015365600586
i03_06_1.bmp,36.128536224365234
i03_06_2.bmp,32.992218017578125
i03_06_3.bmp,29.959232330322266
i03_06_4.bmp,26.941804885864258
i03_06_5.bmp,23.915756225585938
i03_07_1.bmp,37.12095260620117
i03_07_2.bmp,33.74663543701172
i03_07_3.bmp,30.77871322631836
i03_07_4.bmp,28.340768814086914
i03_07_5.bmp,23.897079467773438
i03_08_1.bmp,40.671592712402344
i03_08_2.bmp,35.86030960083008
i03_08_3.bmp,31.874927520751953
i03_08_4.bmp,28.869022369384766
i03_08_5.bmp,26.342071533203125
i03_09_1.bmp,39.68699264526367
i03_09_2.bmp,37.200538635253906
i03_09_3.bmp,33.89213562011719
i03_09_4.bmp,30.333141326904297
i03_09_5.bmp,24.994380950927734
i03_10_1.bmp,39.3216552734375
i03_10_2.bmp,36.65860366821289
i03_10_3.bmp,33.394569396972656
i03_10_4.bmp,29.80003547668457
i03_10_5.bmp,26.604413986206055
i03_11_1.bmp,33.95071029663086
i03_11_2.bmp,31.135421752929688
i03_11_3.bmp,28.216054916381836
i03_11_4.bmp,25.004364013671875
i03_11_5.bmp,22.27027130126953
i03_12_1.bmp,33.06788635253906
i03_12_2.bmp,30.72586441040039
i03_12_3.bmp,27.447860717773438
i03_12_4.bmp,24.9727840423584
i03_12_5.bmp,21.191789627075195
i03_13_1.bmp,34.334571838378906
i03_13_2.bmp,30.499385833740234
i03_13_3.bmp,28.917205810546875
i03_13_4.bmp,24.093711853027344
i03_13_5.bmp,20.562755584716797
i03_14_1.bmp,32.982051849365234
i03_14_2.bmp,33.397804260253906
i03_14_3.bmp,30.755651473999023
i03_14_4.bmp,29.596233367919922
i03_14_5.bmp,28.199254989624023
i03_15_1.bmp,27.819049835205078
i03_15_2.bmp,27.290651321411133
i03_15_3.bmp,27.757457733154297
i03_15_4.bmp,27.714174270629883
i03_15_5.bmp,27.135662078857422
i03_16_1.bmp,32.592193603515625
i03_16_2.bmp,28.229469299316406
i03_16_3.bmp,22.207300186157227
i03_16_4.bmp,18.716598510742188
i03_16_5.bmp,16.332534790039062
i03_17_1.bmp,36.01958465576172
i03_17_2.bmp,31.287595748901367
i03_17_3.bmp,28.034297943115234
i03_17_4.bmp,24.660938262939453
i03_17_5.bmp,22.013172149658203
i03_18_1.bmp,56.01461410522461
i03_18_2.bmp,56.19237518310547
i03_18_3.bmp,56.497032165527344
i03_18_4.bmp,56.371498107910156
i03_18_5.bmp,56.48311233520508
i03_19_1.bmp,35.910369873046875
i03_19_2.bmp,32.89773941040039
i03_19_3.bmp,29.882688522338867
i03_19_4.bmp,26.899625778198242
i03_19_5.bmp,23.890430450439453
i03_20_1.bmp,33.879913330078125
i03_20_2.bmp,30.788957595825195
i03_20_3.bmp,27.718692779541016
i03_20_4.bmp,24.756223678588867
i03_20_5.bmp,21.84647560119629
i03_21_1.bmp,34.97062301635742
i03_21_2.bmp,32.07887268066406
i03_21_3.bmp,29.263877868652344
i03_21_4.bmp,26.50424575805664
i03_21_5.bmp,23.357179641723633
i03_22_1.bmp,35.73856735229492
i03_22_2.bmp,32.45184326171875
i03_22_3.bmp,29.420894622802734
i03_22_4.bmp,25.807682037353516
i03_22_5.bmp,23.606048583984375
i03_23_1.bmp,41.221012115478516
i03_23_2.bmp,35.59257125854492
i03_23_3.bmp,28.483909606933594
i03_23_4.bmp,25.80767059326172
i03_23_5.bmp,23.750011444091797
i03_24_1.bmp,33.93956756591797
i03_24_2.bmp,30.978796005249023
i03_24_3.bmp,27.845003128051758
i03_24_4.bmp,24.6644229888916
i03_24_5.bmp,21.917409896850586
i04_01_1.bmp,36.549705505371094
i04_01_2.bmp,33.56489562988281
i04_01_3.bmp,30.494060516357422
i04_01_4.bmp,27.51873207092285
i04_01_5.bmp,24.554967880249023
i04_02_1.bmp,42.550357818603516
i04_02_2.bmp,39.58857345581055
i04_02_3.bmp,36.52391052246094
i04_02_4.bmp,33.57913589477539
i04_02_5.bmp,30.499582290649414
i04_03_1.bmp,36.54378890991211
i04_03_2.bmp,33.57672882080078
i04_03_3.bmp,30.46817398071289
i04_03_4.bmp,27.52680015563965
i04_03_5.bmp,24.532052993774414
i04_04_1.bmp,36.40361404418945
i04_04_2.bmp,33.35299301147461
i04_04_3.bmp,30.50335121154785
i04_04_4.bmp,27.314462661743164
i04_04_5.bmp,24.1214599609375
i04_05_1.bmp,36.50617218017578
i04_05_2.bmp,33.506874084472656
i04_05_3.bmp,28.52287483215332
i04_05_4.bmp,23.591461181640625
i04_05_5.bmp,18.681489944458008
i04_06_1.bmp,36.40885925292969
i04_06_2.bmp,31.599044799804688
i04_06_3.bmp,28.882932662963867
i04_06_4.bmp,25.929452896118164
i04_06_5.bmp,22.89628028869629
i04_07_1.bmp,36.69932174682617
i04_07_2.bmp,33.67518615722656
i04_07_3.bmp,31.88909149169922
i04_07_4.bmp,27.66922378540039
i04_07_5.bmp,23.65240478515625
i04_08_1.bmp,42.14504623413086
i04_08_2.bmp,37.33274841308594
i04_08_3.bmp,33.37288284301758
i04_08_4.bmp,30.3084774017334
i04_08_5.bmp,27.615079879760742
i04_09_1.bmp,37.57777404785156
i04_09_2.bmp,35.81782531738281
i04_09_3.bmp,33.75379180908203
i04_09_4.bmp,30.92644691467285
i04_09_5.bmp,25.245248794555664
i04_10_1.bmp,38.79962921142578
i04_10_2.bmp,36.67465591430664
i04_10_3.bmp,33.78335189819336
i04_10_4.bmp,30.17714500427246
i04_10_5.bmp,27.142223358154297
i04_11_1.bmp,33.93442916870117
i04_11_2.bmp,31.122581481933594
i04_11_3.bmp,28.222118377685547
i04_11_4.bmp,24.742219924926758
i04_11_5.bmp,22.035125732421875
i04_12_1.bmp,33.27865219116211
i04_12_2.bmp,29.82876205444336
i04_12_3.bmp,28.512104034423828
i04_12_4.bmp,24.394615173339844
i04_12_5.bmp,22.179784774780273
i04_13_1.bmp,33.388668060302734
i04_13_2.bmp,30.241695404052734
i04_13_3.bmp,27.164365768432617
i04_13_4.bmp,24.34482765197754
i04_13_5.bmp,20.913991928100586
i04_14_1.bmp,33.29133605957031
i04_14_2.bmp,36.82575225830078
i04_14_3.bmp,33.27115249633789
i04_14_4.bmp,32.0048828125
i04_14_5.bmp,30.154640197753906
i04_15_1.bmp,30.036502838134766
i04_15_2.bmp,29.316795349121094
i04_15_3.bmp,28.656532287597656
i04_15_4.bmp,28.745574951171875
i04_15_5.bmp,25.699796676635742
i04_16_1.bmp,32.57870864868164
i04_16_2.bmp,28.137371063232422
i04_16_3.bmp,22.150100708007812
i04_16_4.bmp,18.59661293029785
i04_16_5.bmp,16.391143798828125
i04_17_1.bmp,37.40300369262695
i04_17_2.bmp,31.74199676513672
i04_17_3.bmp,29.449047088623047
i04_17_4.bmp,24.993942260742188
i04_17_5.bmp,23.430240631103516
i04_18_1.bmp,56.3386116027832
i04_18_2.bmp,56.47605895996094
i04_18_3.bmp,56.31694030761719
i04_18_4.bmp,56.38007354736328
i04_18_5.bmp,55.9995231628418
i04_19_1.bmp,36.780670166015625
i04_19_2.bmp,33.78366470336914
i04_19_3.bmp,30.763851165771484
i04_19_4.bmp,27.7607421875
i04_19_5.bmp,24.735321044921875
i04_20_1.bmp,33.67189025878906
i04_20_2.bmp,30.584152221679688
i04_20_3.bmp,27.775413513183594
i04_20_4.bmp,24.954072952270508
i04_20_5.bmp,21.91267204284668
i04_21_1.bmp,34.57314682006836
i04_21_2.bmp,31.92932891845703
i04_21_3.bmp,29.241445541381836
i04_21_4.bmp,26.60356903076172
i04_21_5.bmp,22.662450790405273
i04_22_1.bmp,35.111717224121094
i04_22_2.bmp,31.618999481201172
i04_22_3.bmp,28.3754825592041
i04_22_4.bmp,24.67870330810547
i04_22_5.bmp,20.884323120117188
i04_23_1.bmp,40.754058837890625
i04_23_2.bmp,32.48530578613281
i04_23_3.bmp,28.638708114624023
i04_23_4.bmp,26.75937271118164
i04_23_5.bmp,23.04286003112793
i04_24_1.bmp,33.849754333496094
i04_24_2.bmp,31.004730224609375
i04_24_3.bmp,27.872228622436523
i04_24_4.bmp,24.849578857421875
i04_24_5.bmp,21.64678955078125
i05_01_1.bmp,36.60286331176758
i05_01_2.bmp,33.611297607421875
i05_01_3.bmp,30.63159942626953
i05_01_4.bmp,27.696638107299805
i05_01_5.bmp,24.756332397460938
i05_02_1.bmp,42.56122589111328
i05_02_2.bmp,39.599700927734375
i05_02_3.bmp,36.54900360107422
i05_02_4.bmp,33.60832214355469
i05_02_5.bmp,30.57733917236328
i05_03_1.bmp,36.59581756591797
i05_03_2.bmp,33.674415588378906
i05_03_3.bmp,30.660581588745117
i05_03_4.bmp,27.685728073120117
i05_03_5.bmp,24.698345184326172
i05_04_1.bmp,36.18067932128906
i05_04_2.bmp,33.27572250366211
i05_04_3.bmp,30.175918579101562
i05_04_4.bmp,27.21121597290039
i05_04_5.bmp,24.242525100708008
i05_05_1.bmp,36.552146911621094
i05_05_2.bmp,33.57707977294922
i05_05_3.bmp,28.667909622192383
i05_05_4.bmp,23.818723678588867
i05_05_5.bmp,18.975378036499023
i05_06_1.bmp,35.452354431152344
i05_06_2.bmp,31.985591888427734
i05_06_3.bmp,28.96449089050293
i05_06_4.bmp,25.893047332763672
i05_06_5.bmp,22.880294799804688
i05_07_1.bmp,36.95659255981445
i05_07_2.bmp,33.70674133300781
i05_07_3.bmp,30.3197021484375
i05_07_4.bmp,26.501455307006836
i05_07_5.bmp,23.29491424560547
i05_08_1.bmp,33.21502685546875
i05_08_2.bmp,28.416160583496094
i05_08_3.bmp,24.27760124206543
i05_08_4.bmp,21.182710647583008
i05_08_5.bmp,18.851364135742188
i05_09_1.bmp,36.24327087402344
i05_09_2.bmp,33.34224319458008
i05_09_3.bmp,28.889196395874023
i05_09_4.bmp,23.73563003540039
i05_09_5.bmp,18.97610092163086
i05_10_1.bmp,34.63306427001953
i05_10_2.bmp,31.14433479309082
i05_10_3.bmp,27.18819808959961
i05_10_4.bmp,23.58391571044922
i05_10_5.bmp,21.176841735839844
i05_11_1.bmp,33.947444915771484
i05_11_2.bmp,30.760028839111328
i05_11_3.bmp,27.637741088867188
i05_11_4.bmp,24.665172576904297
i05_11_5.bmp,21.494956970214844
i05_12_1.bmp,32.52726745605469
i05_12_2.bmp,30.535390853881836
i05_12_3.bmp,27.206830978393555
i05_12_4.bmp,24.987525939941406
i05_12_5.bmp,20.10840606689453
i05_13_1.bmp,33.7051887512207
i05_13_2.bmp,37.59125518798828
i05_13_3.bmp,27.126596450805664
i05_13_4.bmp,24.346921920776367
i05_13_5.bmp,21.063880920410156
i05_14_1.bmp,32.7586555480957
i05_14_2.bmp,27.3671817779541
i05_14_3.bmp,24.070377349853516
i05_14_4.bmp,22.18709945678711
i05_14_5.bmp,20.11508560180664
i05_15_1.bmp,23.187870025634766
i05_15_2.bmp,23.355613708496094
i05_15_3.bmp,23.660526275634766
i05_15_4.bmp,23.797576904296875
i05_15_5.bmp,28.207477569580078
i05_16_1.bmp,32.59731674194336
i05_16_2.bmp,28.210128784179688
i05_16_3.bmp,22.333772659301758
i05_16_4.bmp,18.69799041748047
i05_16_5.bmp,16.847536087036133
i05_17_1.bmp,33.40935134887695
i05_17_2.bmp,28.6648006439209
i05_17_3.bmp,25.442543029785156
i05_17_4.bmp,22.69668960571289
i05_17_5.bmp,19.41006851196289
i05_18_1.bmp,56.457481384277344
i05_18_2.bmp,56.34087371826172
i05_18_3.bmp,56.291969299316406
i05_18_4.bmp,56.27867126464844
i05_18_5.bmp,55.920982360839844
i05_19_1.bmp,36.23989486694336
i05_19_2.bmp,33.248870849609375
i05_19_3.bmp,30.251419067382812
i05_19_4.bmp,27.22088050842285
i05_19_5.bmp,24.245277404785156
i05_20_1.bmp,33.772117614746094
i05_20_2.bmp,30.539691925048828
i05_20_3.bmp,27.429885864257812
i05_20_4.bmp,24.350971221923828
i05_20_5.bmp,21.38909912109375
i05_21_1.bmp,34.30374526977539
i05_21_2.bmp,31.118465423583984
i05_21_3.bmp,28.063907623291016
i05_21_4.bmp,25.121692657470703
i05_21_5.bmp,21.909425735473633
i05_22_1.bmp,35.99713897705078
i05_22_2.bmp,32.819435119628906
i05_22_3.bmp,29.565183639526367
i05_22_4.bmp,25.69502830505371
i05_22_5.bmp,22.245803833007812
i05_23_1.bmp,41.38639831542969
i05_23_2.bmp,36.47195816040039
i05_23_3.bmp,33.61519241333008
i05_23_4.bmp,31.464885711669922
i05_23_5.bmp,28.954967498779297
i05_24_1.bmp,34.15330505371094
i05_24_2.bmp,30.94923973083496
i05_24_3.bmp,27.745220184326172
i05_24_4.bmp,24.568326950073242
i05_24_5.bmp,21.487442016601562
i06_01_1.bmp,36.73434066772461
i06_01_2.bmp,33.722564697265625
i06_01_3.bmp,30.659921646118164
i06_01_4.bmp,27.6925048828125
i06_01_5.bmp,24.69013214111328
i06_02_1.bmp,42.51201248168945
i06_02_2.bmp,39.52676010131836
i06_02_3.bmp,36.47832107543945
i06_02_4.bmp,33.4642219543457
i06_02_5.bmp,30.424388885498047
i06_03_1.bmp,36.722530364990234
i06_03_2.bmp,33.692928314208984
i06_03_3.bmp,30.61884880065918
i06_03_4.bmp,27.72509765625
i06_03_5.bmp,24.747085571289062
i06_04_1.bmp,36.28588104248047
i06_04_2.bmp,33.38163757324219
i06_04_3.bmp,30.314903259277344
i06_04_4.bmp,27.149585723876953
i06_04_5.bmp,24.47020721435547
i06_05_1.bmp,36.63825225830078
i06_05_2.bmp,33.649017333984375
i06_05_3.bmp,28.685562133789062
i06_05_4.bmp,23.713459014892578
i06_05_5.bmp,18.72067642211914
i06_06_1.bmp,35.96480178833008
i06_06_2.bmp,30.955265045166016
i06_06_3.bmp,27.873210906982422
i06_06_4.bmp,24.920942306518555
i06_06_5.bmp,21.90552520751953
i06_07_1.bmp,36.005958557128906
i06_07_2.bmp,32.668540954589844
i06_07_3.bmp,30.745704650878906
i06_07_4.bmp,27.48528289794922
i06_07_5.bmp,24.38045883178711
i06_08_1.bmp,33.876434326171875
i06_08_2.bmp,29.009693145751953
i06_08_3.bmp,25.159358978271484
i06_08_4.bmp,22.636978149414062
i06_08_5.bmp,20.81659698486328
i06_09_1.bmp,35.514251708984375
i06_09_2.bmp,32.517921447753906
i06_09_3.bmp,28.442996978759766
i06_09_4.bmp,24.50330352783203
i06_09_5.bmp,20.452556610107422
i06_10_1.bmp,34.669471740722656
i06_10_2.bmp,31.424701690673828
i06_10_3.bmp,27.875307083129883
i06_10_4.bmp,24.667083740234375
i06_10_5.bmp,22.537986755371094
i06_11_1.bmp,33.599700927734375
i06_11_2.bmp,30.448322296142578
i06_11_3.bmp,27.33069610595703
i06_11_4.bmp,24.216480255126953
i06_11_5.bmp,21.109790802001953
i06_12_1.bmp,33.7490348815918
i06_12_2.bmp,29.437829971313477
i06_12_3.bmp,26.89338493347168
i06_12_4.bmp,24.40475845336914
i06_12_5.bmp,21.02617073059082
i06_13_1.bmp,34.068206787109375
i06_13_2.bmp,30.836381912231445
i06_13_3.bmp,27.480623245239258
i06_13_4.bmp,24.065465927124023
i06_13_5.bmp,20.982954025268555
i06_14_1.bmp,32.916343688964844
i06_14_2.bmp,28.92137908935547
i06_14_3.bmp,25.684368133544922
i06_14_4.bmp,24.27203941345215
i06_14_5.bmp,22.661115646362305
i06_15_1.bmp,25.220060348510742
i06_15_2.bmp,24.625152587890625
i06_15_3.bmp,24.39053726196289
i06_15_4.bmp,23.80974006652832
i06_15_5.bmp,23.72077178955078
i06_16_1.bmp,32.569156646728516
i06_16_2.bmp,28.52342414855957
i06_16_3.bmp,22.118350982666016
i06_16_4.bmp,19.163339614868164
i06_16_5.bmp,16.14488983154297
i06_17_1.bmp,32.532630920410156
i06_17_2.bmp,28.685211181640625
i06_17_3.bmp,24.499366760253906
i06_17_4.bmp,22.709257125854492
i06_17_5.bmp,18.47954559326172
i06_18_1.bmp,56.26985168457031
i06_18_2.bmp,56.426639556884766
i06_18_3.bmp,56.5367546081543
i06_18_4.bmp,56.356101989746094
i06_18_5.bmp,56.37091064453125
i06_19_1.bmp,35.91521453857422
i06_19_2.bmp,32.8926887512207
i06_19_3.bmp,29.903038024902344
i06_19_4.bmp,26.89371109008789
i06_19_5.bmp,23.88442039489746
i06_20_1.bmp,33.506752014160156
i06_20_2.bmp,30.415237426757812
i06_20_3.bmp,27.30236053466797
i06_20_4.bmp,24.30638885498047
i06_20_5.bmp,21.17962074279785
i06_21_1.bmp,34.008026123046875
i06_21_2.bmp,30.92894744873047
i06_21_3.bmp,27.96442222595215
i06_21_4.bmp,25.134050369262695
i06_21_5.bmp,22.110145568847656
i06_22_1.bmp,34.828792572021484
i06_22_2.bmp,31.39228057861328
i06_22_3.bmp,27.605823516845703
i06_22_4.bmp,24.628570556640625
i06_22_5.bmp,22.307350158691406
i06_23_1.bmp,41.16661834716797
i06_23_2.bmp,35.963985443115234
i06_23_3.bmp,32.76359939575195
i06_23_4.bmp,30.48396873474121
i06_23_5.bmp,21.859037399291992
i06_24_1.bmp,33.80335998535156
i06_24_2.bmp,30.600072860717773
i06_24_3.bmp,27.366674423217773
i06_24_4.bmp,24.2181396484375
i06_24_5.bmp,21.028650283813477
i07_01_1.bmp,36.55388259887695
i07_01_2.bmp,33.55378341674805
i07_01_3.bmp,30.48769760131836
i07_01_4.bmp,27.51531410217285
i07_01_5.bmp,24.494220733642578
i07_02_1.bmp,42.58722686767578
i07_02_2.bmp,39.57646560668945
i07_02_3.bmp,36.52678680419922
i07_02_4.bmp,33.53138732910156
i07_02_5.bmp,30.517879486083984
i07_03_1.bmp,36.56206512451172
i07_03_2.bmp,33.554405212402344
i07_03_3.bmp,30.53400993347168
i07_03_4.bmp,27.48883056640625
i07_03_5.bmp,24.4844913482666
i07_04_1.bmp,36.281471252441406
i07_04_2.bmp,33.175960540771484
i07_04_3.bmp,30.22043228149414
i07_04_4.bmp,27.108652114868164
i07_04_5.bmp,24.23969078063965
i07_05_1.bmp,36.49837112426758
i07_05_2.bmp,33.49668502807617
i07_05_3.bmp,28.49896240234375
i07_05_4.bmp,23.496368408203125
i07_05_5.bmp,18.507049560546875
i07_06_1.bmp,36.34086990356445
i07_06_2.bmp,33.29841995239258
i07_06_3.bmp,30.41942596435547
i07_06_4.bmp,27.40553855895996
i07_06_5.bmp,24.4552001953125
i07_07_1.bmp,37.26652526855469
i07_07_2.bmp,34.01543426513672
i07_07_3.bmp,30.057527542114258
i07_07_4.bmp,26.659648895263672
i07_07_5.bmp,23.90906524658203
i07_08_1.bmp,39.25120544433594
i07_08_2.bmp,34.35015869140625
i07_08_3.bmp,30.014162063598633
i07_08_4.bmp,26.20104217529297
i07_08_5.bmp,22.635604858398438
i07_09_1.bmp,39.06664276123047
i07_09_2.bmp,36.509403228759766
i07_09_3.bmp,32.83395004272461
i07_09_4.bmp,28.703960418701172
i07_09_5.bmp,23.74388885498047
i07_10_1.bmp,38.564605712890625
i07_10_2.bmp,35.72465515136719
i07_10_3.bmp,32.17335510253906
i07_10_4.bmp,28.054546356201172
i07_10_5.bmp,25.00185775756836
i07_11_1.bmp,33.928260803222656
i07_11_2.bmp,31.042171478271484
i07_11_3.bmp,28.125926971435547
i07_11_4.bmp,24.804746627807617
i07_11_5.bmp,21.680391311645508
i07_12_1.bmp,44.65046310424805
i07_12_2.bmp,30.80762481689453
i07_12_3.bmp,27.036834716796875
i07_12_4.bmp,24.856178283691406
i07_12_5.bmp,20.98188591003418
i07_13_1.bmp,35.35157012939453
i07_13_2.bmp,30.10036849975586
i07_13_3.bmp,27.249300003051758
i07_13_4.bmp,24.119915008544922
i07_13_5.bmp,21.254501342773438
i07_14_1.bmp,33.12730026245117
i07_14_2.bmp,31.860597610473633
i07_14_3.bmp,28.674734115600586
i07_14_4.bmp,26.81295394897461
i07_14_5.bmp,25.367706298828125
i07_15_1.bmp,27.23174285888672
i07_15_2.bmp,26.243154525756836
i07_15_3.bmp,25.90108871459961
i07_15_4.bmp,25.771793365478516
i07_15_5.bmp,26.370487213134766
i07_16_1.bmp,32.57292175292969
i07_16_2.bmp,28.14082145690918
i07_16_3.bmp,22.142160415649414
i07_16_4.bmp,18.60930061340332
i07_16_5.bmp,16.2601261138916
i07_17_1.bmp,36.06003189086914
i07_17_2.bmp,30.3488712310791
i07_17_3.bmp,28.113937377929688
i07_17_4.bmp,23.766643524169922
i07_17_5.bmp,22.094667434692383
i07_18_1.bmp,56.31202697753906
i07_18_2.bmp,56.47932434082031
i07_18_3.bmp,56.422000885009766
i07_18_4.bmp,56.195457458496094
i07_18_5.bmp,55.2363166809082
i07_19_1.bmp,36.09672927856445
i07_19_2.bmp,33.14362716674805
i07_19_3.bmp,30.104257583618164
i07_19_4.bmp,27.108131408691406
i07_19_5.bmp,24.118732452392578
i07_20_1.bmp,33.73469924926758
i07_20_2.bmp,30.646835327148438
i07_20_3.bmp,27.61602783203125
i07_20_4.bmp,24.85984992980957
i07_20_5.bmp,21.829994201660156
i07_21_1.bmp,34.60531234741211
i07_21_2.bmp,31.800392150878906
i07_21_3.bmp,28.883258819580078
i07_21_4.bmp,26.1796932220459
i07_21_5.bmp,22.86456298828125
i07_22_1.bmp,35.478214263916016
i07_22_2.bmp,31.950437545776367
i07_22_3.bmp,28.648645401000977
i07_22_4.bmp,25.3819580078125
i07_22_5.bmp,22.19375228881836
i07_23_1.bmp,41.81217575073242
i07_23_2.bmp,36.21608352661133
i07_23_3.bmp,29.060287475585938
i07_23_4.bmp,28.11406898498535
i07_23_5.bmp,24.24323844909668
i07_24_1.bmp,33.938629150390625
i07_24_2.bmp,30.852264404296875
i07_24_3.bmp,27.88569450378418
i07_24_4.bmp,24.82316017150879
i07_24_5.bmp,21.72368049621582
i08_01_1.bmp,36.632808685302734
i08_01_2.bmp,33.64789581298828
i08_01_3.bmp,30.606056213378906
i08_01_4.bmp,27.65685272216797
i08_01_5.bmp,24.709442138671875
i08_02_1.bmp,42.521060943603516
i08_02_2.bmp,39.51880645751953
i08_02_3.bmp,36.494789123535156
i08_02_4.bmp,33.49137878417969
i08_02_5.bmp,30.467615127563477
i08_03_1.bmp,36.681175231933594
i08_03_2.bmp,33.73027801513672
i08_03_3.bmp,30.662500381469727
i08_03_4.bmp,27.667367935180664
i08_03_5.bmp,24.702953338623047
i08_04_1.bmp,36.271827697753906
i08_04_2.bmp,33.432559967041016
i08_04_3.bmp,30.390850067138672
i08_04_4.bmp,27.38524627685547
i08_04_5.bmp,24.441469192504883
i08_05_1.bmp,36.5724983215332
i08_05_2.bmp,33.586429595947266
i08_05_3.bmp,28.638723373413086
i08_05_4.bmp,23.72524642944336
i08_05_5.bmp,18.82875633239746
i08_06_1.bmp,35.49525451660156
i08_06_2.bmp,31.080123901367188
i08_06_3.bmp,27.54751205444336
i08_06_4.bmp,24.479703903198242
i08_06_5.bmp,21.470415115356445
i08_07_1.bmp,36.38868713378906
i08_07_2.bmp,33.14459228515625
i08_07_3.bmp,30.4271297454834
i08_07_4.bmp,27.19704818725586
i08_07_5.bmp,23.741531372070312
i08_08_1.bmp,31.811824798583984
i08_08_2.bmp,26.839622497558594
i08_08_3.bmp,22.773893356323242
i08_08_4.bmp,19.979555130004883
i08_08_5.bmp,17.88865852355957
i08_09_1.bmp,35.54274368286133
i08_09_2.bmp,32.87955856323242
i08_09_3.bmp,29.110193252563477
i08_09_4.bmp,24.661237716674805
i08_09_5.bmp,19.558244705200195
i08_10_1.bmp,34.333492279052734
i08_10_2.bmp,31.109718322753906
i08_10_3.bmp,27.131330490112305
i08_10_4.bmp,23.5057430267334
i08_10_5.bmp,21.17876434326172
i08_11_1.bmp,33.76689529418945
i08_11_2.bmp,30.668962478637695
i08_11_3.bmp,27.270498275756836
i08_11_4.bmp,24.289554595947266
i08_11_5.bmp,21.217609405517578
i08_12_1.bmp,35.09143829345703
i08_12_2.bmp,31.326251983642578
i08_12_3.bmp,26.725341796875
i08_12_4.bmp,24.631120681762695
i08_12_5.bmp,21.690383911132812
i08_13_1.bmp,33.859413146972656
i08_13_2.bmp,29.59904670715332
i08_13_3.bmp,26.875829696655273
i08_13_4.bmp,24.456512451171875
i08_13_5.bmp,21.08657455444336
i08_14_1.bmp,32.89514923095703
i08_14_2.bmp,26.63442611694336
i08_14_3.bmp,23.17648696899414
i08_14_4.bmp,22.10061264038086
i08_14_5.bmp,19.874818801879883
i08_15_1.bmp,23.102052688598633
i08_15_2.bmp,23.247726440429688
i08_15_3.bmp,23.742990493774414
i08_15_4.bmp,23.969539642333984
i08_15_5.bmp,26.83310317993164
i08_16_1.bmp,32.56801986694336
i08_16_2.bmp,28.400493621826172
i08_16_3.bmp,22.124359130859375
i08_16_4.bmp,19.074316024780273
i08_16_5.bmp,16.21743392944336
i08_17_1.bmp,31.872604370117188
i08_17_2.bmp,27.53681182861328
i08_17_3.bmp,23.860475540161133
i08_17_4.bmp,21.97393226623535
i08_17_5.bmp,17.857534408569336
i08_18_1.bmp,56.4346923828125
i08_18_2.bmp,56.418819427490234
i08_18_3.bmp,56.29558181762695
i08_18_4.bmp,56.461788177490234
i08_18_5.bmp,52.23509979248047
i08_19_1.bmp,36.2291259765625
i08_19_2.bmp,33.28276824951172
i08_19_3.bmp,30.325286865234375
i08_19_4.bmp,27.298490524291992
i08_19_5.bmp,24.29339599609375
i08_20_1.bmp,33.666717529296875
i08_20_2.bmp,30.51726531982422
i08_20_3.bmp,27.381000518798828
i08_20_4.bmp,24.22620964050293
i08_20_5.bmp,21.31320571899414
i08_21_1.bmp,34.057411193847656
i08_21_2.bmp,30.91779899597168
i08_21_3.bmp,27.980623245239258
i08_21_4.bmp,25.147459030151367
i08_21_5.bmp,22.136430740356445
i08_22_1.bmp,35.289127349853516
i08_22_2.bmp,31.699951171875
i08_22_3.bmp,28.285465240478516
i08_22_4.bmp,25.22528839111328
i08_22_5.bmp,22.203065872192383
i08_23_1.bmp,41.07145690917969
i08_23_2.bmp,36.084815979003906
i08_23_3.bmp,32.96284484863281
i08_23_4.bmp,31.06722068786621
i08_23_5.bmp,28.944374084472656
i08_24_1.bmp,33.99834060668945
i08_24_2.bmp,30.788938522338867
i08_24_3.bmp,27.590656280517578
i08_24_4.bmp,24.456787109375
i08_24_5.bmp,21.27536392211914
i09_01_1.bmp,36.572452545166016
i09_01_2.bmp,33.56187438964844
i09_01_3.bmp,30.507465362548828
i09_01_4.bmp,27.52128791809082
i09_01_5.bmp,24.493696212768555
i09_02_1.bmp,42.57604217529297
i09_02_2.bmp,39.60665512084961
i09_02_3.bmp,36.522911071777344
i09_02_4.bmp,33.505104064941406
i09_02_5.bmp,30.47612953186035
i09_03_1.bmp,36.583892822265625
i09_03_2.bmp,33.573116302490234
i09_03_3.bmp,30.530031204223633
i09_03_4.bmp,27.53200912475586
i09_03_5.bmp,24.48219108581543
i09_04_1.bmp,35.99619674682617
i09_04_2.bmp,33.11602783203125
i09_04_3.bmp,30.138355255126953
i09_04_4.bmp,27.180522918701172
i09_04_5.bmp,24.354238510131836
i09_05_1.bmp,36.501869201660156
i09_05_2.bmp,33.499996185302734
i09_05_3.bmp,28.49881362915039
i09_05_4.bmp,23.499553680419922
i09_05_5.bmp,18.565542221069336
i09_06_1.bmp,36.249664306640625
i09_06_2.bmp,33.02680206298828
i09_06_3.bmp,30.200939178466797
i09_06_4.bmp,27.144145965576172
i09_06_5.bmp,24.098005294799805
i09_07_1.bmp,37.07841110229492
i09_07_2.bmp,34.0350227355957
i09_07_3.bmp,30.804786682128906
i09_07_4.bmp,26.705615997314453
i09_07_5.bmp,23.83559799194336
i09_08_1.bmp,37.97141647338867
i09_08_2.bmp,33.023406982421875
i09_08_3.bmp,28.761737823486328
i09_08_4.bmp,25.351078033447266
i09_08_5.bmp,22.482568740844727
i09_09_1.bmp,38.04791259765625
i09_09_2.bmp,35.73236846923828
i09_09_3.bmp,32.38104248046875
i09_09_4.bmp,28.66216278076172
i09_09_5.bmp,23.566301345825195
i09_10_1.bmp,37.74698257446289
i09_10_2.bmp,35.001556396484375
i09_10_3.bmp,31.529155731201172
i09_10_4.bmp,27.76728630065918
i09_10_5.bmp,25.02634048461914
i09_11_1.bmp,33.69847106933594
i09_11_2.bmp,30.623807907104492
i09_11_3.bmp,27.805089950561523
i09_11_4.bmp,24.508371353149414
i09_11_5.bmp,21.461523056030273
i09_12_1.bmp,34.44004440307617
i09_12_2.bmp,31.5915584564209
i09_12_3.bmp,27.08843994140625
i09_12_4.bmp,24.107330322265625
i09_12_5.bmp,21.195884704589844
i09_13_1.bmp,32.79276657104492
i09_13_2.bmp,30.142602920532227
i09_13_3.bmp,27.024154663085938
i09_13_4.bmp,25.10990333557129
i09_13_5.bmp,20.793474197387695
i09_14_1.bmp,32.76179122924805
i09_14_2.bmp,30.867931365966797
i09_14_3.bmp,27.592761993408203
i09_14_4.bmp,26.202014923095703
i09_14_5.bmp,24.336767196655273
i09_15_1.bmp,25.344676971435547
i09_15_2.bmp,25.057098388671875
i09_15_3.bmp,24.741329193115234
i09_15_4.bmp,24.521892547607422
i09_15_5.bmp,24.81403350830078
i09_16_1.bmp,32.57738494873047
i09_16_2.bmp,28.14054298400879
i09_16_3.bmp,22.12371063232422
i09_16_4.bmp,18.614459991455078
i09_16_5.bmp,16.168338775634766
i09_17_1.bmp,34.44466018676758
i09_17_2.bmp,28.616790771484375
i09_17_3.bmp,26.486310958862305
i09_17_4.bmp,22.094905853271484
i09_17_5.bmp,20.46756935119629
i09_18_1.bmp,56.575199127197266
i09_18_2.bmp,56.48286437988281
i09_18_3.bmp,56.541175842285156
i09_18_4.bmp,56.16532897949219
i09_18_5.bmp,56.15522003173828
i09_19_1.bmp,36.22514724731445
i09_19_2.bmp,33.244606018066406
i09_19_3.bmp,30.285171508789062
i09_19_4.bmp,27.26721954345703
i09_19_5.bmp,24.284135818481445
i09_20_1.bmp,33.65679931640625
i09_20_2.bmp,30.50640296936035
i09_20_3.bmp,27.34849739074707
i09_20_4.bmp,24.47613525390625
i09_20_5.bmp,21.531909942626953
i09_21_1.bmp,34.50276184082031
i09_21_2.bmp,31.636611938476562
i09_21_3.bmp,28.861225128173828
i09_21_4.bmp,26.18470001220703
i09_21_5.bmp,22.38637924194336
i09_22_1.bmp,35.00480270385742
i09_22_2.bmp,31.839092254638672
i09_22_3.bmp,28.677265167236328
i09_22_4.bmp,24.820598602294922
i09_22_5.bmp,22.83909034729004
i09_23_1.bmp,41.60707092285156
i09_23_2.bmp,36.53126525878906
i09_23_3.bmp,32.53697967529297
i09_23_4.bmp,27.45709228515625
i09_23_5.bmp,23.614370346069336
i09_24_1.bmp,33.64568328857422
i09_24_2.bmp,30.627933502197266
i09_24_3.bmp,27.57897186279297
i09_24_4.bmp,24.58003044128418
i09_24_5.bmp,21.371437072753906
i10_01_1.bmp,36.611236572265625
i10_01_2.bmp,33.58477783203125
i10_01_3.bmp,30.52983283996582
i10_01_4.bmp,27.535995483398438
i10_01_5.bmp,24.535982131958008
i10_02_1.bmp,42.532623291015625
i10_02_2.bmp,39.5509147644043
i10_02_3.bmp,36.4929084777832
i10_02_4.bmp,33.477264404296875
i10_02_5.bmp,30.46778678894043
i10_03_1.bmp,36.608280181884766
i10_03_2.bmp,33.588069915771484
i10_03_3.bmp,30.53656005859375
i10_03_4.bmp,27.4953556060791
i10_03_5.bmp,24.532325744628906
i10_04_1.bmp,36.04093551635742
i10_04_2.bmp,33.508056640625
i10_04_3.bmp,30.571413040161133
i10_04_4.bmp,27.58586883544922
i10_04_5.bmp,24.68179702758789
i10_05_1.bmp,36.528499603271484
i10_05_2.bmp,33.52726745605469
i10_05_3.bmp,28.535884857177734
i10_05_4.bmp,23.525678634643555
i10_05_5.bmp,18.489839553833008
i10_06_1.bmp,36.993770599365234
i10_06_2.bmp,32.21860122680664
i10_06_3.bmp,29.238048553466797
i10_06_4.bmp,26.165447235107422
i10_06_5.bmp,23.248559951782227
i10_07_1.bmp,36.62147903442383
i10_07_2.bmp,33.88322448730469
i10_07_3.bmp,30.589391708374023
i10_07_4.bmp,26.673452377319336
i10_07_5.bmp,23.469039916992188
i10_08_1.bmp,38.59974670410156
i10_08_2.bmp,33.6953010559082
i10_08_3.bmp,29.541845321655273
i10_08_4.bmp,26.407676696777344
i10_08_5.bmp,23.865509033203125
i10_09_1.bmp,37.84524154663086
i10_09_2.bmp,35.51590347290039
i10_09_3.bmp,32.009002685546875
i10_09_4.bmp,27.983495712280273
i10_09_5.bmp,23.563140869140625
i10_10_1.bmp,38.02381134033203
i10_10_2.bmp,35.32881164550781
i10_10_3.bmp,31.72156524658203
i10_10_4.bmp,27.942596435546875
i10_10_5.bmp,25.152551651000977
i10_11_1.bmp,33.72323226928711
i10_11_2.bmp,30.641132354736328
i10_11_3.bmp,27.527935028076172
i10_11_4.bmp,24.311044692993164
i10_11_5.bmp,21.31185531616211
i10_12_1.bmp,42.027645111083984
i10_12_2.bmp,32.386390686035156
i10_12_3.bmp,27.130779266357422
i10_12_4.bmp,24.081382751464844
i10_12_5.bmp,20.854961395263672
i10_13_1.bmp,32.91157531738281
i10_13_2.bmp,30.190446853637695
i10_13_3.bmp,27.461444854736328
i10_13_4.bmp,24.352968215942383
i10_13_5.bmp,20.454599380493164
i10_14_1.bmp,32.91992950439453
i10_14_2.bmp,30.355445861816406
i10_14_3.bmp,27.37866973876953
i10_14_4.bmp,25.805145263671875
i10_14_5.bmp,24.720659255981445
i10_15_1.bmp,25.969648361206055
i10_15_2.bmp,25.371746063232422
i10_15_3.bmp,25.166336059570312
i10_15_4.bmp,25.118087768554688
i10_15_5.bmp,23.846426010131836
i10_16_1.bmp,32.57653045654297
i10_16_2.bmp,28.216142654418945
i10_16_3.bmp,22.123321533203125
i10_16_4.bmp,18.693613052368164
i10_16_5.bmp,16.212297439575195
i10_17_1.bmp,34.85755157470703
i10_17_2.bmp,29.754581451416016
i10_17_3.bmp,26.961061477661133
i10_17_4.bmp,23.69718360900879
i10_17_5.bmp,20.923564910888672
i10_18_1.bmp,56.308990478515625
i10_18_2.bmp,56.6710090637207
i10_18_3.bmp,56.472877502441406
i10_18_4.bmp,55.808372497558594
i10_18_5.bmp,51.37075424194336
i10_19_1.bmp,36.185333251953125
i10_19_2.bmp,33.215702056884766
i10_19_3.bmp,30.17465591430664
i10_19_4.bmp,27.193042755126953
i10_19_5.bmp,24.20790672302246
i10_20_1.bmp,33.68157958984375
i10_20_2.bmp,30.619178771972656
i10_20_3.bmp,27.446796417236328
i10_20_4.bmp,24.47817039489746
i10_20_5.bmp,21.39910888671875
i10_21_1.bmp,34.4787483215332
i10_21_2.bmp,31.604629516601562
i10_21_3.bmp,28.894275665283203
i10_21_4.bmp,26.043987274169922
i10_21_5.bmp,22.53738784790039
i10_22_1.bmp,34.862510681152344
i10_22_2.bmp,31.487060546875
i10_22_3.bmp,27.807167053222656
i10_22_4.bmp,25.062366485595703
i10_22_5.bmp,21.92597198486328
i10_23_1.bmp,41.54323196411133
i10_23_2.bmp,36.160579681396484
i10_23_3.bmp,28.252830505371094
i10_23_4.bmp,24.5981502532959
i10_23_5.bmp,22.329933166503906
i10_24_1.bmp,33.937156677246094
i10_24_2.bmp,30.755128860473633
i10_24_3.bmp,27.39600372314453
i10_24_4.bmp,24.287691116333008
i10_24_5.bmp,21.10965347290039
i11_01_1.bmp,36.56758117675781
i11_01_2.bmp,33.59699630737305
i11_01_3.bmp,30.577560424804688
i11_01_4.bmp,27.666091918945312
i11_01_5.bmp,24.72804069519043
i11_02_1.bmp,42.576210021972656
i11_02_2.bmp,39.609317779541016
i11_02_3.bmp,36.57209396362305
i11_02_4.bmp,33.59314727783203
i11_02_5.bmp,30.601938247680664
i11_03_1.bmp,36.591209411621094
i11_03_2.bmp,33.56226348876953
i11_03_3.bmp,30.61794662475586
i11_03_4.bmp,27.614328384399414
i11_03_5.bmp,24.723360061645508
i11_04_1.bmp,36.2311897277832
i11_04_2.bmp,33.622047424316406
i11_04_3.bmp,30.58719253540039
i11_04_4.bmp,27.603729248046875
i11_04_5.bmp,24.656238555908203
i11_05_1.bmp,36.5121955871582
i11_05_2.bmp,33.53843307495117
i11_05_3.bmp,28.634366989135742
i11_05_4.bmp,23.74500274658203
i11_05_5.bmp,18.812437057495117
i11_06_1.bmp,35.7945671081543
i11_06_2.bmp,32.520145416259766
i11_06_3.bmp,29.40945816040039
i11_06_4.bmp,26.372596740722656
i11_06_5.bmp,23.252460479736328
i11_07_1.bmp,37.23994827270508
i11_07_2.bmp,33.463966369628906
i11_07_3.bmp,31.206825256347656
i11_07_4.bmp,27.88604736328125
i11_07_5.bmp,23.84507942199707
i11_08_1.bmp,35.223262786865234
i11_08_2.bmp,30.428672790527344
i11_08_3.bmp,26.576976776123047
i11_08_4.bmp,23.915180206298828
i11_08_5.bmp,21.90423011779785
i11_09_1.bmp,35.927978515625
i11_09_2.bmp,33.267539978027344
i11_09_3.bmp,29.54450798034668
i11_09_4.bmp,25.49346160888672
i11_09_5.bmp,20.961111068725586
i11_10_1.bmp,35.355064392089844
i11_10_2.bmp,32.218719482421875
i11_10_3.bmp,28.738935470581055
i11_10_4.bmp,25.59272003173828
i11_10_5.bmp,23.248498916625977
i11_11_1.bmp,33.57688522338867
i11_11_2.bmp,30.512046813964844
i11_11_3.bmp,27.27960777282715
i11_11_4.bmp,24.486003875732422
i11_11_5.bmp,21.396799087524414
i11_12_1.bmp,34.529239654541016
i11_12_2.bmp,32.02111053466797
i11_12_3.bmp,26.851238250732422
i11_12_4.bmp,23.928787231445312
i11_12_5.bmp,20.9715576171875
i11_13_1.bmp,32.86166000366211
i11_13_2.bmp,29.844940185546875
i11_13_3.bmp,27.379440307617188
i11_13_4.bmp,23.859424591064453
i11_13_5.bmp,21.397186279296875
i11_14_1.bmp,32.96199417114258
i11_14_2.bmp,28.206140518188477
i11_14_3.bmp,25.978614807128906
i11_14_4.bmp,24.219953536987305
i11_14_5.bmp,23.01226806640625
i11_15_1.bmp,25.466482162475586
i11_15_2.bmp,25.354511260986328
i11_15_3.bmp,25.145666122436523
i11_15_4.bmp,24.822778701782227
i11_15_5.bmp,32.28703308105469
i11_16_1.bmp,32.57598114013672
i11_16_2.bmp,28.142602920532227
i11_16_3.bmp,22.36772346496582
i11_16_4.bmp,18.61077308654785
i11_16_5.bmp,16.836944580078125
i11_17_1.bmp,34.81595230102539
i11_17_2.bmp,29.24362564086914
i11_17_3.bmp,26.851272583007812
i11_17_4.bmp,23.27120590209961
i11_17_5.bmp,20.847991943359375
i11_18_1.bmp,56.5696907043457
i11_18_2.bmp,56.258949279785156
i11_18_3.bmp,56.296905517578125
i11_18_4.bmp,55.786865234375
i11_18_5.bmp,56.40587615966797
i11_19_1.bmp,36.229530334472656
i11_19_2.bmp,33.214698791503906
i11_19_3.bmp,30.180768966674805
i11_19_4.bmp,27.157196044921875
i11_19_5.bmp,24.17913818359375
i11_20_1.bmp,33.519412994384766
i11_20_2.bmp,30.358745574951172
i11_20_3.bmp,27.30526351928711
i11_20_4.bmp,24.251811981201172
i11_20_5.bmp,21.24140739440918
i11_21_1.bmp,34.13077163696289
i11_21_2.bmp,31.134113311767578
i11_21_3.bmp,28.120908737182617
i11_21_4.bmp,25.388267517089844
i11_21_5.bmp,22.2193546295166
i11_22_1.bmp,35.831809997558594
i11_22_2.bmp,32.61334991455078
i11_22_3.bmp,28.969436645507812
i11_22_4.bmp,25.277212142944336
i11_22_5.bmp,21.53934669494629
i11_23_1.bmp,41.04782485961914
i11_23_2.bmp,36.09687042236328
i11_23_3.bmp,33.12156295776367
i11_23_4.bmp,30.16811752319336
i11_23_5.bmp,23.49353790283203
i11_24_1.bmp,33.80527877807617
i11_24_2.bmp,30.60671615600586
i11_24_3.bmp,27.449235916137695
i11_24_4.bmp,24.308862686157227
i11_24_5.bmp,21.236230850219727
i12_01_1.bmp,36.661495208740234
i12_01_2.bmp,33.637691497802734
i12_01_3.bmp,30.574756622314453
i12_01_4.bmp,27.54462242126465
i12_01_5.bmp,24.627208709716797
i12_02_1.bmp,42.554874420166016
i12_02_2.bmp,39.569984436035156
i12_02_3.bmp,36.517879486083984
i12_02_4.bmp,33.51029968261719
i12_02_5.bmp,30.487241744995117
i12_03_1.bmp,36.6602668762207
i12_03_2.bmp,33.61772918701172
i12_03_3.bmp,30.599365234375
i12_03_4.bmp,27.52971649169922
i12_03_5.bmp,24.637290954589844
i12_04_1.bmp,36.174888610839844
i12_04_2.bmp,33.410560607910156
i12_04_3.bmp,30.43502426147461
i12_04_4.bmp,27.495487213134766
i12_04_5.bmp,24.69975471496582
i12_05_1.bmp,36.580841064453125
i12_05_2.bmp,33.583560943603516
i12_05_3.bmp,28.600252151489258
i12_05_4.bmp,23.647106170654297
i12_05_5.bmp,18.850688934326172
i12_06_1.bmp,35.64240264892578
i12_06_2.bmp,30.924787521362305
i12_06_3.bmp,27.78533172607422
i12_06_4.bmp,24.89335060119629
i12_06_5.bmp,21.847305297851562
i12_07_1.bmp,35.743934631347656
i12_07_2.bmp,33.302364349365234
i12_07_3.bmp,29.489858627319336
i12_07_4.bmp,27.924175262451172
i12_07_5.bmp,23.895076751708984
i12_08_1.bmp,38.012611389160156
i12_08_2.bmp,33.041465759277344
i12_08_3.bmp,29.023954391479492
i12_08_4.bmp,26.08506202697754
i12_08_5.bmp,23.496387481689453
i12_09_1.bmp,36.89223861694336
i12_09_2.bmp,34.819732666015625
i12_09_3.bmp,32.02494812011719
i12_09_4.bmp,28.68210792541504
i12_09_5.bmp,23.266746520996094
i12_10_1.bmp,37.793704986572266
i12_10_2.bmp,35.26696014404297
i12_10_3.bmp,31.92957305908203
i12_10_4.bmp,28.64651870727539
i12_10_5.bmp,26.14499282836914
i12_11_1.bmp,33.61648178100586
i12_11_2.bmp,30.51787567138672
i12_11_3.bmp,27.63982391357422
i12_11_4.bmp,24.775012969970703
i12_11_5.bmp,21.836671829223633
i12_12_1.bmp,42.89518737792969
i12_12_2.bmp,43.83272171020508
i12_12_3.bmp,27.061004638671875
i12_12_4.bmp,24.454578399658203
i12_12_5.bmp,21.52236557006836
i12_13_1.bmp,33.51409149169922
i12_13_2.bmp,31.75844955444336
i12_13_3.bmp,27.136781692504883
i12_13_4.bmp,24.3319149017334
i12_13_5.bmp,27.636701583862305
i12_14_1.bmp,33.103668212890625
i12_14_2.bmp,32.46858596801758
i12_14_3.bmp,28.771320343017578
i12_14_4.bmp,27.74480438232422
i12_14_5.bmp,25.57604217529297
i12_15_1.bmp,25.089731216430664
i12_15_2.bmp,24.96279525756836
i12_15_3.bmp,25.011823654174805
i12_15_4.bmp,24.21320152282715
i12_15_5.bmp,29.057392120361328
i12_16_1.bmp,32.56786346435547
i12_16_2.bmp,28.324596405029297
i12_16_3.bmp,22.11096954345703
i12_16_4.bmp,18.87277603149414
i12_16_5.bmp,16.102502822875977
i12_17_1.bmp,33.85871505737305
i12_17_2.bmp,28.589820861816406
i12_17_3.bmp,25.908512115478516
i12_17_4.bmp,21.97709083557129
i12_17_5.bmp,19.904211044311523
i12_18_1.bmp,56.39794158935547
i12_18_2.bmp,56.253414154052734
i12_18_3.bmp,56.55838394165039
i12_18_4.bmp,56.37010955810547
i12_18_5.bmp,56.59657287597656
i12_19_1.bmp,36.0755729675293
i12_19_2.bmp,33.078086853027344
i12_19_3.bmp,30.10747528076172
i12_19_4.bmp,27.066925048828125
i12_19_5.bmp,24.087753295898438
i12_20_1.bmp,33.62053298950195
i12_20_2.bmp,30.478029251098633
i12_20_3.bmp,27.473163604736328
i12_20_4.bmp,24.43046760559082
i12_20_5.bmp,21.5676212310791
i12_21_1.bmp,34.34043884277344
i12_21_2.bmp,31.544769287109375
i12_21_3.bmp,28.816051483154297
i12_21_4.bmp,26.136215209960938
i12_21_5.bmp,21.803274154663086
i12_22_1.bmp,35.46211242675781
i12_22_2.bmp,32.140201568603516
i12_22_3.bmp,29.172916412353516
i12_22_4.bmp,25.426786422729492
i12_22_5.bmp,21.61240577697754
i12_23_1.bmp,41.721641540527344
i12_23_2.bmp,36.40509033203125
i12_23_3.bmp,29.660011291503906
i12_23_4.bmp,26.92648696899414
i12_23_5.bmp,24.064977645874023
i12_24_1.bmp,33.7515983581543
i12_24_2.bmp,30.709632873535156
i12_24_3.bmp,27.613794326782227
i12_24_4.bmp,24.549524307250977
i12_24_5.bmp,21.50946617126465
i13_01_1.bmp,36.61149978637695
i13_01_2.bmp,33.61974334716797
i13_01_3.bmp,30.576627731323242
i13_01_4.bmp,27.547042846679688
i13_01_5.bmp,24.559005737304688
i13_02_1.bmp,42.541805267333984
i13_02_2.bmp,39.543216705322266
i13_02_3.bmp,36.50044631958008
i13_02_4.bmp,33.51604080200195
i13_02_5.bmp,30.458660125732422
i13_03_1.bmp,36.596275329589844
i13_03_2.bmp,33.62723159790039
i13_03_3.bmp,30.527263641357422
i13_03_4.bmp,27.575008392333984
i13_03_5.bmp,24.561979293823242
i13_04_1.bmp,36.04168701171875
i13_04_2.bmp,33.60182189941406
i13_04_3.bmp,30.520854949951172
i13_04_4.bmp,27.58584976196289
i13_04_5.bmp,24.443967819213867
i13_05_1.bmp,36.55358123779297
i13_05_2.bmp,33.55458068847656
i13_05_3.bmp,28.561010360717773
i13_05_4.bmp,23.569538116455078
i13_05_5.bmp,18.626089096069336
i13_06_1.bmp,36.10015869140625
i13_06_2.bmp,33.13002395629883
i13_06_3.bmp,29.887807846069336
i13_06_4.bmp,26.847761154174805
i13_06_5.bmp,23.82172393798828
i13_07_1.bmp,36.38136291503906
i13_07_2.bmp,32.83706283569336
i13_07_3.bmp,30.000818252563477
i13_07_4.bmp,27.154705047607422
i13_07_5.bmp,23.454700469970703
i13_08_1.bmp,30.86737632751465
i13_08_2.bmp,26.243934631347656
i13_08_3.bmp,22.694826126098633
i13_08_4.bmp,20.455472946166992
i13_08_5.bmp,18.946168899536133
i13_09_1.bmp,33.831871032714844
i13_09_2.bmp,30.442276000976562
i13_09_3.bmp,26.17029571533203
i13_09_4.bmp,22.23667335510254
i13_09_5.bmp,18.950132369995117
i13_10_1.bmp,32.22599411010742
i13_10_2.bmp,28.623699188232422
i13_10_3.bmp,25.042858123779297
i13_10_4.bmp,22.242116928100586
i13_10_5.bmp,20.42620849609375
i13_11_1.bmp,33.79337692260742
i13_11_2.bmp,30.53713035583496
i13_11_3.bmp,27.34906005859375
i13_11_4.bmp,24.216978073120117
i13_11_5.bmp,21.1715030670166
i13_12_1.bmp,35.32908630371094
i13_12_2.bmp,30.067581176757812
i13_12_3.bmp,26.87807846069336
i13_12_4.bmp,24.706584930419922
i13_12_5.bmp,20.726041793823242
i13_13_1.bmp,32.862464904785156
i13_13_2.bmp,30.584299087524414
i13_13_3.bmp,26.948137283325195
i13_13_4.bmp,23.686981201171875
i13_13_5.bmp,20.76124382019043
i13_14_1.bmp,32.270198822021484
i13_14_2.bmp,25.464040756225586
i13_14_3.bmp,22.695735931396484
i13_14_4.bmp,21.735088348388672
i13_14_5.bmp,20.18021011352539
i13_15_1.bmp,25.614883422851562
i13_15_2.bmp,25.345050811767578
i13_15_3.bmp,25.441558837890625
i13_15_4.bmp,24.796245574951172
i13_15_5.bmp,26.594318389892578
i13_16_1.bmp,32.57182693481445
i13_16_2.bmp,28.28101348876953
i13_16_3.bmp,22.127580642700195
i13_16_4.bmp,18.7824649810791
i13_16_5.bmp,16.205318450927734
i13_17_1.bmp,33.64920425415039
i13_17_2.bmp,29.56160545349121
i13_17_3.bmp,25.744308471679688
i13_17_4.bmp,23.27437400817871
i13_17_5.bmp,19.724943161010742
i13_18_1.bmp,56.40054702758789
i13_18_2.bmp,56.464752197265625
i13_18_3.bmp,56.38365936279297
i13_18_4.bmp,56.44282531738281
i13_18_5.bmp,56.28970718383789
i13_19_1.bmp,35.88454818725586
i13_19_2.bmp,32.90940856933594
i13_19_3.bmp,29.890350341796875
i13_19_4.bmp,26.859088897705078
i13_19_5.bmp,23.87066078186035
i13_20_1.bmp,33.800968170166016
i13_20_2.bmp,30.623369216918945
i13_20_3.bmp,27.349679946899414
i13_20_4.bmp,24.2576904296875
i13_20_5.bmp,21.210025787353516
i13_21_1.bmp,34.08635711669922
i13_21_2.bmp,30.75322723388672
i13_21_3.bmp,27.790225982666016
i13_21_4.bmp,24.773452758789062
i13_21_5.bmp,21.82600212097168
i13_22_1.bmp,34.834903717041016
i13_22_2.bmp,31.183244705200195
i13_22_3.bmp,28.05406379699707
i13_22_4.bmp,25.294147491455078
i13_22_5.bmp,20.51469612121582
i13_23_1.bmp,41.05491638183594
i13_23_2.bmp,36.120574951171875
i13_23_3.bmp,33.05913543701172
i13_23_4.bmp,31.06153678894043
i13_23_5.bmp,28.351715087890625
i13_24_1.bmp,34.154354095458984
i13_24_2.bmp,30.710330963134766
i13_24_3.bmp,27.452312469482422
i13_24_4.bmp,24.270421981811523
i13_24_5.bmp,21.088775634765625
i14_01_1.bmp,36.60143280029297
i14_01_2.bmp,33.567649841308594
i14_01_3.bmp,30.50676727294922
i14_01_4.bmp,27.513031005859375
i14_01_5.bmp,24.56510353088379
i14_02_1.bmp,42.588768005371094
i14_02_2.bmp,39.597633361816406
i14_02_3.bmp,36.545921325683594
i14_02_4.bmp,33.51582336425781
i14_02_5.bmp,30.53798484802246
i14_03_1.bmp,36.562435150146484
i14_03_2.bmp,33.59432601928711
i14_03_3.bmp,30.505151748657227
i14_03_4.bmp,27.52926254272461
i14_03_5.bmp,24.57363510131836
i14_04_1.bmp,36.14726638793945
i14_04_2.bmp,33.375545501708984
i14_04_3.bmp,30.342086791992188
i14_04_4.bmp,27.343826293945312
i14_04_5.bmp,24.417211532592773
i14_05_1.bmp,36.50464630126953
i14_05_2.bmp,33.50495910644531
i14_05_3.bmp,28.521127700805664
i14_05_4.bmp,23.576885223388672
i14_05_5.bmp,18.683292388916016
i14_06_1.bmp,36.31745910644531
i14_06_2.bmp,31.50649070739746
i14_06_3.bmp,28.722183227539062
i14_06_4.bmp,25.770023345947266
i14_06_5.bmp,22.648237228393555
i14_07_1.bmp,36.86673355102539
i14_07_2.bmp,33.61233901977539
i14_07_3.bmp,30.244550704956055
i14_07_4.bmp,27.342525482177734
i14_07_5.bmp,23.26833724975586
i14_08_1.bmp,35.518470764160156
i14_08_2.bmp,30.73816680908203
i14_08_3.bmp,26.740524291992188
i14_08_4.bmp,23.788366317749023
i14_08_5.bmp,21.564773559570312
i14_09_1.bmp,35.39044952392578
i14_09_2.bmp,32.56315994262695
i14_09_3.bmp,28.99529266357422
i14_09_4.bmp,25.324228286743164
i14_09_5.bmp,21.492231369018555
i14_10_1.bmp,34.7873649597168
i14_10_2.bmp,31.84606170654297
i14_10_3.bmp,28.557540893554688
i14_10_4.bmp,25.248441696166992
i14_10_5.bmp,22.94255828857422
i14_11_1.bmp,34.21013641357422
i14_11_2.bmp,30.914812088012695
i14_11_3.bmp,27.797119140625
i14_11_4.bmp,25.03303337097168
i14_11_5.bmp,22.023929595947266
i14_12_1.bmp,36.196693420410156
i14_12_2.bmp,38.67658233642578
i14_12_3.bmp,41.73256301879883
i14_12_4.bmp,24.138051986694336
i14_12_5.bmp,21.175508499145508
i14_13_1.bmp,32.966896057128906
i14_13_2.bmp,30.765731811523438
i14_13_3.bmp,27.158658981323242
i14_13_4.bmp,24.670866012573242
i14_13_5.bmp,21.918216705322266
i14_14_1.bmp,33.12766647338867
i14_14_2.bmp,28.407297134399414
i14_14_3.bmp,25.520305633544922
i14_14_4.bmp,24.025760650634766
i14_14_5.bmp,22.301620483398438
i14_15_1.bmp,25.93259620666504
i14_15_2.bmp,26.127227783203125
i14_15_3.bmp,26.355670928955078
i14_15_4.bmp,26.5433349609375
i14_15_5.bmp,30.259746551513672
i14_16_1.bmp,32.58109664916992
i14_16_2.bmp,28.147993087768555
i14_16_3.bmp,22.151721954345703
i14_16_4.bmp,18.634923934936523
i14_16_5.bmp,16.335155487060547
i14_17_1.bmp,34.36672592163086
i14_17_2.bmp,28.68170166015625
i14_17_3.bmp,26.402128219604492
i14_17_4.bmp,22.385597229003906
i14_17_5.bmp,20.386009216308594
i14_18_1.bmp,56.271324157714844
i14_18_2.bmp,56.26873016357422
i14_18_3.bmp,56.49156951904297
i14_18_4.bmp,56.45447540283203
i14_18_5.bmp,56.36697769165039
i14_19_1.bmp,35.980064392089844
i14_19_2.bmp,32.954734802246094
i14_19_3.bmp,29.911544799804688
i14_19_4.bmp,26.938020706176758
i14_19_5.bmp,23.903148651123047
i14_20_1.bmp,33.721248626708984
i14_20_2.bmp,30.549976348876953
i14_20_3.bmp,27.477205276489258
i14_20_4.bmp,24.446598052978516
i14_20_5.bmp,21.503122329711914
i14_21_1.bmp,34.32221984863281
i14_21_2.bmp,31.209619522094727
i14_21_3.bmp,28.28902244567871
i14_21_4.bmp,25.472888946533203
i14_21_5.bmp,22.64307403564453
i14_22_1.bmp,35.95563507080078
i14_22_2.bmp,32.97430419921875
i14_22_3.bmp,29.980636596679688
i14_22_4.bmp,25.98973846435547
i14_22_5.bmp,21.793119430541992
i14_23_1.bmp,41.12709426879883
i14_23_2.bmp,35.73488998413086
i14_23_3.bmp,32.28346252441406
i14_23_4.bmp,30.305795669555664
i14_23_5.bmp,24.330780029296875
i14_24_1.bmp,34.02351760864258
i14_24_2.bmp,30.913496017456055
i14_24_3.bmp,27.85915756225586
i14_24_4.bmp,24.85734748840332
i14_24_5.bmp,21.73339080810547
i15_01_1.bmp,36.79657745361328
i15_01_2.bmp,33.80725860595703
i15_01_3.bmp,30.787630081176758
i15_01_4.bmp,27.850770950317383
i15_01_5.bmp,24.94440460205078
i15_02_1.bmp,42.53361129760742
i15_02_2.bmp,39.54717254638672
i15_02_3.bmp,36.522178649902344
i15_02_4.bmp,33.509552001953125
i15_02_5.bmp,30.48653793334961
i15_03_1.bmp,36.72224426269531
i15_03_2.bmp,33.830501556396484
i15_03_3.bmp,30.76726531982422
i15_03_4.bmp,27.848215103149414
i15_03_5.bmp,24.908710479736328
i15_04_1.bmp,36.16963577270508
i15_04_2.bmp,33.37001037597656
i15_04_3.bmp,30.454797744750977
i15_04_4.bmp,27.578617095947266
i15_04_5.bmp,24.847431182861328
i15_05_1.bmp,36.72391891479492
i15_05_2.bmp,33.75152587890625
i15_05_3.bmp,28.833969116210938
i15_05_4.bmp,24.021406173706055
i15_05_5.bmp,19.253070831298828
i15_06_1.bmp,34.90360641479492
i15_06_2.bmp,31.345470428466797
i15_06_3.bmp,28.201019287109375
i15_06_4.bmp,25.1931095123291
i15_06_5.bmp,22.170806884765625
i15_07_1.bmp,36.05638122558594
i15_07_2.bmp,32.971885681152344
i15_07_3.bmp,31.885589599609375
i15_07_4.bmp,27.648666381835938
i15_07_5.bmp,23.064189910888672
i15_08_1.bmp,39.173763275146484
i15_08_2.bmp,34.39853286743164
i15_08_3.bmp,30.51998519897461
i15_08_4.bmp,27.500696182250977
i15_08_5.bmp,24.709110260009766
i15_09_1.bmp,37.40171813964844
i15_09_2.bmp,35.21549606323242
i15_09_3.bmp,32.10942840576172
i15_09_4.bmp,27.89468765258789
i15_09_5.bmp,21.307849884033203
i15_10_1.bmp,37.81962966918945
i15_10_2.bmp,35.33877944946289
i15_10_3.bmp,32.32557678222656
i15_10_4.bmp,29.083179473876953
i15_10_5.bmp,26.396818161010742
i15_11_1.bmp,33.873199462890625
i15_11_2.bmp,30.905925750732422
i15_11_3.bmp,28.009347915649414
i15_11_4.bmp,24.771385192871094
i15_11_5.bmp,21.807832717895508
i15_12_1.bmp,32.63773727416992
i15_12_2.bmp,30.237682342529297
i15_12_3.bmp,26.63214874267578
i15_12_4.bmp,24.847028732299805
i15_12_5.bmp,21.643524169921875
i15_13_1.bmp,34.47364044189453
i15_13_2.bmp,30.775157928466797
i15_13_3.bmp,27.379474639892578
i15_13_4.bmp,24.14076805114746
i15_13_5.bmp,21.25421714782715
i15_14_1.bmp,32.770301818847656
i15_14_2.bmp,32.92684555053711
i15_14_3.bmp,29.84356689453125
i15_14_4.bmp,28.826488494873047
i15_14_5.bmp,27.10920524597168
i15_15_1.bmp,25.4483642578125
i15_15_2.bmp,24.869441986083984
i15_15_3.bmp,24.222240447998047
i15_15_4.bmp,23.756622314453125
i15_15_5.bmp,25.245460510253906
i15_16_1.bmp,32.62405776977539
i15_16_2.bmp,28.545076370239258
i15_16_3.bmp,22.38034439086914
i15_16_4.bmp,19.04056167602539
i15_16_5.bmp,16.865753173828125
i15_17_1.bmp,31.844173431396484
i15_17_2.bmp,31.096935272216797
i15_17_3.bmp,23.753070831298828
i15_17_4.bmp,25.222049713134766
i15_17_5.bmp,17.780563354492188
i15_18_1.bmp,56.51368713378906
i15_18_2.bmp,56.3756103515625
i15_18_3.bmp,56.26033020019531
i15_18_4.bmp,56.17631530761719
i15_18_5.bmp,55.82536697387695
i15_19_1.bmp,36.495941162109375
i15_19_2.bmp,33.32955551147461
i15_19_3.bmp,30.251873016357422
i15_19_4.bmp,27.13235855102539
i15_19_5.bmp,24.089811325073242
i15_20_1.bmp,33.66202926635742
i15_20_2.bmp,30.463407516479492
i15_20_3.bmp,27.59314727783203
i15_20_4.bmp,24.72447967529297
i15_20_5.bmp,21.893871307373047
i15_21_1.bmp,34.52190017700195
i15_21_2.bmp,31.62334442138672
i15_21_3.bmp,28.63333511352539
i15_21_4.bmp,25.455724716186523
i15_21_5.bmp,21.81627655029297
i15_22_1.bmp,35.980953216552734
i15_22_2.bmp,32.787349700927734
i15_22_3.bmp,29.27789878845215
i15_22_4.bmp,25.50250816345215
i15_22_5.bmp,22.729272842407227
i15_23_1.bmp,41.4240837097168
i15_23_2.bmp,36.33467102050781
i15_23_3.bmp,29.97736167907715
i15_23_4.bmp,28.233047485351562
i15_23_5.bmp,25.696781158447266
i15_24_1.bmp,33.784820556640625
i15_24_2.bmp,30.794754028320312
i15_24_3.bmp,27.853260040283203
i15_24_4.bmp,24.825302124023438
i15_24_5.bmp,21.5570068359375
i16_01_1.bmp,36.561866760253906
i16_01_2.bmp,33.565093994140625
i16_01_3.bmp,30.51901626586914
i16_01_4.bmp,27.50380516052246
i16_01_5.bmp,24.470558166503906
i16_02_1.bmp,42.55882263183594
i16_02_2.bmp,39.58378601074219
i16_02_3.bmp,36.52239990234375
i16_02_4.bmp,33.52117156982422
i16_02_5.bmp,30.49492835998535
i16_03_1.bmp,36.570167541503906
i16_03_2.bmp,33.57977294921875
i16_03_3.bmp,30.467815399169922
i16_03_4.bmp,27.532499313354492
i16_03_5.bmp,24.408096313476562
i16_04_1.bmp,36.21553421020508
i16_04_2.bmp,33.450191497802734
i16_04_3.bmp,30.38194465637207
i16_04_4.bmp,27.37622833251953
i16_04_5.bmp,24.499507904052734
i16_05_1.bmp,36.51131057739258
i16_05_2.bmp,33.51167678833008
i16_05_3.bmp,28.51331329345703
i16_05_4.bmp,23.482784271240234
i16_05_5.bmp,18.433801651000977
i16_06_1.bmp,37.089683532714844
i16_06_2.bmp,32.38589859008789
i16_06_3.bmp,29.68484878540039
i16_06_4.bmp,26.56480598449707
i16_06_5.bmp,23.633411407470703
i16_07_1.bmp,36.17122268676758
i16_07_2.bmp,33.416473388671875
i16_07_3.bmp,29.88929557800293
i16_07_4.bmp,26.03699493408203
i16_07_5.bmp,23.663814544677734
i16_08_1.bmp,38.84710693359375
i16_08_2.bmp,33.99335479736328
i16_08_3.bmp,30.20702362060547
i16_08_4.bmp,27.753677368164062
i16_08_5.bmp,25.89144515991211
i16_09_1.bmp,37.11909484863281
i16_09_2.bmp,34.62572479248047
i16_09_3.bmp,31.588287353515625
i16_09_4.bmp,28.644323348999023
i16_09_5.bmp,25.02250862121582
i16_10_1.bmp,37.39723205566406
i16_10_2.bmp,34.802955627441406
i16_10_3.bmp,31.664047241210938
i16_10_4.bmp,28.344133377075195
i16_10_5.bmp,25.93170166015625
i16_11_1.bmp,33.36201095581055
i16_11_2.bmp,30.40787696838379
i16_11_3.bmp,27.301340103149414
i16_11_4.bmp,24.19261932373047
i16_11_5.bmp,22.307607650756836
i16_12_1.bmp,34.95182800292969
i16_12_2.bmp,31.734636306762695
i16_12_3.bmp,26.816396713256836
i16_12_4.bmp,24.016265869140625
i16_12_5.bmp,22.056114196777344
i16_13_1.bmp,32.67930603027344
i16_13_2.bmp,30.152179718017578
i16_13_3.bmp,27.449752807617188
i16_13_4.bmp,24.09869956970215
i16_13_5.bmp,20.591026306152344
i16_14_1.bmp,32.82334518432617
i16_14_2.bmp,33.25679397583008
i16_14_3.bmp,30.825960159301758
i16_14_4.bmp,29.202192306518555
i16_14_5.bmp,27.82386016845703
i16_15_1.bmp,28.929161071777344
i16_15_2.bmp,27.058616638183594
i16_15_3.bmp,26.046939849853516
i16_15_4.bmp,25.02434539794922
i16_15_5.bmp,29.210641860961914
i16_16_1.bmp,32.568084716796875
i16_16_2.bmp,28.168231964111328
i16_16_3.bmp,22.112926483154297
i16_16_4.bmp,18.67219352722168
i16_16_5.bmp,16.106536865234375
i16_17_1.bmp,35.96387481689453
i16_17_2.bmp,30.693561553955078
i16_17_3.bmp,28.009374618530273
i16_17_4.bmp,24.378780364990234
i16_17_5.bmp,21.99102783203125
i16_18_1.bmp,56.47293472290039
i16_18_2.bmp,56.49085998535156
i16_18_3.bmp,55.88499069213867
i16_18_4.bmp,56.11225509643555
i16_18_5.bmp,51.710296630859375
i16_19_1.bmp,36.19330978393555
i16_19_2.bmp,33.172706604003906
i16_19_3.bmp,30.2051944732666
i16_19_4.bmp,27.220836639404297
i16_19_5.bmp,24.21858787536621
i16_20_1.bmp,33.49174880981445
i16_20_2.bmp,30.375469207763672
i16_20_3.bmp,27.28012466430664
i16_20_4.bmp,24.27677345275879
i16_20_5.bmp,21.299274444580078
i16_21_1.bmp,34.28003692626953
i16_21_2.bmp,31.442340850830078
i16_21_3.bmp,28.736555099487305
i16_21_4.bmp,26.229856491088867
i16_21_5.bmp,22.03956413269043
i16_22_1.bmp,34.07112121582031
i16_22_2.bmp,30.637033462524414
i16_22_3.bmp,27.217609405517578
i16_22_4.bmp,24.681964874267578
i16_22_5.bmp,21.73811149597168
i16_23_1.bmp,41.167579650878906
i16_23_2.bmp,30.300537109375
i16_23_3.bmp,26.30850601196289
i16_23_4.bmp,24.435205459594727
i16_23_5.bmp,21.41395378112793
i16_24_1.bmp,33.44989776611328
i16_24_2.bmp,30.223237991333008
i16_24_3.bmp,27.332069396972656
i16_24_4.bmp,24.357511520385742
i16_24_5.bmp,21.177093505859375
i17_01_1.bmp,36.599456787109375
i17_01_2.bmp,33.670326232910156
i17_01_3.bmp,30.665794372558594
i17_01_4.bmp,27.791610717773438
i17_01_5.bmp,24.82671356201172
i17_02_1.bmp,42.58109664916992
i17_02_2.bmp,39.617095947265625
i17_02_3.bmp,36.61155319213867
i17_02_4.bmp,33.641746520996094
i17_02_5.bmp,30.6383113861084
i17_03_1.bmp,36.622642517089844
i17_03_2.bmp,33.676963806152344
i17_03_3.bmp,30.618087768554688
i17_03_4.bmp,27.765888214111328
i17_03_5.bmp,24.806413650512695
i17_04_1.bmp,36.11807632446289
i17_04_2.bmp,33.57773208618164
i17_04_3.bmp,30.579435348510742
i17_04_4.bmp,27.637237548828125
i17_04_5.bmp,24.82621192932129
i17_05_1.bmp,36.531890869140625
i17_05_2.bmp,33.58839416503906
i17_05_3.bmp,28.740280151367188
i17_05_4.bmp,23.84090232849121
i17_05_5.bmp,18.868932723999023
i17_06_1.bmp,35.73401641845703
i17_06_2.bmp,32.21752166748047
i17_06_3.bmp,28.980085372924805
i17_06_4.bmp,26.029399871826172
i17_06_5.bmp,23.01999855041504
i17_07_1.bmp,37.0186882019043
i17_07_2.bmp,33.32676315307617
i17_07_3.bmp,29.17811393737793
i17_07_4.bmp,25.77602767944336
i17_07_5.bmp,23.6107234954834
i17_08_1.bmp,38.404930114746094
i17_08_2.bmp,33.677249908447266
i17_08_3.bmp,29.745655059814453
i17_08_4.bmp,26.72956657409668
i17_08_5.bmp,24.25419044494629
i17_09_1.bmp,37.82998275756836
i17_09_2.bmp,35.49319839477539
i17_09_3.bmp,31.999189376831055
i17_09_4.bmp,27.230398178100586
i17_09_5.bmp,21.460968017578125
i17_10_1.bmp,37.71588134765625
i17_10_2.bmp,34.93373489379883
i17_10_3.bmp,31.385576248168945
i17_10_4.bmp,27.824867248535156
i17_10_5.bmp,24.83391761779785
i17_11_1.bmp,33.62471008300781
i17_11_2.bmp,30.513513565063477
i17_11_3.bmp,27.373764038085938
i17_11_4.bmp,24.13068389892578
i17_11_5.bmp,21.308908462524414
i17_12_1.bmp,34.57502365112305
i17_12_2.bmp,30.85965919494629
i17_12_3.bmp,26.964275360107422
i17_12_4.bmp,24.305295944213867
i17_12_5.bmp,21.08954620361328
i17_13_1.bmp,33.69913864135742
i17_13_2.bmp,30.284164428710938
i17_13_3.bmp,26.979673385620117
i17_13_4.bmp,23.921411514282227
i17_13_5.bmp,21.781015396118164
i17_14_1.bmp,32.9595947265625
i17_14_2.bmp,29.792940139770508
i17_14_3.bmp,27.7082462310791
i17_14_4.bmp,27.693275451660156
i17_14_5.bmp,24.63824462890625
i17_15_1.bmp,26.707759857177734
i17_15_2.bmp,25.60733985900879
i17_15_3.bmp,25.047637939453125
i17_15_4.bmp,24.461280822753906
i17_15_5.bmp,28.777544021606445
i17_16_1.bmp,32.57550811767578
i17_16_2.bmp,28.137977600097656
i17_16_3.bmp,22.604372024536133
i17_16_4.bmp,18.597043991088867
i17_16_5.bmp,17.173404693603516
i17_17_1.bmp,33.91707992553711
i17_17_2.bmp,28.338844299316406
i17_17_3.bmp,25.976421356201172
i17_17_4.bmp,22.36565399169922
i17_17_5.bmp,19.9518985748291
i17_18_1.bmp,56.02219009399414
i17_18_2.bmp,55.776206970214844
i17_18_3.bmp,55.70349884033203
i17_18_4.bmp,54.737770080566406
i17_18_5.bmp,54.387001037597656
i17_19_1.bmp,36.24109649658203
i17_19_2.bmp,33.277706146240234
i17_19_3.bmp,30.307161331176758
i17_19_4.bmp,27.301082611083984
i17_19_5.bmp,24.280651092529297
i17_20_1.bmp,33.66695785522461
i17_20_2.bmp,30.448837280273438
i17_20_3.bmp,27.44764518737793
i17_20_4.bmp,24.366636276245117
i17_20_5.bmp,21.304616928100586
i17_21_1.bmp,34.36418151855469
i17_21_2.bmp,31.4285888671875
i17_21_3.bmp,28.5726318359375
i17_21_4.bmp,25.6592960357666
i17_21_5.bmp,22.223424911499023
i17_22_1.bmp,34.98361587524414
i17_22_2.bmp,31.066848754882812
i17_22_3.bmp,28.170366287231445
i17_22_4.bmp,24.075885772705078
i17_22_5.bmp,21.19020652770996
i17_23_1.bmp,41.612361907958984
i17_23_2.bmp,36.64974594116211
i17_23_3.bmp,28.85598373413086
i17_23_4.bmp,25.887977600097656
i17_23_5.bmp,22.7991943359375
i17_24_1.bmp,33.519046783447266
i17_24_2.bmp,30.48978614807129
i17_24_3.bmp,27.32581329345703
i17_24_4.bmp,24.222557067871094
i17_24_5.bmp,21.02874755859375
i18_01_1.bmp,36.57666015625
i18_01_2.bmp,33.605628967285156
i18_01_3.bmp,30.526063919067383
i18_01_4.bmp,27.571186065673828
i18_01_5.bmp,24.604793548583984
i18_02_1.bmp,42.562652587890625
i18_02_2.bmp,39.57694625854492
i18_02_3.bmp,36.5135612487793
i18_02_4.bmp,33.53662109375
i18_02_5.bmp,30.547197341918945
i18_03_1.bmp,36.56458282470703
i18_03_2.bmp,33.58616256713867
i18_03_3.bmp,30.495031356811523
i18_03_4.bmp,27.516231536865234
i18_03_5.bmp,24.60782241821289
i18_04_1.bmp,36.1677360534668
i18_04_2.bmp,33.2190055847168
i18_04_3.bmp,30.203210830688477
i18_04_4.bmp,27.231428146362305
i18_04_5.bmp,24.32925033569336
i18_05_1.bmp,36.521305084228516
i18_05_2.bmp,33.527931213378906
i18_05_3.bmp,28.566417694091797
i18_05_4.bmp,23.656688690185547
i18_05_5.bmp,18.872678756713867
i18_06_1.bmp,35.81816864013672
i18_06_2.bmp,30.311811447143555
i18_06_3.bmp,27.44760513305664
i18_06_4.bmp,24.458938598632812
i18_06_5.bmp,21.353700637817383
i18_07_1.bmp,36.5063591003418
i18_07_2.bmp,33.324562072753906
i18_07_3.bmp,29.345548629760742
i18_07_4.bmp,27.48192596435547
i18_07_5.bmp,24.134319305419922
i18_08_1.bmp,35.192779541015625
i18_08_2.bmp,30.506486892700195
i18_08_3.bmp,26.611190795898438
i18_08_4.bmp,23.696250915527344
i18_08_5.bmp,21.50940704345703
i18_09_1.bmp,35.66733932495117
i18_09_2.bmp,32.85698318481445
i18_09_3.bmp,28.95378303527832
i18_09_4.bmp,24.974660873413086
i18_09_5.bmp,20.64852523803711
i18_10_1.bmp,35.2093620300293
i18_10_2.bmp,32.17698669433594
i18_10_3.bmp,28.62320327758789
i18_10_4.bmp,25.188861846923828
i18_10_5.bmp,22.937467575073242
i18_11_1.bmp,33.972625732421875
i18_11_2.bmp,30.684288024902344
i18_11_3.bmp,27.83950424194336
i18_11_4.bmp,24.509429931640625
i18_11_5.bmp,21.316020965576172
i18_12_1.bmp,32.87001419067383
i18_12_2.bmp,31.49332046508789
i18_12_3.bmp,27.59498405456543
i18_12_4.bmp,24.115991592407227
i18_12_5.bmp,20.916614532470703
i18_13_1.bmp,32.75776672363281
i18_13_2.bmp,29.090120315551758
i18_13_3.bmp,27.202232360839844
i18_13_4.bmp,24.23240852355957
i18_13_5.bmp,21.386093139648438
i18_14_1.bmp,32.91775131225586
i18_14_2.bmp,28.60601043701172
i18_14_3.bmp,25.683883666992188
i18_14_4.bmp,24.566123962402344
i18_14_5.bmp,22.37237548828125
i18_15_1.bmp,24.394149780273438
i18_15_2.bmp,24.449668884277344
i18_15_3.bmp,24.817829132080078
i18_15_4.bmp,24.43880844116211
i18_15_5.bmp,25.477750778198242
i18_16_1.bmp,32.57843780517578
i18_16_2.bmp,28.19476890563965
i18_16_3.bmp,22.21673583984375
i18_16_4.bmp,18.66510009765625
i18_16_5.bmp,16.541635513305664
i18_17_1.bmp,35.744441986083984
i18_17_2.bmp,31.296436309814453
i18_17_3.bmp,27.750911712646484
i18_17_4.bmp,24.962448120117188
i18_17_5.bmp,21.732128143310547
i18_18_1.bmp,56.43584442138672
i18_18_2.bmp,56.40129089355469
i18_18_3.bmp,56.33003616333008
i18_18_4.bmp,56.35297393798828
i18_18_5.bmp,55.79139709472656
i18_19_1.bmp,36.041839599609375
i18_19_2.bmp,33.067508697509766
i18_19_3.bmp,30.029788970947266
i18_19_4.bmp,27.056781768798828
i18_19_5.bmp,24.017351150512695
i18_20_1.bmp,33.67387771606445
i18_20_2.bmp,30.58048439025879
i18_20_3.bmp,27.498821258544922
i18_20_4.bmp,24.454452514648438
i18_20_5.bmp,21.474647521972656
i18_21_1.bmp,34.293983459472656
i18_21_2.bmp,31.215112686157227
i18_21_3.bmp,28.244125366210938
i18_21_4.bmp,25.272117614746094
i18_21_5.bmp,22.129308700561523
i18_22_1.bmp,35.92621994018555
i18_22_2.bmp,32.246253967285156
i18_22_3.bmp,28.468578338623047
i18_22_4.bmp,25.558307647705078
i18_22_5.bmp,22.143348693847656
i18_23_1.bmp,41.34401321411133
i18_23_2.bmp,36.35392379760742
i18_23_3.bmp,33.54127883911133
i18_23_4.bmp,30.90386390686035
i18_23_5.bmp,25.098270416259766
i18_24_1.bmp,34.245391845703125
i18_24_2.bmp,30.826833724975586
i18_24_3.bmp,27.638225555419922
i18_24_4.bmp,24.48532485961914
i18_24_5.bmp,21.15048599243164
i19_01_1.bmp,36.546321868896484
i19_01_2.bmp,33.58556365966797
i19_01_3.bmp,30.54865837097168
i19_01_4.bmp,27.552631378173828
i19_01_5.bmp,24.53475570678711
i19_02_1.bmp,42.56563186645508
i19_02_2.bmp,39.576473236083984
i19_02_3.bmp,36.53354263305664
i19_02_4.bmp,33.535823822021484
i19_02_5.bmp,30.535709381103516
i19_03_1.bmp,36.57575607299805
i19_03_2.bmp,33.59366989135742
i19_03_3.bmp,30.51447105407715
i19_03_4.bmp,27.548038482666016
i19_03_5.bmp,24.56757354736328
i19_04_1.bmp,36.25557327270508
i19_04_2.bmp,32.555702209472656
i19_04_3.bmp,29.610395431518555
i19_04_4.bmp,27.339988708496094
i19_04_5.bmp,23.861469268798828
i19_05_1.bmp,36.51698303222656
i19_05_2.bmp,33.52101516723633
i19_05_3.bmp,28.54410171508789
i19_05_4.bmp,23.577478408813477
i19_05_5.bmp,18.633005142211914
i19_06_1.bmp,36.21723937988281
i19_06_2.bmp,33.10620880126953
i19_06_3.bmp,29.94382095336914
i19_06_4.bmp,27.05770492553711
i19_06_5.bmp,23.860889434814453
i19_07_1.bmp,36.5501708984375
i19_07_2.bmp,33.434913635253906
i19_07_3.bmp,30.664833068847656
i19_07_4.bmp,27.363765716552734
i19_07_5.bmp,24.155580520629883
i19_08_1.bmp,34.170753479003906
i19_08_2.bmp,29.106300354003906
i19_08_3.bmp,24.83788299560547
i19_08_4.bmp,21.720775604248047
i19_08_5.bmp,19.47593879699707
i19_09_1.bmp,36.48328399658203
i19_09_2.bmp,34.04082489013672
i19_09_3.bmp,30.96858024597168
i19_09_4.bmp,27.359180450439453
i19_09_5.bmp,22.355998992919922
i19_10_1.bmp,36.092376708984375
i19_10_2.bmp,33.247371673583984
i19_10_3.bmp,29.477725982666016
i19_10_4.bmp,25.681562423706055
i19_10_5.bmp,23.01483154296875
i19_11_1.bmp,33.7073860168457
i19_11_2.bmp,30.492279052734375
i19_11_3.bmp,27.341751098632812
i19_11_4.bmp,24.257568359375
i19_11_5.bmp,21.25261688232422
i19_12_1.bmp,33.980567932128906
i19_12_2.bmp,29.56447410583496
i19_12_3.bmp,28.40964126586914
i19_12_4.bmp,24.722888946533203
i19_12_5.bmp,21.325624465942383
i19_13_1.bmp,32.80939483642578
i19_13_2.bmp,31.69870376586914
i19_13_3.bmp,27.283037185668945
i19_13_4.bmp,24.227664947509766
i19_13_5.bmp,21.46688461303711
i19_14_1.bmp,32.925838470458984
i19_14_2.bmp,29.70734405517578
i19_14_3.bmp,26.853260040283203
i19_14_4.bmp,25.088886260986328
i19_14_5.bmp,23.29854965209961
i19_15_1.bmp,24.988204956054688
i19_15_2.bmp,24.846805572509766
i19_15_3.bmp,24.93122100830078
i19_15_4.bmp,24.6403865814209
i19_15_5.bmp,26.063491821289062
i19_16_1.bmp,32.57178497314453
i19_16_2.bmp,28.210107803344727
i19_16_3.bmp,22.12947654724121
i19_16_4.bmp,18.79119300842285
i19_16_5.bmp,16.182912826538086
i19_17_1.bmp,33.44394302368164
i19_17_2.bmp,28.209060668945312
i19_17_3.bmp,25.48700523376465
i19_17_4.bmp,22.22103500366211
i19_17_5.bmp,19.47007942199707
i19_18_1.bmp,56.32658386230469
i19_18_2.bmp,56.214500427246094
i19_18_3.bmp,56.3902702331543
i19_18_4.bmp,56.32819366455078
i19_18_5.bmp,56.56948471069336
i19_19_1.bmp,36.130611419677734
i19_19_2.bmp,33.107364654541016
i19_19_3.bmp,30.12264633178711
i19_19_4.bmp,27.118301391601562
i19_19_5.bmp,24.10460662841797
i19_20_1.bmp,33.5612907409668
i19_20_2.bmp,30.427841186523438
i19_20_3.bmp,27.44049835205078
i19_20_4.bmp,24.332653045654297
i19_20_5.bmp,21.22713279724121
i19_21_1.bmp,34.178993225097656
i19_21_2.bmp,31.2508487701416
i19_21_3.bmp,28.36090087890625
i19_21_4.bmp,25.64999771118164
i19_21_5.bmp,22.51903533935547
i19_22_1.bmp,35.53211975097656
i19_22_2.bmp,32.34609603881836
i19_22_3.bmp,28.558368682861328
i19_22_4.bmp,24.877931594848633
i19_22_5.bmp,21.062759399414062
i19_23_1.bmp,40.93629837036133
i19_23_2.bmp,35.943294525146484
i19_23_3.bmp,33.04296875
i19_23_4.bmp,30.842235565185547
i19_23_5.bmp,28.09927749633789
i19_24_1.bmp,33.78824234008789
i19_24_2.bmp,30.754886627197266
i19_24_3.bmp,27.550514221191406
i19_24_4.bmp,24.373924255371094
i19_24_5.bmp,21.393985748291016
i20_01_1.bmp,37.325687408447266
i20_01_2.bmp,34.32019805908203
i20_01_3.bmp,31.32549476623535
i20_01_4.bmp,28.350326538085938
i20_01_5.bmp,25.411108016967773
i20_02_1.bmp,42.10266876220703
i20_02_2.bmp,39.08091354370117
i20_02_3.bmp,35.97193145751953
i20_02_4.bmp,32.92568588256836
i20_02_5.bmp,29.846202850341797
i20_03_1.bmp,37.35142517089844
i20_03_2.bmp,34.35517501831055
i20_03_3.bmp,31.30960464477539
i20_03_4.bmp,28.355335235595703
i20_03_5.bmp,25.434616088867188
i20_04_1.bmp,36.12677001953125
i20_04_2.bmp,33.24172592163086
i20_04_3.bmp,30.291820526123047
i20_04_4.bmp,27.413957595825195
i20_04_5.bmp,24.636459350585938
i20_05_1.bmp,37.2735595703125
i20_05_2.bmp,34.29392623901367
i20_05_3.bmp,29.354740142822266
i20_05_4.bmp,24.407175064086914
i20_05_5.bmp,19.35202980041504
i20_06_1.bmp,33.65790557861328
i20_06_2.bmp,28.239540100097656
i20_06_3.bmp,25.018491744995117
i20_06_4.bmp,21.93512725830078
i20_06_5.bmp,18.92179298400879
i20_07_1.bmp,33.56357955932617
i20_07_2.bmp,29.874370574951172
i20_07_3.bmp,31.798095703125
i20_07_4.bmp,28.96558952331543
i20_07_5.bmp,21.75232696533203
i20_08_1.bmp,36.663509368896484
i20_08_2.bmp,31.752517700195312
i20_08_3.bmp,27.68010139465332
i20_08_4.bmp,24.58571434020996
i20_08_5.bmp,21.90147590637207
i20_09_1.bmp,37.88212585449219
i20_09_2.bmp,35.08601379394531
i20_09_3.bmp,30.69225311279297
i20_09_4.bmp,24.997997283935547
i20_09_5.bmp,18.751562118530273
i20_10_1.bmp,38.44902420043945
i20_10_2.bmp,35.42894744873047
i20_10_3.bmp,31.754247665405273
i20_10_4.bmp,28.26025390625
i20_10_5.bmp,25.777376174926758
i20_11_1.bmp,33.97319412231445
i20_11_2.bmp,30.631999969482422
i20_11_3.bmp,27.75129508972168
i20_11_4.bmp,24.46829605102539
i20_11_5.bmp,21.413219451904297
i20_12_1.bmp,33.325260162353516
i20_12_2.bmp,52.05241775512695
i20_12_3.bmp,27.576953887939453
i20_12_4.bmp,24.660470962524414
i20_12_5.bmp,21.04387092590332
i20_13_1.bmp,37.74755096435547
i20_13_2.bmp,30.412334442138672
i20_13_3.bmp,27.136125564575195
i20_13_4.bmp,23.494918823242188
i20_13_5.bmp,21.516464233398438
i20_14_1.bmp,33.01467514038086
i20_14_2.bmp,29.311386108398438
i20_14_3.bmp,26.729127883911133
i20_14_4.bmp,25.653764724731445
i20_14_5.bmp,23.660924911499023
i20_15_1.bmp,23.002843856811523
i20_15_2.bmp,22.970096588134766
i20_15_3.bmp,23.263931274414062
i20_15_4.bmp,23.375272750854492
i20_15_5.bmp,23.79471206665039
i20_16_1.bmp,32.572593688964844
i20_16_2.bmp,30.81819725036621
i20_16_3.bmp,22.184370040893555
i20_16_4.bmp,21.5293025970459
i20_16_5.bmp,16.34394073486328
i20_17_1.bmp,29.53900146484375
i20_17_2.bmp,26.55482292175293
i20_17_3.bmp,21.43610954284668
i20_17_4.bmp,21.259071350097656
i20_17_5.bmp,15.416290283203125
i20_18_1.bmp,56.74839782714844
i20_18_2.bmp,56.4102897644043
i20_18_3.bmp,56.974388122558594
i20_18_4.bmp,56.52311325073242
i20_18_5.bmp,56.532901763916016
i20_19_1.bmp,36.04436492919922
i20_19_2.bmp,32.92649841308594
i20_19_3.bmp,29.884510040283203
i20_19_4.bmp,26.7824764251709
i20_19_5.bmp,23.64048957824707
i20_20_1.bmp,34.27730178833008
i20_20_2.bmp,30.759775161743164
i20_20_3.bmp,27.582191467285156
i20_20_4.bmp,24.539703369140625
i20_20_5.bmp,21.483230590820312
i20_21_1.bmp,34.26747131347656
i20_21_2.bmp,31.005664825439453
i20_21_3.bmp,27.858999252319336
i20_21_4.bmp,24.53076934814453
i20_21_5.bmp,21.373619079589844
i20_22_1.bmp,34.98717498779297
i20_22_2.bmp,31.843183517456055
i20_22_3.bmp,28.58777618408203
i20_22_4.bmp,24.847938537597656
i20_22_5.bmp,21.644302368164062
i20_23_1.bmp,41.60133743286133
i20_23_2.bmp,36.56889724731445
i20_23_3.bmp,32.842681884765625
i20_23_4.bmp,27.75600242614746
i20_23_5.bmp,24.067020416259766
i20_24_1.bmp,34.17469787597656
i20_24_2.bmp,30.746259689331055
i20_24_3.bmp,27.589801788330078
i20_24_4.bmp,24.53679084777832
i20_24_5.bmp,21.56202507019043
i21_01_1.bmp,36.61608123779297
i21_01_2.bmp,33.609893798828125
i21_01_3.bmp,30.542858123779297
i21_01_4.bmp,27.545452117919922
i21_01_5.bmp,24.538042068481445
i21_02_1.bmp,42.5750732421875
i21_02_2.bmp,39.57893371582031
i21_02_3.bmp,36.50505447387695
i21_02_4.bmp,33.534297943115234
i21_02_5.bmp,30.478168487548828
i21_03_1.bmp,36.58352279663086
i21_03_2.bmp,33.58840560913086
i21_03_3.bmp,30.592884063720703
i21_03_4.bmp,27.552780151367188
i21_03_5.bmp,24.489768981933594
i21_04_1.bmp,36.18238067626953
i21_04_2.bmp,33.2286376953125
i21_04_3.bmp,30.207500457763672
i21_04_4.bmp,27.14297103881836
i21_04_5.bmp,24.300289154052734
i21_05_1.bmp,36.541690826416016
i21_05_2.bmp,33.54155731201172
i21_05_3.bmp,28.545434951782227
i21_05_4.bmp,23.53101921081543
i21_05_5.bmp,18.498567581176758
i21_06_1.bmp,36.594844818115234
i21_06_2.bmp,33.445091247558594
i21_06_3.bmp,30.43738555908203
i21_06_4.bmp,27.258380889892578
i21_06_5.bmp,24.310110092163086
i21_07_1.bmp,37.112342834472656
i21_07_2.bmp,33.44000244140625
i21_07_3.bmp,31.325531005859375
i21_07_4.bmp,27.581844329833984
i21_07_5.bmp,25.390716552734375
i21_08_1.bmp,34.886653900146484
i21_08_2.bmp,30.05495834350586
i21_08_3.bmp,26.133127212524414
i21_08_4.bmp,23.39047622680664
i21_08_5.bmp,21.29276466369629
i21_09_1.bmp,36.43142318725586
i21_09_2.bmp,33.57219696044922
i21_09_3.bmp,29.536643981933594
i21_09_4.bmp,25.498409271240234
i21_09_5.bmp,21.682767868041992
i21_10_1.bmp,35.152286529541016
i21_10_2.bmp,32.10326385498047
i21_10_3.bmp,28.766965866088867
i21_10_4.bmp,25.46415138244629
i21_10_5.bmp,23.052631378173828
i21_11_1.bmp,33.859703063964844
i21_11_2.bmp,30.585556030273438
i21_11_3.bmp,27.485919952392578
i21_11_4.bmp,24.431306838989258
i21_11_5.bmp,21.194732666015625
i21_12_1.bmp,33.00999450683594
i21_12_2.bmp,32.164424896240234
i21_12_3.bmp,27.346284866333008
i21_12_4.bmp,23.959665298461914
i21_12_5.bmp,20.837017059326172
i21_13_1.bmp,33.311317443847656
i21_13_2.bmp,30.105674743652344
i21_13_3.bmp,27.374080657958984
i21_13_4.bmp,23.855714797973633
i21_13_5.bmp,21.106739044189453
i21_14_1.bmp,32.87270736694336
i21_14_2.bmp,28.327455520629883
i21_14_3.bmp,25.60884666442871
i21_14_4.bmp,23.888559341430664
i21_14_5.bmp,22.052703857421875
i21_15_1.bmp,25.085372924804688
i21_15_2.bmp,24.758285522460938
i21_15_3.bmp,24.9176025390625
i21_15_4.bmp,24.580963134765625
i21_15_5.bmp,26.97130584716797
i21_16_1.bmp,32.5684928894043
i21_16_2.bmp,28.255615234375
i21_16_3.bmp,22.119686126708984
i21_16_4.bmp,18.730606079101562
i21_16_5.bmp,16.187320709228516
i21_17_1.bmp,34.844242095947266
i21_17_2.bmp,30.18596649169922
i21_17_3.bmp,26.942529678344727
i21_17_4.bmp,23.75230598449707
i21_17_5.bmp,20.92324447631836
i21_18_1.bmp,56.34730911254883
i21_18_2.bmp,56.394622802734375
i21_18_3.bmp,56.290626525878906
i21_18_4.bmp,55.63274383544922
i21_18_5.bmp,55.599613189697266
i21_19_1.bmp,36.33942794799805
i21_19_2.bmp,33.33613586425781
i21_19_3.bmp,30.336896896362305
i21_19_4.bmp,27.319122314453125
i21_19_5.bmp,24.306976318359375
i21_20_1.bmp,33.6541633605957
i21_20_2.bmp,30.46369743347168
i21_20_3.bmp,27.38521385192871
i21_20_4.bmp,24.385448455810547
i21_20_5.bmp,21.364173889160156
i21_21_1.bmp,34.29631042480469
i21_21_2.bmp,31.183799743652344
i21_21_3.bmp,28.24506950378418
i21_21_4.bmp,25.489742279052734
i21_21_5.bmp,22.54987907409668
i21_22_1.bmp,34.959651947021484
i21_22_2.bmp,31.81124496459961
i21_22_3.bmp,28.187894821166992
i21_22_4.bmp,24.924198150634766
i21_22_5.bmp,22.277347564697266
i21_23_1.bmp,41.29402160644531
i21_23_2.bmp,36.31396484375
i21_23_3.bmp,32.93090057373047
i21_23_4.bmp,30.382795333862305
i21_23_5.bmp,23.157482147216797
i21_24_1.bmp,33.91716384887695
i21_24_2.bmp,30.67247200012207
i21_24_3.bmp,27.44224739074707
i21_24_4.bmp,24.259151458740234
i21_24_5.bmp,21.210878372192383
i22_01_1.bmp,36.5958366394043
i22_01_2.bmp,33.60194396972656
i22_01_3.bmp,30.545639038085938
i22_01_4.bmp,27.507137298583984
i22_01_5.bmp,24.513465881347656
i22_02_1.bmp,42.52931594848633
i22_02_2.bmp,39.54783630371094
i22_02_3.bmp,36.498985290527344
i22_02_4.bmp,33.50483703613281
i22_02_5.bmp,30.465862274169922
i22_03_1.bmp,36.5933952331543
i22_03_2.bmp,33.56451416015625
i22_03_3.bmp,30.53030014038086
i22_03_4.bmp,27.534225463867188
i22_03_5.bmp,24.540508270263672
i22_04_1.bmp,36.17338562011719
i22_04_2.bmp,33.51154708862305
i22_04_3.bmp,30.42230796813965
i22_04_4.bmp,27.41201400756836
i22_04_5.bmp,24.51290512084961
i22_05_1.bmp,36.535423278808594
i22_05_2.bmp,33.53486633300781
i22_05_3.bmp,28.535964965820312
i22_05_4.bmp,23.523752212524414
i22_05_5.bmp,18.560693740844727
i22_06_1.bmp,36.43464660644531
i22_06_2.bmp,31.9252872467041
i22_06_3.bmp,28.847877502441406
i22_06_4.bmp,25.965824127197266
i22_06_5.bmp,22.96526336669922
i22_07_1.bmp,36.909698486328125
i22_07_2.bmp,33.424991607666016
i22_07_3.bmp,30.74942398071289
i22_07_4.bmp,27.92229652404785
i22_07_5.bmp,25.285385131835938
i22_08_1.bmp,36.40894317626953
i22_08_2.bmp,31.587512969970703
i22_08_3.bmp,27.692516326904297
i22_08_4.bmp,24.974424362182617
i22_08_5.bmp,22.960830688476562
i22_09_1.bmp,35.83186340332031
i22_09_2.bmp,33.07948684692383
i22_09_3.bmp,29.873210906982422
i22_09_4.bmp,26.908706665039062
i22_09_5.bmp,23.037508010864258
i22_10_1.bmp,35.579498291015625
i22_10_2.bmp,32.885929107666016
i22_10_3.bmp,29.786827087402344
i22_10_4.bmp,26.564348220825195
i22_10_5.bmp,24.436063766479492
i22_11_1.bmp,34.02879333496094
i22_11_2.bmp,30.78326416015625
i22_11_3.bmp,27.81704330444336
i22_11_4.bmp,24.705718994140625
i22_11_5.bmp,21.591289520263672
i22_12_1.bmp,51.401451110839844
i22_12_2.bmp,30.713741302490234
i22_12_3.bmp,27.67359161376953
i22_12_4.bmp,23.85932731628418
i22_12_5.bmp,20.727245330810547
i22_13_1.bmp,33.603965759277344
i22_13_2.bmp,30.797069549560547
i22_13_3.bmp,27.522554397583008
i22_13_4.bmp,24.295429229736328
i22_13_5.bmp,22.466318130493164
i22_14_1.bmp,32.908424377441406
i22_14_2.bmp,30.619903564453125
i22_14_3.bmp,27.91777801513672
i22_14_4.bmp,25.846820831298828
i22_14_5.bmp,24.618247985839844
i22_15_1.bmp,26.393733978271484
i22_15_2.bmp,26.09002113342285
i22_15_3.bmp,25.652799606323242
i22_15_4.bmp,26.09731674194336
i22_15_5.bmp,28.38656234741211
i22_16_1.bmp,32.568809509277344
i22_16_2.bmp,28.298004150390625
i22_16_3.bmp,22.11505126953125
i22_16_4.bmp,18.787403106689453
i22_16_5.bmp,16.121925354003906
i22_17_1.bmp,34.61776351928711
i22_17_2.bmp,30.025089263916016
i22_17_3.bmp,26.62250328063965
i22_17_4.bmp,23.4604434967041
i22_17_5.bmp,20.60325813293457
i22_18_1.bmp,56.50227355957031
i22_18_2.bmp,56.39177703857422
i22_18_3.bmp,56.44355010986328
i22_18_4.bmp,56.36991882324219
i22_18_5.bmp,55.61973190307617
i22_19_1.bmp,36.237701416015625
i22_19_2.bmp,33.26792907714844
i22_19_3.bmp,30.31174659729004
i22_19_4.bmp,27.29050064086914
i22_19_5.bmp,24.32741355895996
i22_20_1.bmp,33.74428176879883
i22_20_2.bmp,30.710792541503906
i22_20_3.bmp,27.610458374023438
i22_20_4.bmp,24.598445892333984
i22_20_5.bmp,21.677820205688477
i22_21_1.bmp,34.39873504638672
i22_21_2.bmp,31.356796264648438
i22_21_3.bmp,28.533437728881836
i22_21_4.bmp,25.75189208984375
i22_21_5.bmp,22.792255401611328
i22_22_1.bmp,35.58745574951172
i22_22_2.bmp,32.1207275390625
i22_22_3.bmp,28.99925994873047
i22_22_4.bmp,25.47308921813965
i22_22_5.bmp,22.580230712890625
i22_23_1.bmp,41.41353225708008
i22_23_2.bmp,36.265464782714844
i22_23_3.bmp,32.51925277709961
i22_23_4.bmp,27.024616241455078
i22_23_5.bmp,23.24598503112793
i22_24_1.bmp,34.259727478027344
i22_24_2.bmp,30.908262252807617
i22_24_3.bmp,27.782516479492188
i22_24_4.bmp,24.63728904724121
i22_24_5.bmp,21.536148071289062
i23_01_1.bmp,36.604496002197266
i23_01_2.bmp,33.58506393432617
i23_01_3.bmp,30.52572250366211
i23_01_4.bmp,27.53915786743164
i23_01_5.bmp,24.540250778198242
i23_02_1.bmp,42.56477355957031
i23_02_2.bmp,39.5549201965332
i23_02_3.bmp,36.53247833251953
i23_02_4.bmp,33.525360107421875
i23_02_5.bmp,30.473918914794922
i23_03_1.bmp,36.60862731933594
i23_03_2.bmp,33.62542724609375
i23_03_3.bmp,30.570228576660156
i23_03_4.bmp,27.541048049926758
i23_03_5.bmp,24.55467414855957
i23_04_1.bmp,36.335205078125
i23_04_2.bmp,33.35004425048828
i23_04_3.bmp,30.45849609375
i23_04_4.bmp,27.63545799255371
i23_04_5.bmp,25.0216064453125
i23_05_1.bmp,36.52728271484375
i23_05_2.bmp,33.529781341552734
i23_05_3.bmp,28.54079818725586
i23_05_4.bmp,23.56377601623535
i23_05_5.bmp,18.6362247467041
i23_06_1.bmp,36.38656234741211
i23_06_2.bmp,33.06250762939453
i23_06_3.bmp,30.054790496826172
i23_06_4.bmp,26.993633270263672
i23_06_5.bmp,23.943988800048828
i23_07_1.bmp,36.71574020385742
i23_07_2.bmp,33.29519271850586
i23_07_3.bmp,30.07135009765625
i23_07_4.bmp,27.135541915893555
i23_07_5.bmp,24.116500854492188
i23_08_1.bmp,39.93636703491211
i23_08_2.bmp,35.01923370361328
i23_08_3.bmp,30.667224884033203
i23_08_4.bmp,27.192031860351562
i23_08_5.bmp,24.54596519470215
i23_09_1.bmp,39.28301239013672
i23_09_2.bmp,37.257110595703125
i23_09_3.bmp,34.22506332397461
i23_09_4.bmp,30.315114974975586
i23_09_5.bmp,24.355152130126953
i23_10_1.bmp,39.61051559448242
i23_10_2.bmp,37.17948532104492
i23_10_3.bmp,33.73516845703125
i23_10_4.bmp,29.632837295532227
i23_10_5.bmp,26.345502853393555
i23_11_1.bmp,34.06402587890625
i23_11_2.bmp,31.1551570892334
i23_11_3.bmp,28.42302703857422
i23_11_4.bmp,25.32844352722168
i23_11_5.bmp,22.377525329589844
i23_12_1.bmp,38.716575622558594
i23_12_2.bmp,43.30303192138672
i23_12_3.bmp,27.239582061767578
i23_12_4.bmp,24.38819694519043
i23_12_5.bmp,21.883647918701172
i23_13_1.bmp,33.15785598754883
i23_13_2.bmp,31.214691162109375
i23_13_3.bmp,27.128210067749023
i23_13_4.bmp,24.480472564697266
i23_13_5.bmp,22.34033203125
i23_14_1.bmp,33.17252731323242
i23_14_2.bmp,32.56396484375
i23_14_3.bmp,30.785932540893555
i23_14_4.bmp,28.075786590576172
i23_14_5.bmp,26.48054313659668
i23_15_1.bmp,24.42621612548828
i23_15_2.bmp,24.1776180267334
i23_15_3.bmp,24.18100357055664
i23_15_4.bmp,23.913793563842773
i23_15_5.bmp,25.653656005859375
i23_16_1.bmp,32.593544006347656
i23_16_2.bmp,28.248577117919922
i23_16_3.bmp,22.144878387451172
i23_16_4.bmp,18.806556701660156
i23_16_5.bmp,16.16499900817871
i23_17_1.bmp,34.10661315917969
i23_17_2.bmp,29.072101593017578
i23_17_3.bmp,26.153470993041992
i23_17_4.bmp,22.90033721923828
i23_17_5.bmp,20.132905960083008
i23_18_1.bmp,56.40602111816406
i23_18_2.bmp,56.429649353027344
i23_18_3.bmp,56.55943298339844
i23_18_4.bmp,56.532554626464844
i23_18_5.bmp,56.33690643310547
i23_19_1.bmp,36.042232513427734
i23_19_2.bmp,32.996681213378906
i23_19_3.bmp,29.9506778717041
i23_19_4.bmp,26.90697479248047
i23_19_5.bmp,23.860584259033203
i23_20_1.bmp,33.773643493652344
i23_20_2.bmp,30.666959762573242
i23_20_3.bmp,27.86087417602539
i23_20_4.bmp,25.138015747070312
i23_20_5.bmp,22.21808433532715
i23_21_1.bmp,34.935386657714844
i23_21_2.bmp,32.205055236816406
i23_21_3.bmp,29.414262771606445
i23_21_4.bmp,26.495609283447266
i23_21_5.bmp,23.28592300415039
i23_22_1.bmp,36.212646484375
i23_22_2.bmp,33.03365707397461
i23_22_3.bmp,29.26302719116211
i23_22_4.bmp,26.354976654052734
i23_22_5.bmp,23.02196502685547
i23_23_1.bmp,42.21290969848633
i23_23_2.bmp,36.768192291259766
i23_23_3.bmp,30.06352424621582
i23_23_4.bmp,28.025074005126953
i23_23_5.bmp,25.036033630371094
i23_24_1.bmp,34.09378433227539
i23_24_2.bmp,30.91107940673828
i23_24_3.bmp,27.836585998535156
i23_24_4.bmp,24.730552673339844
i23_24_5.bmp,22.310121536254883
i24_01_1.bmp,36.58240509033203
i24_01_2.bmp,33.5990104675293
i24_01_3.bmp,30.497543334960938
i24_01_4.bmp,27.484338760375977
i24_01_5.bmp,24.44554328918457
i24_02_1.bmp,42.56731033325195
i24_02_2.bmp,39.575477600097656
i24_02_3.bmp,36.47766876220703
i24_02_4.bmp,33.489803314208984
i24_02_5.bmp,30.46401023864746
i24_03_1.bmp,36.57398986816406
i24_03_2.bmp,33.57298278808594
i24_03_3.bmp,30.515214920043945
i24_03_4.bmp,27.55924415588379
i24_03_5.bmp,24.527057647705078
i24_04_1.bmp,36.15625
i24_04_2.bmp,33.365901947021484
i24_04_3.bmp,30.373004913330078
i24_04_4.bmp,27.358551025390625
i24_04_5.bmp,24.493263244628906
i24_05_1.bmp,36.52103805541992
i24_05_2.bmp,33.517982482910156
i24_05_3.bmp,28.509580612182617
i24_05_4.bmp,23.47430419921875
i24_05_5.bmp,18.487560272216797
i24_06_1.bmp,36.92626953125
i24_06_2.bmp,32.13170623779297
i24_06_3.bmp,29.257604598999023
i24_06_4.bmp,26.201709747314453
i24_06_5.bmp,23.13161849975586
i24_07_1.bmp,36.96002197265625
i24_07_2.bmp,33.60796356201172
i24_07_3.bmp,30.1661319732666
i24_07_4.bmp,27.08072853088379
i24_07_5.bmp,23.486032485961914
i24_08_1.bmp,35.80173110961914
i24_08_2.bmp,31.01319122314453
i24_08_3.bmp,27.13070297241211
i24_08_4.bmp,24.438087463378906
i24_08_5.bmp,22.436771392822266
i24_09_1.bmp,36.79232406616211
i24_09_2.bmp,33.998653411865234
i24_09_3.bmp,30.26900291442871
i24_09_4.bmp,26.443557739257812
i24_09_5.bmp,22.51594352722168
i24_10_1.bmp,36.25297164916992
i24_10_2.bmp,33.203922271728516
i24_10_3.bmp,29.533567428588867
i24_10_4.bmp,26.049348831176758
i24_10_5.bmp,23.617454528808594
i24_11_1.bmp,33.965065002441406
i24_11_2.bmp,30.759105682373047
i24_11_3.bmp,27.620820999145508
i24_11_4.bmp,24.55122947692871
i24_11_5.bmp,21.276702880859375
i24_12_1.bmp,37.347320556640625
i24_12_2.bmp,29.95165252685547
i24_12_3.bmp,27.815383911132812
i24_12_4.bmp,24.442289352416992
i24_12_5.bmp,21.02285385131836
i24_13_1.bmp,32.70283508300781
i24_13_2.bmp,30.072891235351562
i24_13_3.bmp,27.60336685180664
i24_13_4.bmp,24.383708953857422
i24_13_5.bmp,21.12561798095703
i24_14_1.bmp,32.94566345214844
i24_14_2.bmp,28.895408630371094
i24_14_3.bmp,26.531600952148438
i24_14_4.bmp,24.80506706237793
i24_14_5.bmp,23.423654556274414
i24_15_1.bmp,29.422565460205078
i24_15_2.bmp,27.40570831298828
i24_15_3.bmp,26.251726150512695
i24_15_4.bmp,25.25086212158203
i24_15_5.bmp,29.485681533813477
i24_16_1.bmp,32.567779541015625
i24_16_2.bmp,28.206886291503906
i24_16_3.bmp,22.110567092895508
i24_16_4.bmp,18.67329978942871
i24_16_5.bmp,16.100189208984375
i24_17_1.bmp,36.350093841552734
i24_17_2.bmp,31.873090744018555
i24_17_3.bmp,28.450088500976562
i24_17_4.bmp,25.008438110351562
i24_17_5.bmp,22.432735443115234
i24_18_1.bmp,56.480812072753906
i24_18_2.bmp,56.179386138916016
i24_18_3.bmp,55.59307861328125
i24_18_4.bmp,56.32753372192383
i24_18_5.bmp,54.557491302490234
i24_19_1.bmp,36.15326690673828
i24_19_2.bmp,33.14317321777344
i24_19_3.bmp,30.177743911743164
i24_19_4.bmp,27.14992332458496
i24_19_5.bmp,24.113786697387695
i24_20_1.bmp,33.87871170043945
i24_20_2.bmp,30.64333152770996
i24_20_3.bmp,27.629291534423828
i24_20_4.bmp,24.50005531311035
i24_20_5.bmp,21.459449768066406
i24_21_1.bmp,34.33359146118164
i24_21_2.bmp,31.392642974853516
i24_21_3.bmp,28.456161499023438
i24_21_4.bmp,25.64232635498047
i24_21_5.bmp,22.83966827392578
i24_22_1.bmp,35.539546966552734
i24_22_2.bmp,32.06675720214844
i24_22_3.bmp,28.26308250427246
i24_22_4.bmp,23.562488555908203
i24_22_5.bmp,21.03141975402832
i24_23_1.bmp,41.82133102416992
i24_23_2.bmp,36.64567184448242
i24_23_3.bmp,33.28501510620117
i24_23_4.bmp,30.54060935974121
i24_23_5.bmp,23.058320999145508
i24_24_1.bmp,34.34714889526367
i24_24_2.bmp,30.912181854248047
i24_24_3.bmp,27.74248504638672
i24_24_4.bmp,24.23194694519043
i24_24_5.bmp,21.1152286529541
i25_01_1.bmp,36.92474365234375
i25_01_2.bmp,33.98668670654297
i25_01_3.bmp,30.92340087890625
i25_01_4.bmp,27.96544075012207
i25_01_5.bmp,24.940391540527344
i25_02_1.bmp,42.20248794555664
i25_02_2.bmp,39.187713623046875
i25_02_3.bmp,36.11858367919922
i25_02_4.bmp,33.14008712768555
i25_02_5.bmp,30.123661041259766
i25_03_1.bmp,36.9279899597168
i25_03_2.bmp,33.943790435791016
i25_03_3.bmp,30.939380645751953
i25_03_4.bmp,27.997718811035156
i25_03_5.bmp,24.992143630981445
i25_04_1.bmp,36.387821197509766
i25_04_2.bmp,33.24931335449219
i25_04_3.bmp,30.259817123413086
i25_04_4.bmp,27.185894012451172
i25_04_5.bmp,24.089147567749023
i25_05_1.bmp,36.900146484375
i25_05_2.bmp,33.91792678833008
i25_05_3.bmp,28.956035614013672
i25_05_4.bmp,23.975147247314453
i25_05_5.bmp,18.958532333374023
i25_06_1.bmp,34.63710021972656
i25_06_2.bmp,31.44915008544922
i25_06_3.bmp,28.53714370727539
i25_06_4.bmp,25.43581771850586
i25_06_5.bmp,22.40091323852539
i25_07_1.bmp,36.31217956542969
i25_07_2.bmp,33.132843017578125
i25_07_3.bmp,30.452192306518555
i25_07_4.bmp,27.3717041015625
i25_07_5.bmp,23.985464096069336
i25_08_1.bmp,23.92020034790039
i25_08_2.bmp,19.223812103271484
i25_08_3.bmp,16.16572380065918
i25_08_4.bmp,14.661905288696289
i25_08_5.bmp,13.789521217346191
i25_09_1.bmp,40.604854583740234
i25_09_2.bmp,36.94948196411133
i25_09_3.bmp,31.55588150024414
i25_09_4.bmp,23.95516586303711
i25_09_5.bmp,18.20433807373047
i25_10_1.bmp,33.25450897216797
i25_10_2.bmp,30.050954818725586
i25_10_3.bmp,24.955535888671875
i25_10_4.bmp,20.813695907592773
i25_10_5.bmp,17.866504669189453
i25_11_1.bmp,36.58441925048828
i25_11_2.bmp,33.58481216430664
i25_11_3.bmp,29.356061935424805
i25_11_4.bmp,26.2967586517334
i25_11_5.bmp,22.690776824951172
i25_12_1.bmp,36.003414154052734
i25_12_2.bmp,28.50552749633789
i25_12_3.bmp,26.342666625976562
i25_12_4.bmp,23.053701400756836
i25_12_5.bmp,20.008594512939453
i25_13_1.bmp,33.614036560058594
i25_13_2.bmp,35.932350158691406
i25_13_3.bmp,27.60627555847168
i25_13_4.bmp,26.095149993896484
i25_13_5.bmp,21.289836883544922
i25_14_1.bmp,32.791526794433594
i25_14_2.bmp,25.633163452148438
i25_14_3.bmp,23.964672088623047
i25_14_4.bmp,23.38630485534668
i25_14_5.bmp,21.450538635253906
i25_15_1.bmp,20.761137008666992
i25_15_2.bmp,21.469783782958984
i25_15_3.bmp,21.690574645996094
i25_15_4.bmp,22.584346771240234
i25_15_5.bmp,26.202281951904297
i25_16_1.bmp,33.327415466308594
i25_16_2.bmp,28.615875244140625
i25_16_3.bmp,22.978593826293945
i25_16_4.bmp,19.150131225585938
i25_16_5.bmp,17.135093688964844
i25_17_1.bmp,30.849136352539062
i25_17_2.bmp,29.6772403717041
i25_17_3.bmp,22.934558868408203
i25_17_4.bmp,23.928396224975586
i25_17_5.bmp,16.94092559814453
i25_18_1.bmp,56.992767333984375
i25_18_2.bmp,56.7149543762207
i25_18_3.bmp,57.07322692871094
i25_18_4.bmp,56.49917984008789
i25_18_5.bmp,57.352073669433594
i25_19_1.bmp,36.78419494628906
i25_19_2.bmp,33.767608642578125
i25_19_3.bmp,30.721527099609375
i25_19_4.bmp,27.66302490234375
i25_19_5.bmp,24.64098358154297
i25_20_1.bmp,35.25325012207031
i25_20_2.bmp,31.853912353515625
i25_20_3.bmp,28.64122200012207
i25_20_4.bmp,25.31925392150879
i25_20_5.bmp,22.042095184326172
i25_21_1.bmp,35.26981735229492
i25_21_2.bmp,32.100624084472656
i25_21_3.bmp,32.86656951904297
i25_21_4.bmp,25.623729705810547
i25_21_5.bmp,22.528934478759766
i25_22_1.bmp,34.67311477661133
i25_22_2.bmp,31.101032257080078
i25_22_3.bmp,28.254840850830078
i25_22_4.bmp,26.02768898010254
i25_22_5.bmp,22.735118865966797
i25_23_1.bmp,40.616432189941406
i25_23_2.bmp,35.86389923095703
i25_23_3.bmp,32.791343688964844
i25_23_4.bmp,30.697471618652344
i25_23_5.bmp,28.785926818847656
i25_24_1.bmp,36.18056869506836
i25_24_2.bmp,32.127479553222656
i25_24_3.bmp,28.168251037597656
i25_24_4.bmp,25.01662254333496
i25_24_5.bmp,21.89262580871582
