name,scores
IS_III_C01_D01.jpg,"[99.0, 93.0, 99.0, 91.0, 99.0, 100.0, 100.0, 100.0, 92.0, 100.0, 99.0, 88.0, 100.0, 97.0, 100.0, 100.0, 100.0, 100.0, 100.0, 98.0, 100.0, 94.0, 69.0, 87.0, 100.0, 99.0, 100.0, 100.0, 100.0, 100.0, 100.0]"
IS_III_C01_D02.jpg,"[90.0, 70.0, 87.0, 94.0, 100.0, 68.0, 61.0, 83.0, 48.0, 97.0, 98.0, 79.0, 92.0, 85.0, 66.0, 59.0, 46.0, 67.0, 80.0, 74.0, 81.0, 74.0, 95.0, 84.0, 83.0, 74.0, 51.0, 59.0, 62.0, 91.0, 74.0]"
IS_III_C01_D03.jpg,"[100.0, 66.0, 91.0, 98.0, 99.0, 65.0, 93.0, 73.0, 90.0, 68.0, 98.0, 100.0, 96.0, 85.0, 86.0, 83.0, 73.0, 91.0, 86.0, 74.0, 80.0, 76.0, 74.0, 96.0, 93.0, 93.0, 74.0, 92.0, 84.0, 90.0, 51.0]"
IS_III_C01_D04.jpg,"[93.0, 74.0, 43.0, 46.0, 30.0, 37.0, 36.0, 50.0, 49.0, 75.0, 54.0, 65.0, 38.0, 64.0, 34.0, 53.0, 42.0, 49.0, 51.0, 55.0, 46.0, 54.0, 47.0, 50.0, 54.0, 62.0, 35.0, 53.0, 74.0, 61.0, 14.0]"
IS_III_C01_D05.jpg,"[0.0, 0.0, 0.0, 0.0, 0.0, 0.0, 0.0, 0.0, 0.0, 0.0, 0.0, 0.0, 0.0, 0.0, 0.0, 0.0, 0.0, 0.0, 0.0, 0.0, 0.0, 0.0, 0.0, 0.0, 4.0, 0.0, 0.0, 0.0, 0.0, 16.0, 32.0]"
IS_III_C01_D06.jpg,"[38.0, 41.0, 66.0, 37.0, 36.0, 40.0, 36.0, 36.0, 31.0, 62.0, 35.0, 53.0, 15.0, 48.0, 38.0, 38.0, 42.0, 53.0, 50.0, 49.0, 64.0, 59.0, 55.0, 23.0, 13.0, 21.0, 28.0, 51.0, 24.0, 67.0, 28.0]"
IS_III_C01_D07.jpg,"[86.0, 40.0, 53.0, 43.0, 7.0, 25.0, 29.0, 60.0, 50.0, 34.0, 48.0, 14.0, 33.0, 52.0, 21.0, 45.0, 25.0, 26.0, 34.0, 44.0, 69.0, 15.0, 36.0, 34.0, 17.0, 44.0, 50.0, 46.0, 39.0, 67.0, 57.0]"
IS_III_C01_D08.jpg,"[62.0, 31.0, 47.0, 49.0, 12.0, 34.0, 54.0, 70.0, 49.0, 38.0, 16.0, 35.0, 73.0, 58.0, 37.0, 77.0, 46.0, 44.0, 45.0, 52.0, 66.0, 20.0, 44.0, 76.0, 72.0, 30.0, 60.0, 30.0, 61.0, 60.0, 0.0]"
IS_III_C01_D09.jpg,"[86.0, 100.0, 97.0, 100.0, 98.0, 89.0, 100.0, 90.0, 94.0, 100.0, 95.0, 93.0, 91.0, 82.0, 93.0, 74.0, 50.0, 95.0, 83.0, 54.0, 86.0, 100.0, 100.0, 60.0, 97.0, 98.0, 60.0, 91.0, 90.0, 91.0, 63.0]"
IS_III_C01_D10.jpg,"[2.0, 3.0, 0.0, 0.0, 0.0, 7.0, 19.0, 6.0, 5.0, 0.0, 1.0, 2.0, 4.0, 4.0, 3.0, 4.0, 2.0, 0.0, 5.0, 1.0, 1.0, 5.0, 1.0, 7.0, 0.0, 3.0, 10.0, 4.0, 0.0, 11.0, 74.0]"
IS_III_C01_D11.jpg,"[88.0, 74.0, 83.0, 90.0, 99.0, 70.0, 88.0, 63.0, 100.0, 47.0, 85.0, 83.0, 95.0, 80.0, 65.0, 70.0, 89.0, 76.0, 80.0, 75.0, 64.0, 71.0, 81.0, 98.0, 78.0, 52.0, 61.0, 41.0, 93.0, 92.0, 11.0]"
IS_III_C01_D12.jpg,"[57.0, 50.0, 76.0, 52.0, 47.0, 77.0, 52.0, 76.0, 26.0, 37.0, 69.0, 25.0, 71.0, 49.0, 42.0, 64.0, 38.0, 83.0, 68.0, 51.0, 52.0, 42.0, 67.0, 47.0, 84.0, 48.0, 32.0, 59.0, 34.0, 64.0, 32.0]"
IS_III_C01_D13.jpg,"[25.0, 24.0, 42.0, 46.0, 9.0, 29.0, 0.0, 18.0, 27.0, 16.0, 11.0, 16.0, 8.0, 38.0, 34.0, 33.0, 38.0, 15.0, 24.0, 38.0, 38.0, 33.0, 21.0, 15.0, 8.0, 19.0, 34.0, 32.0, 17.0, 49.0, 17.0]"
IS_III_C02_D01.jpg,"[100.0, 100.0, 91.0, 90.0, 99.0, 100.0, 65.0, 100.0, 88.0, 82.0, 95.0, 94.0, 100.0, 79.0, 100.0, 100.0, 100.0, 100.0, 100.0, 97.0, 100.0, 94.0, 100.0, 94.0, 100.0, 98.0, 100.0, 100.0, 100.0, 98.0, 100.0]"
IS_III_C02_D02.jpg,"[99.0, 82.0, 99.0, 100.0, 100.0, 88.0, 100.0, 100.0, 100.0, 100.0, 100.0, 100.0, 85.0, 94.0, 90.0, 89.0, 84.0, 54.0, 94.0, 70.0, 71.0, 100.0, 97.0, 100.0, 92.0, 85.0, 80.0, 79.0, 87.0, 88.0, 74.0]"
IS_III_C02_D03.jpg,"[80.0, 43.0, 76.0, 91.0, 79.0, 68.0, 61.0, 56.0, 49.0, 67.0, 63.0, 52.0, 83.0, 61.0, 48.0, 78.0, 55.0, 61.0, 87.0, 71.0, 94.0, 44.0, 100.0, 81.0, 87.0, 69.0, 63.0, 84.0, 49.0, 76.0, 88.0]"
IS_III_C02_D05.jpg,"[0.0, 0.0, 0.0, 0.0, 0.0, 0.0, 8.0, 12.0, 11.0, 8.0, 1.0, 0.0, 0.0, 34.0, 0.0, 0.0, 0.0, 8.0, 0.0, 9.0, 1.0, 0.0, 0.0, 0.0, 5.0, 1.0, 8.0, 18.0, 0.0, 52.0, 82.0]"
IS_III_C02_D06.jpg,"[38.0, 32.0, 8.0, 0.0, 7.0, 12.0, 0.0, 46.0, 25.0, 27.0, 40.0, 10.0, 24.0, 43.0, 9.0, 21.0, 8.0, 47.0, 13.0, 14.0, 8.0, 23.0, 28.0, 7.0, 9.0, 15.0, 16.0, 20.0, 2.0, 61.0, 0.0]"
IS_III_C02_D07.jpg,"[46.0, 45.0, 41.0, 19.0, 33.0, 45.0, 26.0, 52.0, 38.0, 39.0, 32.0, 24.0, 27.0, 37.0, 31.0, 25.0, 34.0, 34.0, 61.0, 43.0, 20.0, 33.0, 23.0, 35.0, 33.0, 48.0, 51.0, 27.0, 4.0, 88.0, 25.0]"
IS_III_C02_D08.jpg,"[85.0, 61.0, 86.0, 79.0, 65.0, 50.0, 42.0, 57.0, 50.0, 67.0, 68.0, 71.0, 38.0, 53.0, 66.0, 56.0, 55.0, 55.0, 70.0, 64.0, 58.0, 70.0, 71.0, 59.0, 76.0, 84.0, 53.0, 50.0, 16.0, 85.0, 59.0]"
IS_III_C02_D09.jpg,"[96.0, 69.0, 86.0, 82.0, 94.0, 56.0, 75.0, 89.0, 73.0, 100.0, 95.0, 96.0, 89.0, 73.0, 61.0, 82.0, 66.0, 94.0, 92.0, 72.0, 79.0, 83.0, 97.0, 84.0, 94.0, 76.0, 64.0, 82.0, 66.0, 91.0, 47.0]"
IS_III_C02_D10.jpg,"[11.0, 16.0, 13.0, 27.0, 36.0, 8.0, 16.0, 0.0, 16.0, 30.0, 0.0, 33.0, 11.0, 10.0, 37.0, 9.0, 23.0, 14.0, 19.0, 47.0, 15.0, 35.0, 27.0, 32.0, 49.0, 40.0, 33.0, 14.0, 22.0, 53.0, 23.0]"
IS_III_C02_D11.jpg,"[69.0, 69.0, 70.0, 67.0, 55.0, 20.0, 73.0, 72.0, 49.0, 38.0, 7.0, 75.0, 21.0, 88.0, 29.0, 68.0, 31.0, 20.0, 15.0, 46.0, 70.0, 73.0, 67.0, 50.0, 66.0, 53.0, 59.0, 74.0, 51.0, 64.0, 39.0]"
IS_III_C02_D12.jpg,"[91.0, 90.0, 50.0, 82.0, 60.0, 39.0, 29.0, 75.0, 75.0, 29.0, 46.0, 95.0, 76.0, 55.0, 37.0, 75.0, 47.0, 47.0, 93.0, 65.0, 50.0, 68.0, 69.0, 64.0, 80.0, 78.0, 25.0, 47.0, 16.0, 65.0, 31.0]"
IS_III_C02_D13.jpg,"[76.0, 53.0, 64.0, 84.0, 69.0, 79.0, 45.0, 65.0, 74.0, 66.0, 48.0, 71.0, 74.0, 52.0, 54.0, 52.0, 60.0, 61.0, 82.0, 51.0, 55.0, 57.0, 71.0, 60.0, 89.0, 64.0, 61.0, 82.0, 39.0, 67.0, 58.0]"
IS_III_C03_D01.jpg,"[100.0, 80.0, 100.0, 94.0, 100.0, 100.0, 82.0, 100.0, 79.0, 67.0, 88.0, 99.0, 100.0, 79.0, 91.0, 100.0, 100.0, 100.0, 100.0, 97.0, 100.0, 86.0, 100.0, 100.0, 100.0, 100.0, 100.0, 100.0, 100.0, 97.0, 100.0]"
IS_III_C03_D02.jpg,"[94.0, 100.0, 91.0, 100.0, 100.0, 66.0, 96.0, 100.0, 100.0, 99.0, 98.0, 94.0, 90.0, 90.0, 100.0, 92.0, 68.0, 98.0, 93.0, 80.0, 93.0, 100.0, 96.0, 91.0, 79.0, 98.0, 91.0, 91.0, 86.0, 83.0, 82.0]"
IS_III_C03_D03.jpg,"[97.0, 78.0, 92.0, 98.0, 86.0, 59.0, 100.0, 97.0, 66.0, 100.0, 87.0, 80.0, 77.0, 85.0, 88.0, 87.0, 86.0, 85.0, 92.0, 77.0, 81.0, 94.0, 90.0, 89.0, 75.0, 81.0, 84.0, 73.0, 88.0, 76.0, 75.0]"
IS_III_C03_D04.jpg,"[0.0, 16.0, 2.0, 14.0, 12.0, 6.0, 34.0, 0.0, 23.0, 5.0, 7.0, 9.0, 12.0, 22.0, 4.0, 22.0, 29.0, 19.0, 20.0, 27.0, 15.0, 34.0, 27.0, 10.0, 19.0, 30.0, 29.0, 12.0, 5.0, 40.0, 33.0]"
IS_III_C03_D05.jpg,"[9.0, 3.0, 0.0, 0.0, 0.0, 2.0, 0.0, 4.0, 0.0, 0.0, 3.0, 5.0, 1.0, 0.0, 0.0, 2.0, 4.0, 6.0, 0.0, 7.0, 0.0, 3.0, 0.0, 0.0, 3.0, 17.0, 7.0, 0.0, 0.0, 33.0, 87.0]"
IS_III_C03_D06.jpg,"[2.0, 8.0, 4.0, 0.0, 1.0, 9.0, 10.0, 18.0, 3.0, 4.0, 0.0, 5.0, 5.0, 11.0, 2.0, 3.0, 0.0, 3.0, 15.0, 24.0, 0.0, 0.0, 4.0, 8.0, 0.0, 5.0, 14.0, 8.0, 2.0, 19.0, 64.0]"
IS_III_C03_D07.jpg,"[25.0, 12.0, 21.0, 19.0, 23.0, 30.0, 61.0, 33.0, 16.0, 36.0, 8.0, 14.0, 9.0, 28.0, 32.0, 50.0, 11.0, 43.0, 37.0, 47.0, 25.0, 25.0, 24.0, 41.0, 29.0, 29.0, 25.0, 17.0, 22.0, 47.0, 11.0]"
IS_III_C03_D09.jpg,"[84.0, 89.0, 67.0, 72.0, 66.0, 62.0, 56.0, 93.0, 86.0, 78.0, 86.0, 52.0, 70.0, 77.0, 80.0, 76.0, 61.0, 38.0, 73.0, 71.0, 72.0, 70.0, 61.0, 70.0, 38.0, 54.0, 68.0, 74.0, 58.0, 64.0, 40.0]"
IS_III_C03_D10.jpg,"[16.0, 0.0, 14.0, 8.0, 3.0, 0.0, 0.0, 23.0, 11.0, 0.0, 16.0, 0.0, 0.0, 4.0, 25.0, 0.0, 3.0, 3.0, 7.0, 16.0, 3.0, 6.0, 17.0, 21.0, 24.0, 8.0, 11.0, 3.0, 0.0, 17.0, 56.0]"
IS_III_C03_D11.jpg,"[88.0, 56.0, 90.0, 73.0, 74.0, 61.0, 81.0, 78.0, 89.0, 71.0, 62.0, 66.0, 72.0, 76.0, 74.0, 94.0, 71.0, 43.0, 77.0, 75.0, 89.0, 86.0, 96.0, 79.0, 42.0, 56.0, 79.0, 76.0, 81.0, 70.0, 50.0]"
IS_III_C03_D12.jpg,"[18.0, 43.0, 42.0, 52.0, 37.0, 53.0, 15.0, 44.0, 54.0, 35.0, 44.0, 22.0, 12.0, 31.0, 41.0, 26.0, 40.0, 28.0, 56.0, 43.0, 52.0, 35.0, 37.0, 50.0, 60.0, 47.0, 46.0, 20.0, 19.0, 42.0, 30.0]"
IS_III_C03_D13.jpg,"[55.0, 31.0, 42.0, 51.0, 21.0, 32.0, 47.0, 51.0, 21.0, 45.0, 35.0, 23.0, 15.0, 38.0, 16.0, 56.0, 50.0, 3.0, 16.0, 41.0, 62.0, 21.0, 51.0, 59.0, 34.0, 43.0, 34.0, 44.0, 8.0, 39.0, 17.0]"
IS_III_C04_D01.jpg,"[100.0, 97.0, 87.0, 59.0, 97.0, 100.0, 97.0, 100.0, 24.0, 76.0, 92.0, 77.0, 100.0, 88.0, 60.0, 56.0, 100.0, 91.0, 100.0, 86.0, 73.0, 35.0, 89.0, 98.0, 98.0, 97.0, 92.0, 98.0, 100.0, 93.0, 100.0]"
IS_III_C04_D02.jpg,"[65.0, 81.0, 94.0, 54.0, 75.0, 58.0, 77.0, 89.0, 92.0, 100.0, 40.0, 40.0, 93.0, 55.0, 69.0, 42.0, 44.0, 68.0, 96.0, 56.0, 93.0, 50.0, 71.0, 83.0, 93.0, 65.0, 69.0, 96.0, 32.0, 98.0, 69.0]"
IS_III_C04_D03.jpg,"[100.0, 100.0, 96.0, 100.0, 99.0, 88.0, 97.0, 86.0, 97.0, 97.0, 93.0, 90.0, 93.0, 91.0, 78.0, 100.0, 88.0, 66.0, 83.0, 59.0, 98.0, 100.0, 60.0, 100.0, 100.0, 96.0, 77.0, 100.0, 97.0, 90.0, 38.0]"
IS_III_C04_D04.jpg,"[86.0, 91.0, 41.0, 41.0, 100.0, 97.0, 98.0, 92.0, 48.0, 85.0, 29.0, 95.0, 97.0, 73.0, 39.0, 80.0, 62.0, 90.0, 66.0, 63.0, 65.0, 59.0, 99.0, 100.0, 99.0, 93.0, 39.0, 78.0, 97.0, 96.0, 74.0]"
IS_III_C04_D05.jpg,"[0.0, 64.0, 12.0, 0.0, 4.0, 0.0, 15.0, 0.0, 6.0, 27.0, 23.0, 41.0, 8.0, 34.0, 80.0, 49.0, 11.0, 20.0, 4.0, 46.0, 48.0, 0.0, 43.0, 0.0, 25.0, 41.0, 24.0, 50.0, 0.0, 67.0, 20.0]"
IS_III_C04_D06.jpg,"[22.0, 73.0, 38.0, 39.0, 92.0, 85.0, 39.0, 71.0, 79.0, 98.0, 22.0, 31.0, 96.0, 88.0, 15.0, 43.0, 33.0, 62.0, 4.0, 55.0, 5.0, 85.0, 78.0, 16.0, 0.0, 11.0, 0.0, 73.0, 69.0, 76.0, 16.0]"
IS_III_C04_D07.jpg,"[61.0, 37.0, 97.0, 29.0, 83.0, 54.0, 80.0, 85.0, 78.0, 85.0, 79.0, 0.0, 91.0, 52.0, 19.0, 58.0, 41.0, 57.0, 50.0, 56.0, 37.0, 64.0, 95.0, 79.0, 45.0, 67.0, 63.0, 92.0, 30.0, 90.0, 57.0]"
IS_III_C04_D08.jpg,"[60.0, 45.0, 29.0, 38.0, 33.0, 37.0, 38.0, 24.0, 37.0, 33.0, 28.0, 0.0, 64.0, 51.0, 22.0, 0.0, 5.0, 57.0, 13.0, 49.0, 0.0, 28.0, 73.0, 55.0, 11.0, 63.0, 30.0, 31.0, 19.0, 78.0, 49.0]"
IS_III_C04_D09.jpg,"[96.0, 68.0, 77.0, 67.0, 82.0, 95.0, 57.0, 40.0, 48.0, 79.0, 98.0, 22.0, 54.0, 71.0, 57.0, 52.0, 48.0, 83.0, 76.0, 50.0, 62.0, 26.0, 99.0, 74.0, 75.0, 85.0, 55.0, 98.0, 83.0, 85.0, 16.0]"
IS_III_C04_D10.jpg,"[55.0, 75.0, 47.0, 32.0, 89.0, 52.0, 92.0, 63.0, 84.0, 78.0, 100.0, 51.0, 42.0, 67.0, 51.0, 71.0, 38.0, 89.0, 84.0, 59.0, 53.0, 18.0, 95.0, 48.0, 81.0, 71.0, 57.0, 92.0, 33.0, 86.0, 61.0]"
IS_III_C04_D11.jpg,"[98.0, 93.0, 75.0, 66.0, 100.0, 73.0, 72.0, 77.0, 96.0, 100.0, 100.0, 99.0, 94.0, 91.0, 78.0, 80.0, 66.0, 71.0, 90.0, 60.0, 23.0, 53.0, 99.0, 36.0, 98.0, 91.0, 79.0, 96.0, 85.0, 100.0, 56.0]"
IS_III_C04_D13.jpg,"[77.0, 95.0, 49.0, 85.0, 87.0, 96.0, 84.0, 95.0, 94.0, 100.0, 29.0, 81.0, 83.0, 87.0, 100.0, 87.0, 84.0, 100.0, 85.0, 56.0, 85.0, 71.0, 79.0, 61.0, 62.0, 90.0, 51.0, 97.0, 94.0, 94.0, 96.0]"
IS_III_C05_D01.jpg,"[100.0, 52.0, 94.0, 93.0, 91.0, 59.0, 35.0, 80.0, 51.0, 100.0, 100.0, 100.0, 53.0, 43.0, 93.0, 47.0, 72.0, 100.0, 83.0, 67.0, 100.0, 25.0, 82.0, 98.0, 100.0, 86.0, 73.0, 81.0, 93.0, 80.0, 43.0]"
IS_III_C05_D02.jpg,"[79.0, 66.0, 88.0, 83.0, 100.0, 83.0, 81.0, 94.0, 47.0, 85.0, 88.0, 42.0, 39.0, 70.0, 68.0, 54.0, 62.0, 52.0, 64.0, 64.0, 84.0, 43.0, 99.0, 94.0, 94.0, 73.0, 79.0, 59.0, 64.0, 61.0, 57.0]"
IS_III_C05_D03.jpg,"[92.0, 88.0, 98.0, 100.0, 99.0, 99.0, 55.0, 89.0, 82.0, 91.0, 95.0, 61.0, 53.0, 77.0, 82.0, 90.0, 40.0, 100.0, 100.0, 65.0, 65.0, 100.0, 97.0, 89.0, 87.0, 98.0, 90.0, 88.0, 65.0, 74.0, 19.0]"
IS_III_C05_D04.jpg,"[0.0, 0.0, 0.0, 35.0, 1.0, 0.0, 37.0, 100.0, 11.0, 53.0, 28.0, 26.0, 2.0, 38.0, 34.0, 52.0, 72.0, 21.0, 0.0, 41.0, 19.0, 41.0, 26.0, 50.0, 0.0, 30.0, 20.0, 23.0, 22.0, 46.0, 68.0]"
IS_III_C05_D05.jpg,"[32.0, 42.0, 40.0, 44.0, 0.0, 20.0, 14.0, 35.0, 24.0, 42.0, 4.0, 15.0, 84.0, 32.0, 0.0, 4.0, 32.0, 23.0, 23.0, 34.0, 61.0, 17.0, 35.0, 0.0, 14.0, 44.0, 33.0, 76.0, 26.0, 49.0, 73.0]"
IS_III_C05_D06.jpg,"[17.0, 49.0, 47.0, 9.0, 20.0, 39.0, 54.0, 77.0, 23.0, 50.0, 75.0, 6.0, 88.0, 64.0, 21.0, 63.0, 16.0, 43.0, 25.0, 47.0, 23.0, 79.0, 23.0, 37.0, 19.0, 58.0, 33.0, 45.0, 14.0, 46.0, 33.0]"
IS_III_C05_D07.jpg,"[57.0, 22.0, 42.0, 69.0, 25.0, 75.0, 10.0, 66.0, 88.0, 50.0, 18.0, 0.0, 4.0, 55.0, 11.0, 55.0, 44.0, 77.0, 68.0, 46.0, 25.0, 53.0, 0.0, 33.0, 46.0, 49.0, 50.0, 32.0, 37.0, 67.0, 43.0]"
IS_III_C05_D08.jpg,"[71.0, 84.0, 95.0, 95.0, 92.0, 100.0, 46.0, 100.0, 78.0, 75.0, 89.0, 76.0, 50.0, 82.0, 58.0, 84.0, 53.0, 93.0, 65.0, 63.0, 34.0, 63.0, 100.0, 47.0, 90.0, 87.0, 62.0, 83.0, 80.0, 66.0, 25.0]"
IS_III_C05_D09.jpg,"[84.0, 92.0, 89.0, 81.0, 100.0, 68.0, 100.0, 100.0, 89.0, 58.0, 95.0, 32.0, 88.0, 58.0, 96.0, 100.0, 96.0, 97.0, 96.0, 62.0, 76.0, 85.0, 93.0, 95.0, 99.0, 95.0, 89.0, 93.0, 99.0, 84.0, 93.0]"
IS_III_C05_D10.jpg,"[32.0, 26.0, 43.0, 0.0, 3.0, 49.0, 8.0, 50.0, 0.0, 26.0, 0.0, 21.0, 6.0, 46.0, 35.0, 0.0, 1.0, 30.0, 3.0, 36.0, 34.0, 0.0, 43.0, 17.0, 28.0, 52.0, 62.0, 41.0, 28.0, 53.0, 87.0]"
IS_III_C05_D11.jpg,"[98.0, 100.0, 58.0, 91.0, 96.0, 62.0, 82.0, 82.0, 73.0, 92.0, 13.0, 71.0, 100.0, 70.0, 60.0, 75.0, 68.0, 95.0, 86.0, 59.0, 97.0, 38.0, 100.0, 85.0, 74.0, 52.0, 35.0, 81.0, 76.0, 68.0, 46.0]"
IS_III_C05_D12.jpg,"[98.0, 69.0, 55.0, 90.0, 59.0, 53.0, 49.0, 0.0, 50.0, 72.0, 43.0, 64.0, 91.0, 67.0, 57.0, 59.0, 53.0, 91.0, 45.0, 56.0, 58.0, 24.0, 93.0, 42.0, 52.0, 62.0, 77.0, 45.0, 62.0, 67.0, 0.0]"
IS_III_C05_D13.jpg,"[38.0, 58.0, 38.0, 27.0, 5.0, 46.0, 0.0, 71.0, 9.0, 50.0, 20.0, 56.0, 29.0, 40.0, 29.0, 29.0, 24.0, 75.0, 28.0, 47.0, 44.0, 11.0, 54.0, 10.0, 54.0, 46.0, 29.0, 56.0, 50.0, 47.0, 81.0]"
IS_III_C06_D01.jpg,"[99.0, 94.0, 77.0, 59.0, 100.0, 100.0, 90.0, 100.0, 85.0, 100.0, 100.0, 86.0, 84.0, 63.0, 100.0, 100.0, 86.0, 65.0, 97.0, 77.0, 100.0, 4.0, 100.0, 79.0, 100.0, 47.0, 54.0, 76.0, 99.0, 75.0, 44.0]"
IS_III_C06_D02.jpg,"[95.0, 44.0, 93.0, 99.0, 87.0, 60.0, 100.0, 81.0, 79.0, 71.0, 92.0, 51.0, 76.0, 96.0, 91.0, 82.0, 29.0, 74.0, 71.0, 58.0, 87.0, 82.0, 83.0, 71.0, 65.0, 97.0, 40.0, 46.0, 73.0, 90.0, 20.0]"
IS_III_C02_D04.jpg,"[49.0, 52.0, 13.0, 32.0, 11.0, 18.0, 7.0, 36.0, 15.0, 40.0, 29.0, 63.0, 39.0, 25.0, 17.0, 11.0, 38.0, 39.0, 69.0, 51.0, 35.0, 41.0, 26.0, 19.0, 16.0, 32.0, 44.0, 38.0, 16.0, 55.0, 33.0]"
IS_III_C03_D08.jpg,"[69.0, 27.0, 29.0, 53.0, 38.0, 44.0, 10.0, 67.0, 47.0, 45.0, 35.0, 49.0, 35.0, 56.0, 41.0, 31.0, 37.0, 32.0, 49.0, 46.0, 75.0, 54.0, 33.0, 70.0, 62.0, 32.0, 51.0, 27.0, 40.0, 50.0, 22.0]"
IS_III_C04_D12.jpg,"[60.0, 77.0, 60.0, 89.0, 70.0, 82.0, 66.0, 65.0, 98.0, 50.0, 84.0, 70.0, 53.0, 78.0, 98.0, 46.0, 69.0, 54.0, 85.0, 56.0, 20.0, 32.0, 71.0, 23.0, 89.0, 94.0, 46.0, 96.0, 42.0, 93.0, 64.0]"
IS_III_C06_D03.jpg,"[100.0, 75.0, 96.0, 99.0, 100.0, 64.0, 100.0, 63.0, 91.0, 100.0, 25.0, 68.0, 100.0, 94.0, 99.0, 82.0, 94.0, 91.0, 78.0, 73.0, 89.0, 100.0, 84.0, 87.0, 71.0, 100.0, 77.0, 93.0, 92.0, 94.0, 47.0]"
IS_II_C01_D07.jpg,"[100.0, 89.0, 100.0, 91.0, 100.0, 97.0, 100.0, 100.0, 90.0, 100.0, 95.0, 78.0, 98.0, 85.0, 100.0, 98.0, 100.0, 100.0, 100.0, 96.0, 96.0, 95.0, 96.0, 88.0, 100.0, 100.0, 99.0, 30.0, 100.0, 80.0, 91.0, 92.0]"
IS_II_C02_D11.jpg,"[75.0, 52.0, 69.0, 85.0, 87.0, 84.0, 55.0, 61.0, 53.0, 53.0, 19.0, 54.0, 90.0, 65.0, 57.0, 51.0, 96.0, 60.0, 89.0, 87.0, 51.0, 69.0, 39.0, 72.0, 50.0, 84.0, 64.0, 55.0, 77.0, 98.0, 84.0]"
IS_II_C04_D02.jpg,"[86.0, 61.0, 27.0, 88.0, 81.0, 47.0, 43.0, 72.0, 84.0, 57.0, 27.0, 12.0, 65.0, 70.0, 87.0, 36.0, 57.0, 77.0, 64.0, 55.0, 31.0, 68.0, 37.0, 40.0, 98.0, 82.0, 60.0, 39.0, 57.0, 68.0, 85.0, 58.0]"
IS_II_C05_D06.jpg,"[95.0, 100.0, 65.0, 100.0, 100.0, 100.0, 86.0, 94.0, 93.0, 94.0, 91.0, 93.0, 71.0, 91.0, 90.0, 97.0, 78.0, 100.0, 99.0, 100.0, 98.0, 100.0, 76.0, 82.0, 62.0, 65.0, 80.0, 81.0, 82.0, 100.0, 96.0, 100.0, 84.0, 89.0, 94.0, 99.0, 85.0, 92.0, 54.0, 92.0, 91.0, 95.0, 89.0, 96.0, 91.0, 92.0, 82.0, 100.0, 97.0, 100.0, 49.0, 54.0, 98.0, 100.0, 27.0, 60.0, 82.0, 95.0, 87.0, 93.0, 94.0, 99.0, 95.0, 100.0]"
IS_II_C06_D10.jpg,"[0.0, 92.0, 5.0, 21.0, 19.0, 9.0, 69.0, 12.0, 38.0, 7.0, 58.0, 0.0, 27.0, 53.0, 33.0, 18.0, 75.0, 42.0, 24.0, 4.0, 19.0, 0.0, 11.0, 0.0, 0.0, 49.0, 64.0, 27.0, 35.0, 69.0, 59.0, 54.0]"
IS_IV_C02_D01.jpg,"[57.0, 78.0, 33.0, 0.0, 65.0, 62.0, 69.0, 45.0, 68.0, 71.0, 66.0, 68.0, 52.0, 56.0, 78.0, 62.0, 81.0, 68.0, 66.0, 74.0, 85.0, 87.0, 87.0, 76.0, 36.0, 92.0]"
IS_IV_C03_D05.jpg,"[46.0, 60.0, 52.0, 61.0, 67.0, 89.0, 64.0, 78.0, 72.0, 72.0, 55.0, 35.0, 63.0, 63.0, 77.0, 35.0, 90.0, 75.0, 52.0, 72.0, 91.0, 44.0, 81.0, 77.0, 46.0, 90.0]"
IS_IV_C04_D09.jpg,"[54.0, 66.0, 76.0, 92.0, 61.0, 95.0, 90.0, 39.0, 70.0, 85.0, 90.0, 78.0, 64.0, 61.0, 89.0, 84.0, 61.0, 90.0, 42.0, 79.0, 94.0, 84.0, 94.0, 51.0, 70.0, 73.0]"
IS_IV_C05_D13.jpg,"[94.0, 88.0, 71.0, 32.0, 92.0, 93.0, 96.0, 80.0, 92.0, 71.0, 100.0, 100.0, 92.0, 73.0, 86.0, 73.0, 100.0, 94.0, 70.0, 81.0, 74.0, 96.0, 89.0, 98.0, 90.0, 93.0]"
IS_I_C01_D04.jpg,"[0.0, 2.0, 2.0, 3.0, 0.0, 0.0, 3.0, 4.0, 2.0, 1.0, 12.0, 5.0, 3.0, 6.0, 16.0, 0.0, 5.0, 0.0, 0.0, 2.0, 8.0, 0.0, 12.0, 0.0, 4.0, 0.0, 0.0, 0.0, 0.0, 11.0]"
IS_I_C02_D07.jpg,"[2.0, 34.0, 51.0, 50.0, 20.0, 6.0, 44.0, 26.0, 23.0, 36.0, 27.0, 36.0, 68.0, 5.0, 41.0, 13.0, 43.0, 28.0, 50.0, 45.0, 57.0, 36.0, 85.0, 30.0, 20.0, 3.0, 27.0, 9.0, 18.0, 32.0]"
IS_I_C03_D10.jpg,"[46.0, 60.0, 70.0, 48.0, 40.0, 24.0, 47.0, 75.0, 43.0, 73.0, 50.0, 61.0, 86.0, 63.0, 61.0, 44.0, 46.0, 20.0, 38.0, 72.0, 56.0, 81.0, 73.0, 68.0, 49.0, 58.0, 54.0, 70.0, 29.0, 57.0]"
IS_I_C04_D13.jpg,"[58.0, 80.0, 95.0, 91.0, 85.0, 100.0, 97.0, 65.0, 96.0, 92.0, 63.0, 100.0, 67.0, 100.0, 97.0, 80.0, 91.0, 62.0, 75.0, 98.0, 91.0, 83.0, 100.0, 85.0, 90.0, 43.0, 75.0, 84.0, 54.0, 99.0]"
IS_I_C06_D02.jpg,"[62.0, 48.0, 86.0, 67.0, 93.0, 59.0, 61.0, 69.0, 49.0, 32.0, 62.0, 43.0, 62.0, 73.0, 50.0, 18.0, 71.0, 34.0, 57.0, 56.0, 47.0, 44.0, 91.0, 50.0, 63.0, 55.0, 46.0, 58.0, 69.0, 64.0]"
IS_VI_C01_D05.jpg,"[20.0, 13.0, 29.0, 75.0, 15.0, 46.0, 65.0, 34.0, 50.0, 4.0, 31.0, 28.0, 25.0, 39.0, 52.0, 23.0, 44.0, 49.0, 20.0, 44.0, 73.0, 51.0, 17.0, 22.0, 17.0, 51.0, 14.0, 52.0, 67.0, 44.0, 16.0, 40.0, 38.0, 59.0, 60.0]"
IS_VI_C02_D08.jpg,"[64.0, 51.0, 47.0, 73.0, 48.0, 71.0, 52.0, 72.0, 49.0, 51.0, 37.0, 36.0, 84.0, 41.0, 73.0, 44.0, 81.0, 81.0, 39.0, 35.0, 70.0, 62.0, 36.0, 43.0, 37.0, 73.0, 59.0, 73.0, 77.0, 39.0, 78.0, 81.0, 33.0, 61.0, 49.0]"
IS_VI_C03_D11.jpg,"[19.0, 37.0, 55.0, 53.0, 34.0, 82.0, 41.0, 71.0, 80.0, 38.0, 31.0, 68.0, 46.0, 37.0, 64.0, 73.0, 49.0, 65.0, 31.0, 50.0, 73.0, 37.0, 43.0, 13.0, 38.0, 59.0, 56.0, 79.0, 41.0, 51.0, 71.0, 60.0, 64.0, 82.0, 44.0]"
IS_VI_C06_D14.jpg,"[0.0, 32.0, 62.0, 75.0, 74.0, 52.0, 49.0, 35.0, 20.0, 4.0, 35.0, 18.0, 68.0, 21.0, 72.0, 21.0, 23.0, 28.0, 12.0, 91.0, 62.0, 74.0, 7.0, 34.0, 36.0, 62.0, 65.0, 6.0, 77.0, 76.0, 28.0, 52.0, 37.0, 0.0, 50.0]"
IS_VI_C08_D03.jpg,"[73.0, 28.0, 41.0, 22.0, 37.0, 31.0, 52.0, 59.0, 46.0, 41.0, 32.0, 45.0, 16.0, 29.0, 56.0, 38.0, 38.0, 70.0, 3.0, 81.0, 64.0, 41.0, 33.0, 35.0, 2.0, 67.0, 51.0, 68.0, 64.0, 49.0, 35.0, 44.0, 27.0, 67.0, 31.0]"
IS_V_C01_D06.jpg,"[66.0, 56.0, 75.0, 22.0, 49.0, 55.0, 28.0, 41.0, 53.0, 82.0, 75.0, 62.0, 51.0, 51.0, 63.0, 91.0, 65.0, 70.0, 85.0, 61.0, 42.0, 73.0, 90.0, 64.0, 44.0, 81.0, 66.0, 90.0, 57.0, 40.0, 52.0, 77.0, 62.0, 59.0]"
IS_V_C02_D11.jpg,"[60.0, 64.0, 34.0, 8.0, 34.0, 14.0, 35.0, 21.0, 44.0, 42.0, 15.0, 28.0, 42.0, 9.0, 55.0, 55.0, 25.0, 39.0, 3.0, 26.0, 50.0, 44.0, 33.0, 32.0, 39.0, 55.0, 9.0, 63.0, 28.0, 14.0, 31.0, 44.0, 46.0, 43.0]"
IS_V_C05_D04.jpg,"[11.0, 7.0, 13.0, 7.0, 0.0, 17.0, 7.0, 0.0, 6.0, 7.0, 0.0, 8.0, 4.0, 11.0, 2.0, 16.0, 37.0, 0.0, 0.0, 7.0, 3.0, 6.0, 0.0, 0.0, 0.0, 28.0, 4.0, 12.0, 7.0, 0.0, 10.0, 37.0, 8.0, 3.0]"
IS_III_C06_D04.jpg,"[62.0, 0.0, 31.0, 14.0, 75.0, 0.0, 65.0, 65.0, 17.0, 0.0, 6.0, 2.0, 1.0, 60.0, 78.0, 18.0, 10.0, 27.0, 6.0, 60.0, 35.0, 0.0, 33.0, 31.0, 45.0, 13.0, 67.0, 6.0, 37.0, 50.0, 54.0]"
IS_III_C06_D05.jpg,"[0.0, 69.0, 35.0, 25.0, 95.0, 46.0, 66.0, 0.0, 6.0, 18.0, 0.0, 43.0, 0.0, 49.0, 0.0, 0.0, 61.0, 40.0, 8.0, 52.0, 10.0, 18.0, 39.0, 0.0, 43.0, 29.0, 21.0, 52.0, 18.0, 29.0, 52.0]"
IS_III_C06_D06.jpg,"[3.0, 26.0, 8.0, 21.0, 49.0, 23.0, 36.0, 0.0, 9.0, 0.0, 29.0, 9.0, 0.0, 76.0, 64.0, 12.0, 5.0, 0.0, 26.0, 52.0, 40.0, 21.0, 8.0, 24.0, 0.0, 0.0, 0.0, 18.0, 24.0, 49.0, 51.0]"
IS_III_C06_D07.jpg,"[95.0, 44.0, 44.0, 82.0, 61.0, 48.0, 68.0, 27.0, 49.0, 21.0, 33.0, 16.0, 61.0, 71.0, 75.0, 60.0, 59.0, 47.0, 49.0, 53.0, 54.0, 66.0, 78.0, 86.0, 66.0, 64.0, 29.0, 76.0, 84.0, 44.0, 32.0]"
IS_III_C06_D08.jpg,"[96.0, 57.0, 61.0, 99.0, 92.0, 54.0, 95.0, 56.0, 76.0, 98.0, 93.0, 60.0, 81.0, 74.0, 90.0, 75.0, 43.0, 87.0, 57.0, 74.0, 62.0, 88.0, 97.0, 75.0, 83.0, 85.0, 38.0, 85.0, 91.0, 66.0, 38.0]"
IS_III_C06_D09.jpg,"[90.0, 65.0, 77.0, 94.0, 91.0, 50.0, 73.0, 100.0, 85.0, 95.0, 79.0, 55.0, 71.0, 83.0, 90.0, 92.0, 83.0, 59.0, 36.0, 73.0, 83.0, 84.0, 73.0, 92.0, 81.0, 92.0, 57.0, 75.0, 98.0, 82.0, 12.0]"
IS_III_C06_D10.jpg,"[40.0, 77.0, 96.0, 0.0, 85.0, 66.0, 77.0, 22.0, 61.0, 29.0, 91.0, 20.0, 8.0, 59.0, 23.0, 58.0, 51.0, 47.0, 0.0, 56.0, 21.0, 66.0, 0.0, 11.0, 67.0, 50.0, 65.0, 15.0, 55.0, 60.0, 60.0]"
IS_III_C06_D11.jpg,"[98.0, 100.0, 99.0, 100.0, 99.0, 77.0, 93.0, 87.0, 95.0, 97.0, 78.0, 100.0, 100.0, 68.0, 98.0, 86.0, 99.0, 100.0, 79.0, 71.0, 78.0, 86.0, 99.0, 100.0, 95.0, 90.0, 85.0, 69.0, 100.0, 76.0, 56.0]"
IS_III_C06_D12.jpg,"[84.0, 62.0, 70.0, 77.0, 43.0, 45.0, 63.0, 33.0, 66.0, 85.0, 82.0, 72.0, 51.0, 82.0, 94.0, 66.0, 39.0, 94.0, 29.0, 62.0, 59.0, 10.0, 76.0, 57.0, 83.0, 77.0, 51.0, 77.0, 89.0, 42.0, 16.0]"
IS_III_C06_D13.jpg,"[69.0, 84.0, 63.0, 26.0, 63.0, 40.0, 83.0, 53.0, 35.0, 46.0, 40.0, 25.0, 4.0, 78.0, 39.0, 52.0, 18.0, 56.0, 10.0, 59.0, 53.0, 6.0, 50.0, 37.0, 58.0, 67.0, 28.0, 64.0, 83.0, 43.0, 29.0]"
IS_II_C01_D01.jpg,"[0.0, 0.0, 0.0, 0.0, 0.0, 0.0, 0.0, 0.0, 0.0, 0.0, 0.0, 0.0, 0.0, 0.0, 0.0, 0.0, 0.0, 0.0, 0.0, 0.0, 0.0, 0.0, 6.0, 0.0, 0.0, 0.0, 0.0, 0.0, 0.0, 2.0, 0.0, 0.0]"
IS_II_C01_D02.jpg,"[96.0, 74.0, 85.0, 86.0, 98.0, 95.0, 87.0, 100.0, 95.0, 83.0, 82.0, 95.0, 92.0, 92.0, 53.0, 69.0, 90.0, 99.0, 85.0, 94.0, 77.0, 51.0, 82.0, 92.0, 86.0, 79.0, 96.0, 72.0, 87.0, 88.0, 80.0, 93.0]"
IS_II_C01_D03.jpg,"[63.0, 63.0, 83.0, 58.0, 53.0, 42.0, 62.0, 91.0, 61.0, 44.0, 68.0, 76.0, 59.0, 45.0, 87.0, 82.0, 52.0, 49.0, 94.0, 100.0, 100.0, 78.0, 68.0, 60.0, 93.0, 82.0, 74.0, 51.0, 37.0, 86.0, 74.0, 88.0]"
IS_II_C01_D04.jpg,"[31.0, 23.0, 8.0, 25.0, 15.0, 9.0, 12.0, 5.0, 16.0, 7.0, 7.0, 15.0, 22.0, 7.0, 16.0, 2.0, 10.0, 9.0, 10.0, 8.0, 13.0, 10.0, 15.0, 7.0, 8.0, 12.0, 15.0, 14.0, 28.0, 7.0, 5.0, 20.0]"
IS_II_C01_D05.jpg,"[36.0, 33.0, 33.0, 27.0, 29.0, 9.0, 22.0, 4.0, 32.0, 24.0, 11.0, 23.0, 30.0, 30.0, 22.0, 7.0, 30.0, 32.0, 5.0, 7.0, 47.0, 24.0, 27.0, 18.0, 12.0, 100.0, 51.0, 28.0, 22.0, 30.0, 16.0, 12.0]"
IS_II_C01_D06.jpg,"[83.0, 85.0, 61.0, 85.0, 82.0, 92.0, 63.0, 85.0, 40.0, 72.0, 56.0, 68.0, 76.0, 77.0, 86.0, 87.0, 98.0, 99.0, 49.0, 67.0, 52.0, 78.0, 54.0, 87.0, 78.0, 94.0, 73.0, 81.0, 32.0, 53.0, 77.0, 86.0, 78.0, 85.0, 74.0, 84.0, 81.0, 96.0, 14.0, 47.0, 57.0, 86.0, 50.0, 100.0, 87.0, 89.0, 69.0, 72.0, 70.0, 93.0, 54.0, 66.0, 85.0, 91.0, 36.0, 39.0, 88.0, 89.0, 75.0, 80.0, 61.0, 100.0, 69.0, 71.0]"
IS_II_C01_D08.jpg,"[80.0, 65.0, 61.0, 72.0, 98.0, 34.0, 59.0, 55.0, 53.0, 64.0, 60.0, 76.0, 64.0, 86.0, 77.0, 69.0, 94.0, 87.0, 88.0, 53.0, 91.0, 52.0, 77.0, 65.0, 79.0, 70.0, 49.0, 34.0, 49.0, 78.0, 80.0, 88.0]"
IS_II_C01_D09.jpg,"[73.0, 52.0, 48.0, 78.0, 84.0, 53.0, 46.0, 49.0, 77.0, 67.0, 75.0, 46.0, 55.0, 69.0, 31.0, 89.0, 69.0, 75.0, 67.0, 92.0, 60.0, 57.0, 51.0, 85.0, 87.0, 56.0, 52.0, 33.0, 63.0, 86.0, 60.0, 82.0]"
IS_II_C01_D10.jpg,"[5.0, 34.0, 16.0, 24.0, 21.0, 8.0, 29.0, 9.0, 25.0, 13.0, 28.0, 27.0, 22.0, 16.0, 19.0, 19.0, 22.0, 44.0, 13.0, 11.0, 26.0, 26.0, 28.0, 18.0, 13.0, 25.0, 18.0, 21.0, 4.0, 13.0, 30.0, 18.0]"
IS_II_C01_D11.jpg,"[91.0, 75.0, 69.0, 82.0, 79.0, 73.0, 84.0, 93.0, 53.0, 88.0, 90.0, 89.0, 67.0, 79.0, 79.0, 63.0, 65.0, 94.0, 71.0, 99.0, 95.0, 85.0, 77.0, 100.0, 100.0, 71.0, 98.0, 29.0, 72.0, 83.0, 96.0, 75.0]"
IS_II_C01_D12.jpg,"[62.0, 50.0, 40.0, 56.0, 52.0, 24.0, 34.0, 68.0, 51.0, 52.0, 65.0, 69.0, 59.0, 76.0, 73.0, 14.0, 56.0, 79.0, 78.0, 10.0, 34.0, 65.0, 38.0, 45.0, 90.0, 51.0, 37.0, 33.0, 55.0, 67.0, 72.0, 56.0]"
IS_II_C01_D13.jpg,"[11.0, 42.0, 21.0, 20.0, 17.0, 7.0, 17.0, 11.0, 44.0, 14.0, 15.0, 11.0, 13.0, 23.0, 13.0, 2.0, 15.0, 14.0, 15.0, 2.0, 20.0, 20.0, 13.0, 10.0, 0.0, 29.0, 13.0, 24.0, 17.0, 6.0, 29.0, 21.0]"
IS_II_C02_D01.jpg,"[0.0, 7.0, 15.0, 3.0, 0.0, 0.0, 14.0, 6.0, 24.0, 12.0, 9.0, 20.0, 10.0, 24.0, 0.0, 0.0, 45.0, 0.0, 8.0, 9.0, 5.0, 23.0, 4.0, 0.0, 50.0, 13.0, 21.0, 22.0, 34.0, 65.0, 38.0]"
IS_II_C02_D02.jpg,"[76.0, 90.0, 95.0, 100.0, 95.0, 80.0, 66.0, 57.0, 100.0, 94.0, 67.0, 93.0, 86.0, 82.0, 86.0, 86.0, 85.0, 86.0, 71.0, 85.0, 87.0, 87.0, 94.0, 99.0, 50.0, 78.0, 36.0, 34.0, 88.0, 86.0, 85.0]"
IS_II_C02_D03.jpg,"[65.0, 84.0, 86.0, 96.0, 32.0, 49.0, 60.0, 93.0, 67.0, 75.0, 89.0, 61.0, 70.0, 80.0, 88.0, 68.0, 91.0, 56.0, 56.0, 54.0, 97.0, 67.0, 100.0, 96.0, 53.0, 74.0, 37.0, 48.0, 55.0, 96.0, 75.0]"
IS_II_C02_D04.jpg,"[9.0, 0.0, 0.0, 5.0, 30.0, 6.0, 30.0, 0.0, 2.0, 13.0, 15.0, 2.0, 22.0, 16.0, 3.0, 8.0, 0.0, 5.0, 3.0, 5.0, 0.0, 3.0, 0.0, 16.0, 44.0, 7.0, 5.0, 10.0, 16.0, 52.0, 0.0]"
IS_II_C02_D05.jpg,"[22.0, 40.0, 28.0, 81.0, 34.0, 32.0, 44.0, 10.0, 43.0, 13.0, 29.0, 25.0, 72.0, 39.0, 13.0, 61.0, 82.0, 16.0, 88.0, 35.0, 74.0, 59.0, 56.0, 30.0, 50.0, 52.0, 40.0, 26.0, 46.0, 91.0, 73.0]"
IS_II_C02_D06.jpg,"[88.0, 91.0, 87.0, 98.0, 78.0, 91.0, 18.0, 95.0, 87.0, 100.0, 97.0, 100.0, 86.0, 95.0, 90.0, 96.0, 91.0, 97.0, 87.0, 93.0, 94.0, 98.0, 73.0, 84.0, 55.0, 82.0, 100.0, 100.0, 82.0, 97.0, 83.0, 94.0, 99.0, 100.0, 70.0, 96.0, 49.0, 54.0, 62.0, 93.0, 99.0, 100.0, 56.0, 82.0, 75.0, 79.0, 99.0, 100.0, 50.0, 51.0, 94.0, 98.0, 71.0, 81.0, 59.0, 90.0, 51.0, 54.0, 100.0, 100.0, 89.0, 100.0]"
IS_II_C02_D07.jpg,"[48.0, 29.0, 51.0, 99.0, 77.0, 71.0, 35.0, 81.0, 64.0, 61.0, 47.0, 86.0, 54.0, 73.0, 80.0, 65.0, 98.0, 62.0, 98.0, 56.0, 49.0, 60.0, 65.0, 35.0, 50.0, 80.0, 28.0, 93.0, 87.0, 70.0, 80.0]"
IS_II_C02_D08.jpg,"[100.0, 73.0, 54.0, 55.0, 46.0, 70.0, 99.0, 88.0, 46.0, 65.0, 58.0, 75.0, 80.0, 92.0, 70.0, 99.0, 71.0, 69.0, 85.0, 50.0, 58.0, 71.0, 50.0, 99.0, 50.0, 80.0, 68.0, 79.0, 67.0, 98.0, 82.0]"
IS_II_C02_D09.jpg,"[27.0, 65.0, 28.0, 16.0, 30.0, 36.0, 36.0, 74.0, 48.0, 18.0, 38.0, 33.0, 42.0, 66.0, 12.0, 20.0, 49.0, 51.0, 5.0, 25.0, 45.0, 22.0, 46.0, 18.0, 47.0, 76.0, 27.0, 40.0, 41.0, 44.0, 69.0]"
IS_II_C02_D10.jpg,"[15.0, 21.0, 37.0, 6.0, 30.0, 4.0, 36.0, 5.0, 52.0, 19.0, 15.0, 42.0, 25.0, 38.0, 11.0, 31.0, 43.0, 7.0, 62.0, 16.0, 22.0, 37.0, 13.0, 15.0, 50.0, 44.0, 25.0, 45.0, 38.0, 85.0, 32.0]"
IS_II_C02_D12.jpg,"[25.0, 37.0, 40.0, 9.0, 16.0, 26.0, 19.0, 50.0, 52.0, 35.0, 5.0, 12.0, 65.0, 23.0, 33.0, 27.0, 45.0, 30.0, 6.0, 27.0, 54.0, 24.0, 31.0, 36.0, 51.0, 47.0, 12.0, 44.0, 43.0, 42.0, 67.0]"
IS_II_C02_D13.jpg,"[84.0, 47.0, 78.0, 47.0, 30.0, 53.0, 50.0, 95.0, 29.0, 64.0, 58.0, 47.0, 51.0, 52.0, 77.0, 89.0, 54.0, 43.0, 81.0, 37.0, 40.0, 46.0, 68.0, 20.0, 52.0, 90.0, 13.0, 62.0, 42.0, 87.0, 83.0]"
IS_II_C03_D01.jpg,"[14.0, 26.0, 9.0, 14.0, 13.0, 20.0, 15.0, 12.0, 18.0, 24.0, 27.0, 38.0, 29.0, 18.0, 14.0, 27.0, 31.0, 28.0, 38.0, 4.0, 27.0, 22.0, 11.0, 22.0, 28.0, 47.0, 32.0, 25.0, 3.0, 6.0, 11.0, 29.0]"
IS_II_C03_D02.jpg,"[98.0, 62.0, 82.0, 99.0, 100.0, 100.0, 99.0, 98.0, 100.0, 83.0, 100.0, 85.0, 97.0, 76.0, 94.0, 62.0, 93.0, 100.0, 100.0, 100.0, 100.0, 94.0, 88.0, 89.0, 100.0, 51.0, 68.0, 65.0, 98.0, 92.0, 69.0, 89.0]"
IS_II_C03_D03.jpg,"[26.0, 50.0, 32.0, 78.0, 35.0, 30.0, 40.0, 46.0, 48.0, 17.0, 45.0, 32.0, 60.0, 22.0, 46.0, 69.0, 52.0, 62.0, 54.0, 47.0, 66.0, 58.0, 35.0, 68.0, 63.0, 50.0, 36.0, 30.0, 64.0, 34.0, 50.0, 55.0]"
IS_II_C03_D04.jpg,"[4.0, 0.0, 3.0, 0.0, 5.0, 4.0, 6.0, 4.0, 0.0, 4.0, 2.0, 0.0, 0.0, 6.0, 0.0, 0.0, 0.0, 0.0, 9.0, 0.0, 0.0, 0.0, 15.0, 0.0, 0.0, 19.0, 5.0, 3.0, 0.0, 1.0, 0.0, 0.0]"
IS_II_C03_D05.jpg,"[23.0, 28.0, 7.0, 23.0, 16.0, 5.0, 5.0, 8.0, 24.0, 12.0, 15.0, 24.0, 41.0, 17.0, 19.0, 8.0, 12.0, 22.0, 5.0, 5.0, 16.0, 13.0, 19.0, 16.0, 4.0, 32.0, 29.0, 17.0, 11.0, 20.0, 0.0, 18.0]"
IS_II_C03_D06.jpg,"[93.0, 95.0, 65.0, 100.0, 87.0, 100.0, 92.0, 95.0, 71.0, 91.0, 61.0, 74.0, 71.0, 93.0, 92.0, 95.0, 82.0, 88.0, 84.0, 87.0, 68.0, 84.0, 54.0, 79.0, 73.0, 89.0, 84.0, 91.0, 77.0, 100.0, 85.0, 97.0, 86.0, 98.0, 78.0, 80.0, 88.0, 91.0, 53.0, 96.0, 80.0, 84.0, 76.0, 82.0, 87.0, 90.0, 59.0, 78.0, 79.0, 100.0, 51.0, 52.0, 40.0, 44.0, 42.0, 77.0, 78.0, 96.0, 75.0, 80.0, 88.0, 100.0, 88.0, 100.0]"
IS_II_C03_D07.jpg,"[71.0, 74.0, 73.0, 100.0, 76.0, 96.0, 57.0, 92.0, 83.0, 67.0, 46.0, 93.0, 78.0, 89.0, 85.0, 79.0, 88.0, 97.0, 62.0, 99.0, 91.0, 89.0, 73.0, 100.0, 91.0, 51.0, 45.0, 70.0, 72.0, 61.0, 49.0, 67.0]"
IS_II_C03_D08.jpg,"[33.0, 21.0, 11.0, 46.0, 34.0, 26.0, 27.0, 45.0, 44.0, 44.0, 60.0, 51.0, 49.0, 23.0, 29.0, 40.0, 38.0, 54.0, 32.0, 35.0, 55.0, 40.0, 41.0, 35.0, 38.0, 47.0, 33.0, 27.0, 28.0, 13.0, 45.0, 42.0]"
IS_II_C03_D09.jpg,"[44.0, 40.0, 45.0, 56.0, 43.0, 35.0, 58.0, 90.0, 51.0, 57.0, 37.0, 59.0, 69.0, 48.0, 38.0, 83.0, 62.0, 46.0, 40.0, 90.0, 52.0, 52.0, 55.0, 45.0, 30.0, 48.0, 43.0, 21.0, 50.0, 14.0, 25.0, 51.0]"
IS_II_C03_D10.jpg,"[0.0, 9.0, 0.0, 3.0, 0.0, 12.0, 0.0, 0.0, 3.0, 4.0, 10.0, 8.0, 10.0, 12.0, 13.0, 7.0, 14.0, 2.0, 0.0, 3.0, 5.0, 4.0, 8.0, 6.0, 3.0, 32.0, 8.0, 12.0, 7.0, 6.0, 39.0, 14.0]"
IS_II_C03_D11.jpg,"[86.0, 56.0, 90.0, 97.0, 96.0, 82.0, 58.0, 100.0, 61.0, 58.0, 95.0, 61.0, 86.0, 79.0, 71.0, 56.0, 83.0, 95.0, 77.0, 97.0, 52.0, 100.0, 75.0, 82.0, 97.0, 49.0, 66.0, 40.0, 82.0, 70.0, 97.0, 75.0]"
IS_II_C03_D12.jpg,"[19.0, 49.0, 23.0, 47.0, 14.0, 38.0, 39.0, 44.0, 29.0, 23.0, 6.0, 15.0, 40.0, 42.0, 39.0, 27.0, 37.0, 37.0, 28.0, 13.0, 15.0, 30.0, 38.0, 38.0, 22.0, 46.0, 29.0, 22.0, 30.0, 24.0, 55.0, 37.0]"
IS_II_C03_D13.jpg,"[92.0, 60.0, 55.0, 83.0, 34.0, 50.0, 80.0, 87.0, 55.0, 47.0, 74.0, 43.0, 68.0, 73.0, 77.0, 53.0, 47.0, 67.0, 50.0, 94.0, 44.0, 45.0, 49.0, 67.0, 52.0, 50.0, 51.0, 60.0, 45.0, 25.0, 87.0, 63.0]"
IS_II_C04_D01.jpg,"[15.0, 9.0, 48.0, 31.0, 21.0, 30.0, 15.0, 86.0, 70.0, 34.0, 45.0, 31.0, 48.0, 59.0, 83.0, 29.0, 0.0, 18.0, 5.0, 88.0, 26.0, 34.0, 22.0, 30.0, 8.0, 40.0, 55.0, 27.0, 29.0, 73.0, 39.0, 40.0]"
IS_II_C04_D03.jpg,"[42.0, 92.0, 100.0, 92.0, 92.0, 91.0, 100.0, 90.0, 84.0, 38.0, 97.0, 90.0, 98.0, 89.0, 100.0, 64.0, 91.0, 98.0, 90.0, 98.0, 84.0, 11.0, 85.0, 100.0, 54.0, 52.0, 93.0, 37.0, 54.0, 84.0, 85.0, 82.0]"
IS_II_C04_D04.jpg,"[0.0, 36.0, 0.0, 4.0, 11.0, 0.0, 0.0, 0.0, 30.0, 2.0, 2.0, 4.0, 20.0, 1.0, 53.0, 23.0, 22.0, 37.0, 0.0, 4.0, 1.0, 0.0, 8.0, 0.0, 0.0, 0.0, 48.0, 19.0, 0.0, 84.0, 46.0, 0.0]"
IS_II_C04_D05.jpg,"[25.0, 81.0, 17.0, 9.0, 11.0, 16.0, 32.0, 15.0, 73.0, 15.0, 14.0, 61.0, 38.0, 88.0, 82.0, 44.0, 13.0, 43.0, 78.0, 100.0, 55.0, 79.0, 48.0, 19.0, 35.0, 43.0, 76.0, 46.0, 9.0, 82.0, 39.0, 23.0]"
IS_II_C04_D06.jpg,"[61.0, 73.0, 29.0, 51.0, 19.0, 55.0, 82.0, 88.0, 25.0, 89.0, 71.0, 77.0, 51.0, 65.0, 51.0, 69.0, 71.0, 84.0, 39.0, 65.0, 64.0, 80.0, 55.0, 72.0, 35.0, 44.0, 80.0, 93.0, 73.0, 87.0, 9.0, 29.0, 53.0, 76.0, 91.0, 100.0, 78.0, 83.0, 12.0, 27.0, 38.0, 44.0, 42.0, 49.0, 38.0, 45.0, 49.0, 80.0, 32.0, 56.0, 65.0, 91.0, 65.0, 89.0, 36.0, 47.0, 62.0, 95.0, 75.0, 84.0, 98.0, 100.0, 69.0, 83.0]"
IS_II_C04_D07.jpg,"[80.0, 66.0, 84.0, 95.0, 100.0, 100.0, 76.0, 99.0, 98.0, 43.0, 49.0, 54.0, 88.0, 54.0, 100.0, 28.0, 84.0, 55.0, 53.0, 80.0, 55.0, 53.0, 86.0, 90.0, 75.0, 75.0, 94.0, 82.0, 73.0, 77.0, 65.0, 97.0]"
IS_II_C04_D08.jpg,"[69.0, 49.0, 66.0, 85.0, 98.0, 42.0, 63.0, 99.0, 91.0, 53.0, 75.0, 86.0, 59.0, 86.0, 83.0, 75.0, 71.0, 71.0, 84.0, 36.0, 57.0, 49.0, 65.0, 51.0, 90.0, 58.0, 92.0, 42.0, 76.0, 72.0, 84.0, 71.0]"
IS_II_C04_D09.jpg,"[94.0, 93.0, 37.0, 91.0, 29.0, 76.0, 97.0, 57.0, 100.0, 92.0, 81.0, 44.0, 67.0, 91.0, 93.0, 27.0, 86.0, 68.0, 100.0, 78.0, 71.0, 96.0, 85.0, 23.0, 100.0, 46.0, 87.0, 33.0, 66.0, 76.0, 47.0, 29.0]"
IS_II_C04_D10.jpg,"[18.0, 64.0, 54.0, 35.0, 0.0, 38.0, 60.0, 30.0, 70.0, 36.0, 63.0, 38.0, 63.0, 62.0, 78.0, 59.0, 35.0, 34.0, 33.0, 0.0, 29.0, 36.0, 59.0, 10.0, 27.0, 18.0, 48.0, 18.0, 22.0, 76.0, 93.0, 93.0]"
IS_II_C04_D11.jpg,"[87.0, 84.0, 76.0, 50.0, 46.0, 63.0, 66.0, 100.0, 96.0, 80.0, 90.0, 22.0, 100.0, 98.0, 100.0, 98.0, 90.0, 99.0, 49.0, 49.0, 100.0, 88.0, 90.0, 93.0, 97.0, 73.0, 87.0, 46.0, 97.0, 95.0, 90.0, 100.0]"
IS_II_C04_D12.jpg,"[100.0, 99.0, 33.0, 53.0, 48.0, 92.0, 75.0, 93.0, 99.0, 26.0, 73.0, 50.0, 96.0, 94.0, 97.0, 38.0, 44.0, 85.0, 44.0, 3.0, 91.0, 100.0, 70.0, 67.0, 96.0, 53.0, 60.0, 25.0, 95.0, 86.0, 85.0, 53.0]"
IS_II_C04_D13.jpg,"[49.0, 76.0, 70.0, 90.0, 96.0, 61.0, 82.0, 81.0, 94.0, 63.0, 58.0, 98.0, 76.0, 70.0, 100.0, 86.0, 99.0, 100.0, 29.0, 96.0, 94.0, 60.0, 84.0, 52.0, 97.0, 56.0, 97.0, 31.0, 58.0, 71.0, 46.0, 79.0]"
IS_II_C05_D01.jpg,"[9.0, 66.0, 9.0, 76.0, 0.0, 10.0, 0.0, 0.0, 72.0, 8.0, 8.0, 6.0, 3.0, 23.0, 0.0, 5.0, 0.0, 22.0, 47.0, 1.0, 24.0, 35.0, 11.0, 4.0, 0.0, 45.0, 33.0, 33.0, 23.0, 67.0, 36.0, 0.0]"
IS_II_C05_D02.jpg,"[86.0, 73.0, 89.0, 92.0, 25.0, 60.0, 89.0, 87.0, 98.0, 71.0, 49.0, 82.0, 48.0, 95.0, 74.0, 67.0, 69.0, 89.0, 80.0, 100.0, 67.0, 67.0, 83.0, 93.0, 97.0, 53.0, 88.0, 35.0, 51.0, 88.0, 100.0, 91.0]"
IS_II_C05_D03.jpg,"[24.0, 75.0, 28.0, 92.0, 33.0, 51.0, 51.0, 5.0, 70.0, 66.0, 63.0, 49.0, 33.0, 27.0, 100.0, 43.0, 14.0, 78.0, 69.0, 6.0, 16.0, 17.0, 15.0, 29.0, 47.0, 50.0, 60.0, 29.0, 35.0, 86.0, 53.0, 27.0]"
IS_II_C05_D04.jpg,"[18.0, 69.0, 95.0, 85.0, 68.0, 22.0, 16.0, 16.0, 62.0, 49.0, 84.0, 39.0, 0.0, 69.0, 74.0, 42.0, 58.0, 96.0, 16.0, 5.0, 32.0, 6.0, 17.0, 13.0, 47.0, 50.0, 69.0, 53.0, 13.0, 83.0, 32.0, 44.0]"
IS_II_C05_D05.jpg,"[32.0, 2.0, 88.0, 81.0, 51.0, 58.0, 100.0, 54.0, 84.0, 58.0, 16.0, 67.0, 19.0, 38.0, 51.0, 61.0, 40.0, 55.0, 84.0, 99.0, 40.0, 45.0, 75.0, 68.0, 65.0, 49.0, 79.0, 40.0, 7.0, 91.0, 62.0, 58.0]"
IS_II_C05_D07.jpg,"[83.0, 76.0, 80.0, 83.0, 97.0, 77.0, 69.0, 93.0, 68.0, 92.0, 80.0, 95.0, 83.0, 57.0, 100.0, 75.0, 48.0, 49.0, 34.0, 57.0, 83.0, 56.0, 53.0, 69.0, 93.0, 50.0, 82.0, 39.0, 78.0, 83.0, 86.0, 57.0]"
IS_II_C05_D08.jpg,"[72.0, 91.0, 95.0, 88.0, 100.0, 99.0, 76.0, 96.0, 88.0, 97.0, 91.0, 88.0, 56.0, 85.0, 77.0, 74.0, 63.0, 100.0, 100.0, 55.0, 84.0, 36.0, 62.0, 73.0, 85.0, 49.0, 91.0, 71.0, 76.0, 91.0, 97.0, 64.0]"
IS_II_C05_D09.jpg,"[91.0, 77.0, 68.0, 90.0, 92.0, 54.0, 59.0, 29.0, 94.0, 92.0, 95.0, 57.0, 79.0, 84.0, 100.0, 93.0, 79.0, 90.0, 88.0, 58.0, 40.0, 37.0, 59.0, 49.0, 93.0, 50.0, 70.0, 45.0, 85.0, 87.0, 71.0, 37.0]"
IS_II_C05_D10.jpg,"[4.0, 5.0, 17.0, 77.0, 22.0, 0.0, 24.0, 20.0, 51.0, 15.0, 1.0, 13.0, 17.0, 15.0, 71.0, 22.0, 1.0, 11.0, 50.0, 2.0, 23.0, 0.0, 25.0, 0.0, 9.0, 46.0, 42.0, 40.0, 14.0, 76.0, 42.0, 11.0]"
IS_II_C05_D11.jpg,"[80.0, 94.0, 100.0, 89.0, 92.0, 72.0, 55.0, 98.0, 96.0, 53.0, 92.0, 87.0, 100.0, 80.0, 87.0, 52.0, 53.0, 86.0, 71.0, 53.0, 100.0, 31.0, 80.0, 54.0, 94.0, 50.0, 95.0, 46.0, 64.0, 85.0, 90.0, 90.0]"
IS_II_C05_D12.jpg,"[66.0, 80.0, 63.0, 85.0, 64.0, 49.0, 22.0, 37.0, 88.0, 21.0, 36.0, 44.0, 48.0, 67.0, 81.0, 69.0, 82.0, 34.0, 27.0, 7.0, 92.0, 81.0, 35.0, 41.0, 89.0, 50.0, 68.0, 39.0, 20.0, 82.0, 99.0, 46.0]"
IS_II_C05_D13.jpg,"[0.0, 14.0, 45.0, 78.0, 33.0, 15.0, 78.0, 23.0, 93.0, 84.0, 59.0, 67.0, 36.0, 48.0, 81.0, 48.0, 32.0, 36.0, 42.0, 8.0, 50.0, 35.0, 51.0, 20.0, 30.0, 50.0, 62.0, 32.0, 17.0, 82.0, 76.0, 49.0]"
IS_II_C06_D01.jpg,"[25.0, 18.0, 1.0, 12.0, 0.0, 22.0, 28.0, 5.0, 7.0, 0.0, 15.0, 33.0, 42.0, 2.0, 27.0, 13.0, 0.0, 61.0, 7.0, 5.0, 24.0, 7.0, 16.0, 42.0, 4.0, 52.0, 53.0, 17.0, 43.0, 73.0, 18.0, 0.0]"
IS_II_C06_D02.jpg,"[98.0, 80.0, 71.0, 95.0, 78.0, 77.0, 81.0, 98.0, 97.0, 66.0, 73.0, 72.0, 98.0, 83.0, 84.0, 96.0, 86.0, 99.0, 95.0, 58.0, 87.0, 88.0, 68.0, 94.0, 97.0, 97.0, 88.0, 36.0, 90.0, 94.0, 93.0, 100.0]"
IS_II_C06_D03.jpg,"[55.0, 73.0, 48.0, 91.0, 87.0, 55.0, 59.0, 53.0, 45.0, 22.0, 70.0, 54.0, 49.0, 37.0, 91.0, 20.0, 56.0, 50.0, 80.0, 100.0, 43.0, 11.0, 60.0, 12.0, 38.0, 60.0, 75.0, 37.0, 47.0, 93.0, 82.0, 70.0]"
IS_II_C06_D04.jpg,"[17.0, 64.0, 18.0, 9.0, 37.0, 18.0, 1.0, 26.0, 29.0, 15.0, 13.0, 49.0, 36.0, 41.0, 82.0, 5.0, 27.0, 75.0, 5.0, 43.0, 57.0, 21.0, 19.0, 5.0, 60.0, 53.0, 68.0, 33.0, 13.0, 87.0, 30.0, 64.0]"
IS_II_C06_D05.jpg,"[11.0, 37.0, 17.0, 7.0, 9.0, 0.0, 38.0, 0.0, 60.0, 36.0, 51.0, 95.0, 0.0, 24.0, 80.0, 4.0, 10.0, 41.0, 0.0, 77.0, 16.0, 28.0, 13.0, 23.0, 29.0, 56.0, 61.0, 38.0, 44.0, 95.0, 3.0, 53.0]"
IS_II_C06_D06.jpg,"[51.0, 70.0, 69.0, 100.0, 44.0, 98.0, 41.0, 84.0, 96.0, 100.0, 73.0, 86.0, 75.0, 99.0, 69.0, 99.0, 46.0, 94.0, 47.0, 74.0, 40.0, 90.0, 55.0, 61.0, 76.0, 85.0, 84.0, 92.0, 89.0, 93.0, 49.0, 67.0, 49.0, 100.0, 99.0, 99.0, 62.0, 69.0, 8.0, 82.0, 72.0, 99.0, 40.0, 66.0, 64.0, 75.0, 33.0, 59.0, 68.0, 99.0, 59.0, 89.0, 85.0, 89.0, 43.0, 49.0, 65.0, 85.0, 93.0, 95.0, 68.0, 84.0, 94.0, 95.0]"
IS_II_C06_D07.jpg,"[89.0, 96.0, 100.0, 84.0, 19.0, 100.0, 100.0, 97.0, 78.0, 87.0, 48.0, 85.0, 100.0, 94.0, 100.0, 93.0, 91.0, 100.0, 100.0, 94.0, 60.0, 97.0, 80.0, 100.0, 99.0, 93.0, 85.0, 79.0, 93.0, 91.0, 90.0, 94.0]"
IS_II_C06_D08.jpg,"[56.0, 68.0, 88.0, 38.0, 99.0, 75.0, 73.0, 100.0, 67.0, 95.0, 100.0, 69.0, 70.0, 82.0, 100.0, 75.0, 65.0, 93.0, 86.0, 99.0, 51.0, 20.0, 77.0, 46.0, 100.0, 76.0, 87.0, 36.0, 98.0, 92.0, 58.0, 78.0]"
IS_II_C06_D09.jpg,"[76.0, 82.0, 26.0, 85.0, 32.0, 52.0, 54.0, 56.0, 32.0, 54.0, 0.0, 78.0, 47.0, 34.0, 100.0, 33.0, 82.0, 96.0, 63.0, 95.0, 100.0, 80.0, 22.0, 18.0, 32.0, 8.0, 78.0, 30.0, 69.0, 91.0, 78.0, 59.0]"
IS_II_C06_D11.jpg,"[100.0, 64.0, 98.0, 92.0, 86.0, 89.0, 85.0, 93.0, 36.0, 58.0, 93.0, 41.0, 95.0, 44.0, 100.0, 63.0, 59.0, 65.0, 92.0, 98.0, 42.0, 54.0, 67.0, 81.0, 95.0, 97.0, 82.0, 45.0, 72.0, 90.0, 100.0, 92.0]"
IS_II_C06_D12.jpg,"[94.0, 46.0, 39.0, 21.0, 79.0, 51.0, 40.0, 97.0, 75.0, 70.0, 83.0, 91.0, 73.0, 60.0, 70.0, 43.0, 86.0, 99.0, 68.0, 13.0, 86.0, 33.0, 50.0, 38.0, 99.0, 57.0, 71.0, 28.0, 67.0, 92.0, 61.0, 58.0]"
IS_II_C06_D13.jpg,"[46.0, 60.0, 85.0, 62.0, 75.0, 53.0, 77.0, 51.0, 48.0, 85.0, 76.0, 83.0, 70.0, 29.0, 100.0, 39.0, 35.0, 97.0, 43.0, 16.0, 34.0, 87.0, 66.0, 31.0, 99.0, 38.0, 79.0, 27.0, 62.0, 94.0, 51.0, 97.0]"
IS_IV_C01_D01.jpg,"[76.0, 69.0, 52.0, 71.0, 65.0, 56.0, 84.0, 63.0, 72.0, 80.0, 45.0, 83.0, 69.0, 31.0, 57.0, 76.0, 69.0, 80.0, 59.0, 68.0, 74.0, 47.0, 84.0, 22.0, 45.0, 90.0]"
IS_IV_C01_D02.jpg,"[97.0, 100.0, 100.0, 92.0, 99.0, 100.0, 99.0, 94.0, 98.0, 99.0, 100.0, 100.0, 98.0, 97.0, 99.0, 99.0, 100.0, 100.0, 100.0, 100.0, 99.0, 99.0, 100.0, 100.0, 97.0, 100.0]"
IS_IV_C01_D03.jpg,"[84.0, 86.0, 72.0, 70.0, 81.0, 88.0, 90.0, 65.0, 75.0, 98.0, 90.0, 73.0, 90.0, 73.0, 89.0, 87.0, 94.0, 92.0, 79.0, 95.0, 99.0, 49.0, 93.0, 90.0, 90.0, 98.0]"
IS_IV_C01_D04.jpg,"[8.0, 60.0, 54.0, 38.0, 23.0, 46.0, 50.0, 28.0, 67.0, 33.0, 0.0, 0.0, 13.0, 12.0, 37.0, 35.0, 41.0, 61.0, 26.0, 45.0, 37.0, 6.0, 82.0, 42.0, 6.0, 37.0]"
IS_IV_C01_D05.jpg,"[52.0, 68.0, 82.0, 42.0, 62.0, 84.0, 91.0, 48.0, 63.0, 100.0, 64.0, 50.0, 53.0, 56.0, 74.0, 76.0, 64.0, 86.0, 37.0, 75.0, 94.0, 51.0, 83.0, 76.0, 35.0, 65.0]"
IS_IV_C01_D06.jpg,"[42.0, 70.0, 49.0, 61.0, 65.0, 42.0, 75.0, 42.0, 64.0, 76.0, 50.0, 21.0, 49.0, 39.0, 47.0, 70.0, 72.0, 68.0, 58.0, 39.0, 63.0, 45.0, 90.0, 59.0, 62.0, 80.0]"
IS_IV_C01_D07.jpg,"[32.0, 69.0, 49.0, 61.0, 47.0, 50.0, 79.0, 64.0, 68.0, 90.0, 80.0, 33.0, 41.0, 65.0, 38.0, 62.0, 78.0, 86.0, 28.0, 66.0, 58.0, 39.0, 90.0, 95.0, 30.0, 84.0]"
IS_IV_C01_D08.jpg,"[10.0, 59.0, 0.0, 28.0, 27.0, 38.0, 45.0, 2.0, 63.0, 39.0, 13.0, 0.0, 11.0, 20.0, 23.0, 9.0, 43.0, 65.0, 36.0, 23.0, 14.0, 29.0, 77.0, 23.0, 43.0, 34.0]"
IS_IV_C01_D09.jpg,"[5.0, 40.0, 33.0, 38.0, 17.0, 24.0, 33.0, 12.0, 59.0, 46.0, 15.0, 0.0, 28.0, 28.0, 31.0, 2.0, 45.0, 67.0, 25.0, 46.0, 21.0, 28.0, 34.0, 5.0, 20.0, 56.0]"
IS_IV_C01_D10.jpg,"[21.0, 65.0, 69.0, 49.0, 59.0, 91.0, 91.0, 38.0, 75.0, 93.0, 53.0, 30.0, 42.0, 51.0, 83.0, 33.0, 71.0, 79.0, 51.0, 75.0, 71.0, 49.0, 79.0, 78.0, 73.0, 85.0]"
IS_IV_C01_D11.jpg,"[27.0, 61.0, 9.0, 39.0, 8.0, 40.0, 45.0, 6.0, 66.0, 48.0, 31.0, 0.0, 9.0, 28.0, 37.0, 17.0, 58.0, 52.0, 30.0, 58.0, 54.0, 41.0, 74.0, 25.0, 52.0, 67.0]"
IS_IV_C01_D12.jpg,"[0.0, 6.0, 0.0, 19.0, 0.0, 4.0, 5.0, 3.0, 20.0, 0.0, 0.0, 0.0, 1.0, 4.0, 0.0, 0.0, 38.0, 9.0, 0.0, 0.0, 3.0, 2.0, 38.0, 7.0, 12.0, 19.0]"
IS_IV_C01_D13.jpg,"[81.0, 84.0, 65.0, 79.0, 84.0, 91.0, 91.0, 90.0, 77.0, 93.0, 77.0, 47.0, 77.0, 93.0, 97.0, 83.0, 92.0, 97.0, 84.0, 99.0, 98.0, 53.0, 96.0, 85.0, 82.0, 97.0]"
IS_IV_C02_D02.jpg,"[66.0, 94.0, 100.0, 0.0, 98.0, 95.0, 95.0, 99.0, 79.0, 97.0, 100.0, 100.0, 97.0, 97.0, 100.0, 99.0, 100.0, 100.0, 95.0, 100.0, 93.0, 98.0, 100.0, 100.0, 90.0, 100.0]"
IS_IV_C02_D03.jpg,"[32.0, 67.0, 82.0, 0.0, 74.0, 83.0, 89.0, 74.0, 71.0, 79.0, 62.0, 62.0, 48.0, 75.0, 83.0, 59.0, 86.0, 88.0, 80.0, 89.0, 88.0, 46.0, 80.0, 70.0, 49.0, 96.0]"
IS_IV_C02_D04.jpg,"[13.0, 76.0, 41.0, 0.0, 54.0, 69.0, 47.0, 8.0, 65.0, 45.0, 36.0, 18.0, 4.0, 26.0, 69.0, 35.0, 66.0, 37.0, 31.0, 87.0, 64.0, 48.0, 42.0, 26.0, 27.0, 87.0]"
IS_IV_C02_D05.jpg,"[43.0, 67.0, 70.0, 0.0, 60.0, 94.0, 65.0, 72.0, 65.0, 58.0, 54.0, 67.0, 34.0, 42.0, 84.0, 42.0, 91.0, 72.0, 47.0, 92.0, 84.0, 66.0, 75.0, 75.0, 36.0, 88.0]"
IS_IV_C02_D06.jpg,"[58.0, 78.0, 36.0, 0.0, 60.0, 90.0, 62.0, 69.0, 76.0, 59.0, 67.0, 36.0, 47.0, 40.0, 78.0, 81.0, 73.0, 74.0, 50.0, 89.0, 86.0, 52.0, 79.0, 71.0, 62.0, 81.0]"
IS_IV_C02_D07.jpg,"[27.0, 61.0, 24.0, 0.0, 41.0, 77.0, 78.0, 46.0, 73.0, 74.0, 57.0, 50.0, 37.0, 39.0, 67.0, 27.0, 65.0, 82.0, 60.0, 79.0, 87.0, 73.0, 79.0, 20.0, 46.0, 85.0]"
IS_IV_C02_D08.jpg,"[20.0, 64.0, 21.0, 0.0, 39.0, 74.0, 34.0, 21.0, 72.0, 45.0, 40.0, 17.0, 52.0, 36.0, 58.0, 22.0, 71.0, 72.0, 43.0, 83.0, 78.0, 52.0, 74.0, 42.0, 39.0, 73.0]"
IS_IV_C02_D09.jpg,"[4.0, 47.0, 23.0, 0.0, 29.0, 56.0, 38.0, 18.0, 60.0, 42.0, 40.0, 27.0, 7.0, 32.0, 43.0, 19.0, 47.0, 25.0, 29.0, 67.0, 50.0, 48.0, 78.0, 10.0, 44.0, 57.0]"
IS_IV_C02_D10.jpg,"[36.0, 69.0, 43.0, 0.0, 59.0, 85.0, 72.0, 39.0, 71.0, 78.0, 56.0, 32.0, 35.0, 53.0, 73.0, 41.0, 84.0, 66.0, 70.0, 84.0, 84.0, 52.0, 73.0, 54.0, 56.0, 81.0]"
IS_IV_C02_D11.jpg,"[16.0, 49.0, 21.0, 0.0, 57.0, 88.0, 59.0, 51.0, 62.0, 70.0, 50.0, 36.0, 3.0, 23.0, 64.0, 44.0, 52.0, 62.0, 29.0, 85.0, 45.0, 32.0, 43.0, 29.0, 42.0, 81.0]"
IS_IV_C02_D12.jpg,"[19.0, 75.0, 21.0, 0.0, 66.0, 84.0, 76.0, 40.0, 67.0, 58.0, 46.0, 40.0, 5.0, 52.0, 85.0, 38.0, 61.0, 60.0, 51.0, 80.0, 63.0, 51.0, 74.0, 50.0, 37.0, 97.0]"
IS_IV_C02_D13.jpg,"[62.0, 76.0, 85.0, 0.0, 87.0, 70.0, 89.0, 69.0, 81.0, 81.0, 71.0, 77.0, 45.0, 70.0, 85.0, 48.0, 93.0, 100.0, 90.0, 83.0, 94.0, 73.0, 98.0, 88.0, 67.0, 99.0]"
IS_IV_C03_D01.jpg,"[36.0, 71.0, 10.0, 36.0, 25.0, 47.0, 31.0, 11.0, 62.0, 20.0, 7.0, 28.0, 30.0, 12.0, 46.0, 16.0, 67.0, 60.0, 38.0, 39.0, 25.0, 12.0, 40.0, 43.0, 30.0, 59.0]"
IS_IV_C03_D02.jpg,"[97.0, 90.0, 100.0, 98.0, 97.0, 97.0, 90.0, 98.0, 84.0, 98.0, 90.0, 100.0, 92.0, 97.0, 100.0, 99.0, 99.0, 100.0, 99.0, 100.0, 88.0, 96.0, 100.0, 99.0, 91.0, 96.0]"
IS_IV_C03_D03.jpg,"[61.0, 89.0, 66.0, 93.0, 73.0, 91.0, 84.0, 77.0, 75.0, 99.0, 57.0, 60.0, 86.0, 66.0, 87.0, 58.0, 96.0, 92.0, 75.0, 98.0, 94.0, 72.0, 91.0, 87.0, 64.0, 95.0]"
IS_IV_C03_D04.jpg,"[15.0, 73.0, 30.0, 37.0, 27.0, 53.0, 22.0, 16.0, 68.0, 31.0, 3.0, 9.0, 15.0, 17.0, 35.0, 7.0, 66.0, 70.0, 42.0, 40.0, 47.0, 22.0, 36.0, 17.0, 31.0, 64.0]"
IS_IV_C03_D06.jpg,"[4.0, 34.0, 31.0, 39.0, 15.0, 18.0, 24.0, 4.0, 51.0, 15.0, 3.0, 0.0, 11.0, 24.0, 27.0, 7.0, 39.0, 26.0, 18.0, 29.0, 33.0, 9.0, 39.0, 6.0, 40.0, 30.0]"
IS_IV_C03_D07.jpg,"[46.0, 61.0, 61.0, 39.0, 53.0, 58.0, 61.0, 20.0, 60.0, 45.0, 40.0, 23.0, 42.0, 24.0, 58.0, 39.0, 73.0, 54.0, 38.0, 70.0, 57.0, 39.0, 83.0, 52.0, 34.0, 67.0]"
IS_IV_C03_D08.jpg,"[9.0, 34.0, 0.0, 24.0, 22.0, 24.0, 38.0, 2.0, 55.0, 26.0, 13.0, 0.0, 7.0, 8.0, 10.0, 2.0, 32.0, 28.0, 9.0, 38.0, 14.0, 4.0, 14.0, 33.0, 30.0, 33.0]"
IS_IV_C03_D09.jpg,"[10.0, 58.0, 4.0, 25.0, 9.0, 46.0, 29.0, 6.0, 67.0, 9.0, 25.0, 1.0, 27.0, 21.0, 16.0, 0.0, 33.0, 31.0, 37.0, 49.0, 31.0, 24.0, 34.0, 40.0, 26.0, 19.0]"
IS_IV_C03_D10.jpg,"[66.0, 83.0, 50.0, 64.0, 82.0, 86.0, 90.0, 71.0, 69.0, 89.0, 55.0, 59.0, 87.0, 29.0, 74.0, 80.0, 81.0, 70.0, 68.0, 96.0, 88.0, 56.0, 86.0, 68.0, 92.0, 71.0]"
IS_IV_C03_D11.jpg,"[8.0, 48.0, 16.0, 45.0, 22.0, 40.0, 23.0, 15.0, 64.0, 27.0, 8.0, 41.0, 3.0, 22.0, 37.0, 10.0, 58.0, 42.0, 39.0, 49.0, 34.0, 19.0, 40.0, 30.0, 25.0, 76.0]"
IS_IV_C03_D12.jpg,"[1.0, 28.0, 9.0, 22.0, 7.0, 19.0, 5.0, 1.0, 48.0, 8.0, 0.0, 0.0, 5.0, 2.0, 3.0, 0.0, 26.0, 16.0, 3.0, 31.0, 24.0, 12.0, 10.0, 0.0, 18.0, 15.0]"
IS_IV_C03_D13.jpg,"[49.0, 69.0, 61.0, 66.0, 76.0, 82.0, 70.0, 65.0, 73.0, 62.0, 46.0, 47.0, 76.0, 61.0, 80.0, 70.0, 77.0, 79.0, 71.0, 92.0, 87.0, 42.0, 93.0, 70.0, 91.0, 77.0]"
IS_IV_C04_D01.jpg,"[96.0, 92.0, 90.0, 88.0, 94.0, 96.0, 87.0, 99.0, 84.0, 78.0, 95.0, 93.0, 89.0, 69.0, 85.0, 99.0, 94.0, 99.0, 88.0, 96.0, 91.0, 94.0, 95.0, 99.0, 94.0, 67.0]"
IS_IV_C04_D02.jpg,"[96.0, 100.0, 93.0, 98.0, 83.0, 88.0, 99.0, 99.0, 94.0, 90.0, 99.0, 100.0, 96.0, 93.0, 99.0, 80.0, 89.0, 100.0, 88.0, 100.0, 91.0, 92.0, 100.0, 95.0, 58.0, 71.0]"
IS_IV_C04_D03.jpg,"[66.0, 77.0, 73.0, 88.0, 81.0, 91.0, 78.0, 56.0, 77.0, 90.0, 94.0, 45.0, 66.0, 60.0, 67.0, 71.0, 79.0, 97.0, 47.0, 84.0, 94.0, 60.0, 91.0, 73.0, 67.0, 97.0]"
IS_IV_C04_D04.jpg,"[67.0, 81.0, 74.0, 92.0, 37.0, 96.0, 91.0, 53.0, 82.0, 73.0, 94.0, 83.0, 58.0, 46.0, 71.0, 38.0, 99.0, 61.0, 80.0, 81.0, 91.0, 96.0, 96.0, 44.0, 94.0, 43.0]"
IS_IV_C04_D05.jpg,"[48.0, 47.0, 78.0, 74.0, 39.0, 72.0, 54.0, 28.0, 77.0, 36.0, 51.0, 29.0, 9.0, 25.0, 35.0, 72.0, 55.0, 58.0, 31.0, 70.0, 91.0, 47.0, 69.0, 19.0, 70.0, 58.0]"
IS_IV_C04_D06.jpg,"[60.0, 88.0, 68.0, 88.0, 77.0, 95.0, 88.0, 62.0, 72.0, 77.0, 81.0, 83.0, 76.0, 56.0, 96.0, 65.0, 90.0, 92.0, 81.0, 100.0, 96.0, 70.0, 96.0, 63.0, 95.0, 90.0]"
IS_IV_C04_D07.jpg,"[47.0, 84.0, 76.0, 96.0, 38.0, 83.0, 82.0, 70.0, 77.0, 24.0, 62.0, 74.0, 41.0, 79.0, 67.0, 42.0, 85.0, 90.0, 64.0, 100.0, 95.0, 60.0, 97.0, 66.0, 78.0, 63.0]"
IS_IV_C04_D08.jpg,"[66.0, 87.0, 76.0, 96.0, 92.0, 98.0, 95.0, 63.0, 80.0, 83.0, 72.0, 78.0, 94.0, 78.0, 71.0, 67.0, 78.0, 96.0, 58.0, 93.0, 95.0, 91.0, 95.0, 73.0, 95.0, 69.0]"
IS_IV_C04_D10.jpg,"[62.0, 77.0, 74.0, 94.0, 63.0, 96.0, 85.0, 52.0, 76.0, 92.0, 59.0, 66.0, 62.0, 70.0, 70.0, 76.0, 73.0, 86.0, 61.0, 93.0, 93.0, 64.0, 92.0, 39.0, 70.0, 82.0]"
IS_IV_C04_D11.jpg,"[80.0, 90.0, 79.0, 93.0, 59.0, 96.0, 86.0, 99.0, 92.0, 82.0, 94.0, 85.0, 73.0, 59.0, 67.0, 62.0, 96.0, 73.0, 78.0, 100.0, 99.0, 89.0, 91.0, 89.0, 84.0, 86.0]"
IS_IV_C04_D12.jpg,"[51.0, 72.0, 66.0, 95.0, 51.0, 99.0, 88.0, 57.0, 86.0, 86.0, 65.0, 67.0, 48.0, 73.0, 42.0, 83.0, 68.0, 63.0, 47.0, 95.0, 91.0, 87.0, 86.0, 59.0, 89.0, 81.0]"
IS_IV_C04_D13.jpg,"[56.0, 90.0, 85.0, 94.0, 62.0, 97.0, 85.0, 75.0, 81.0, 88.0, 74.0, 84.0, 49.0, 60.0, 52.0, 75.0, 67.0, 69.0, 76.0, 94.0, 90.0, 79.0, 94.0, 86.0, 92.0, 94.0]"
IS_IV_C05_D01.jpg,"[75.0, 79.0, 66.0, 55.0, 61.0, 95.0, 89.0, 63.0, 84.0, 84.0, 79.0, 59.0, 91.0, 71.0, 93.0, 52.0, 79.0, 82.0, 57.0, 99.0, 80.0, 63.0, 93.0, 63.0, 84.0, 88.0]"
IS_IV_C05_D02.jpg,"[99.0, 82.0, 94.0, 45.0, 92.0, 97.0, 92.0, 90.0, 86.0, 68.0, 97.0, 100.0, 55.0, 62.0, 71.0, 75.0, 98.0, 89.0, 87.0, 93.0, 94.0, 40.0, 100.0, 100.0, 85.0, 86.0]"
IS_IV_C05_D03.jpg,"[37.0, 70.0, 25.0, 41.0, 36.0, 94.0, 84.0, 83.0, 72.0, 77.0, 65.0, 77.0, 41.0, 44.0, 69.0, 20.0, 54.0, 81.0, 49.0, 75.0, 89.0, 40.0, 92.0, 33.0, 58.0, 39.0]"
IS_IV_C05_D04.jpg,"[16.0, 55.0, 12.0, 34.0, 7.0, 58.0, 44.0, 38.0, 65.0, 12.0, 67.0, 41.0, 0.0, 17.0, 35.0, 17.0, 40.0, 32.0, 4.0, 58.0, 70.0, 21.0, 29.0, 8.0, 27.0, 33.0]"
IS_IV_C05_D05.jpg,"[59.0, 78.0, 67.0, 51.0, 69.0, 85.0, 89.0, 72.0, 79.0, 78.0, 85.0, 44.0, 57.0, 57.0, 90.0, 71.0, 83.0, 68.0, 49.0, 92.0, 77.0, 46.0, 91.0, 75.0, 66.0, 91.0]"
IS_IV_C05_D06.jpg,"[83.0, 75.0, 74.0, 69.0, 70.0, 94.0, 94.0, 85.0, 83.0, 62.0, 85.0, 88.0, 79.0, 83.0, 89.0, 74.0, 88.0, 85.0, 71.0, 99.0, 93.0, 88.0, 93.0, 92.0, 60.0, 90.0]"
IS_IV_C05_D07.jpg,"[63.0, 88.0, 64.0, 71.0, 58.0, 97.0, 94.0, 82.0, 88.0, 57.0, 67.0, 83.0, 61.0, 69.0, 93.0, 58.0, 80.0, 87.0, 65.0, 98.0, 96.0, 82.0, 97.0, 83.0, 85.0, 51.0]"
IS_IV_C05_D08.jpg,"[72.0, 91.0, 77.0, 72.0, 66.0, 98.0, 88.0, 70.0, 83.0, 69.0, 78.0, 93.0, 80.0, 77.0, 78.0, 75.0, 73.0, 83.0, 48.0, 90.0, 95.0, 57.0, 85.0, 54.0, 90.0, 81.0]"
IS_IV_C05_D09.jpg,"[64.0, 65.0, 76.0, 63.0, 62.0, 93.0, 85.0, 55.0, 78.0, 69.0, 75.0, 63.0, 22.0, 64.0, 67.0, 59.0, 71.0, 63.0, 42.0, 93.0, 87.0, 91.0, 90.0, 24.0, 77.0, 74.0]"
IS_IV_C05_D10.jpg,"[54.0, 80.0, 73.0, 51.0, 87.0, 93.0, 91.0, 85.0, 80.0, 80.0, 81.0, 58.0, 83.0, 75.0, 94.0, 63.0, 84.0, 88.0, 70.0, 96.0, 91.0, 40.0, 92.0, 70.0, 72.0, 87.0]"
IS_IV_C05_D11.jpg,"[69.0, 81.0, 43.0, 60.0, 45.0, 97.0, 79.0, 43.0, 76.0, 68.0, 78.0, 57.0, 12.0, 43.0, 80.0, 47.0, 75.0, 71.0, 41.0, 88.0, 93.0, 49.0, 85.0, 70.0, 77.0, 43.0]"
IS_IV_C05_D12.jpg,"[52.0, 97.0, 85.0, 76.0, 89.0, 100.0, 95.0, 80.0, 85.0, 89.0, 93.0, 75.0, 89.0, 93.0, 98.0, 91.0, 97.0, 85.0, 83.0, 100.0, 96.0, 87.0, 91.0, 96.0, 90.0, 98.0]"
IS_IV_C06_D01.jpg,"[58.0, 53.0, 53.0, 61.0, 31.0, 59.0, 48.0, 63.0, 85.0, 46.0, 48.0, 61.0, 22.0, 47.0, 60.0, 37.0, 71.0, 78.0, 46.0, 99.0, 68.0, 78.0, 93.0, 28.0, 67.0, 64.0]"
IS_IV_C06_D02.jpg,"[94.0, 87.0, 96.0, 68.0, 83.0, 98.0, 91.0, 94.0, 95.0, 85.0, 99.0, 100.0, 94.0, 74.0, 81.0, 79.0, 94.0, 95.0, 76.0, 95.0, 91.0, 88.0, 100.0, 99.0, 69.0, 93.0]"
IS_IV_C06_D03.jpg,"[74.0, 93.0, 94.0, 83.0, 61.0, 93.0, 92.0, 91.0, 96.0, 96.0, 82.0, 83.0, 92.0, 70.0, 78.0, 97.0, 96.0, 98.0, 96.0, 100.0, 93.0, 99.0, 97.0, 86.0, 87.0, 93.0]"
IS_IV_C06_D04.jpg,"[7.0, 38.0, 39.0, 34.0, 12.0, 51.0, 31.0, 22.0, 78.0, 4.0, 15.0, 0.0, 1.0, 23.0, 30.0, 3.0, 42.0, 34.0, 24.0, 54.0, 57.0, 42.0, 46.0, 21.0, 26.0, 36.0]"
IS_IV_C06_D05.jpg,"[53.0, 68.0, 62.0, 63.0, 73.0, 78.0, 74.0, 81.0, 89.0, 93.0, 80.0, 48.0, 74.0, 60.0, 60.0, 57.0, 88.0, 81.0, 51.0, 97.0, 67.0, 93.0, 93.0, 38.0, 82.0, 89.0]"
IS_IV_C06_D06.jpg,"[96.0, 93.0, 98.0, 85.0, 86.0, 99.0, 94.0, 79.0, 99.0, 97.0, 98.0, 76.0, 84.0, 92.0, 87.0, 89.0, 96.0, 89.0, 72.0, 100.0, 93.0, 96.0, 99.0, 93.0, 96.0, 99.0]"
IS_IV_C06_D07.jpg,"[67.0, 95.0, 91.0, 86.0, 80.0, 99.0, 94.0, 94.0, 92.0, 77.0, 49.0, 74.0, 79.0, 92.0, 83.0, 59.0, 96.0, 74.0, 86.0, 98.0, 87.0, 86.0, 99.0, 51.0, 97.0, 93.0]"
IS_IV_C06_D08.jpg,"[71.0, 87.0, 87.0, 87.0, 75.0, 99.0, 81.0, 52.0, 82.0, 87.0, 84.0, 61.0, 84.0, 76.0, 90.0, 93.0, 84.0, 78.0, 66.0, 100.0, 98.0, 87.0, 97.0, 80.0, 95.0, 84.0]"
IS_IV_C06_D09.jpg,"[22.0, 56.0, 67.0, 39.0, 21.0, 68.0, 78.0, 53.0, 83.0, 31.0, 15.0, 41.0, 8.0, 40.0, 32.0, 18.0, 80.0, 64.0, 38.0, 83.0, 89.0, 55.0, 78.0, 41.0, 73.0, 49.0]"
IS_IV_C06_D10.jpg,"[61.0, 68.0, 93.0, 69.0, 77.0, 92.0, 83.0, 78.0, 92.0, 99.0, 90.0, 52.0, 92.0, 59.0, 77.0, 48.0, 81.0, 69.0, 55.0, 91.0, 93.0, 85.0, 90.0, 73.0, 87.0, 78.0]"
IS_IV_C06_D11.jpg,"[52.0, 60.0, 57.0, 73.0, 45.0, 72.0, 80.0, 72.0, 92.0, 78.0, 66.0, 50.0, 14.0, 58.0, 45.0, 27.0, 93.0, 70.0, 70.0, 40.0, 69.0, 52.0, 78.0, 33.0, 72.0, 36.0]"
IS_IV_C06_D12.jpg,"[81.0, 66.0, 87.0, 72.0, 73.0, 83.0, 62.0, 75.0, 80.0, 70.0, 75.0, 67.0, 93.0, 56.0, 86.0, 84.0, 71.0, 87.0, 55.0, 87.0, 65.0, 75.0, 92.0, 81.0, 81.0, 79.0]"
IS_IV_C06_D13.jpg,"[89.0, 72.0, 55.0, 65.0, 87.0, 76.0, 93.0, 92.0, 97.0, 96.0, 81.0, 100.0, 96.0, 83.0, 79.0, 89.0, 97.0, 93.0, 86.0, 99.0, 94.0, 81.0, 100.0, 61.0, 82.0, 90.0]"
IS_I_C01_D01.jpg,"[2.0, 9.0, 1.0, 5.0, 1.0, 2.0, 0.0, 0.0, 0.0, 4.0, 13.0, 0.0, 1.0, 13.0, 6.0, 1.0, 1.0, 0.0, 0.0, 0.0, 5.0, 6.0, 8.0, 7.0, 0.0, 0.0, 0.0, 6.0, 0.0, 0.0]"
IS_I_C01_D02.jpg,"[95.0, 89.0, 84.0, 88.0, 96.0, 89.0, 98.0, 86.0, 90.0, 100.0, 84.0, 100.0, 94.0, 92.0, 89.0, 93.0, 97.0, 68.0, 79.0, 100.0, 86.0, 95.0, 100.0, 94.0, 95.0, 100.0, 98.0, 91.0, 81.0, 100.0]"
IS_I_C01_D03.jpg,"[62.0, 71.0, 65.0, 74.0, 71.0, 59.0, 54.0, 35.0, 63.0, 35.0, 36.0, 49.0, 55.0, 75.0, 71.0, 62.0, 50.0, 63.0, 50.0, 63.0, 70.0, 58.0, 76.0, 64.0, 45.0, 37.0, 26.0, 80.0, 46.0, 76.0]"
IS_I_C01_D05.jpg,"[15.0, 19.0, 4.0, 42.0, 28.0, 30.0, 53.0, 20.0, 41.0, 20.0, 51.0, 54.0, 59.0, 33.0, 33.0, 25.0, 57.0, 17.0, 0.0, 50.0, 27.0, 17.0, 61.0, 29.0, 14.0, 31.0, 5.0, 38.0, 12.0, 77.0]"
IS_I_C01_D06.jpg,"[9.0, 26.0, 35.0, 62.0, 19.0, 25.0, 13.0, 10.0, 20.0, 22.0, 64.0, 35.0, 34.0, 19.0, 40.0, 16.0, 16.0, 27.0, 2.0, 20.0, 20.0, 29.0, 45.0, 22.0, 23.0, 5.0, 9.0, 20.0, 19.0, 24.0]"
IS_I_C01_D07.jpg,"[4.0, 8.0, 11.0, 20.0, 4.0, 15.0, 10.0, 13.0, 11.0, 12.0, 41.0, 8.0, 14.0, 16.0, 21.0, 11.0, 7.0, 15.0, 1.0, 7.0, 13.0, 15.0, 18.0, 16.0, 7.0, 2.0, 2.0, 9.0, 4.0, 3.0]"
IS_I_C01_D08.jpg,"[42.0, 78.0, 74.0, 95.0, 83.0, 75.0, 51.0, 56.0, 38.0, 42.0, 56.0, 61.0, 92.0, 78.0, 94.0, 52.0, 67.0, 34.0, 51.0, 64.0, 46.0, 56.0, 82.0, 86.0, 38.0, 52.0, 46.0, 54.0, 82.0, 47.0]"
IS_I_C01_D09.jpg,"[58.0, 54.0, 85.0, 74.0, 75.0, 65.0, 57.0, 80.0, 58.0, 44.0, 55.0, 77.0, 39.0, 56.0, 47.0, 57.0, 60.0, 24.0, 31.0, 76.0, 78.0, 81.0, 85.0, 60.0, 60.0, 76.0, 60.0, 54.0, 32.0, 65.0]"
IS_I_C01_D10.jpg,"[33.0, 62.0, 82.0, 92.0, 40.0, 82.0, 65.0, 75.0, 62.0, 84.0, 82.0, 62.0, 71.0, 57.0, 76.0, 54.0, 41.0, 38.0, 54.0, 66.0, 60.0, 53.0, 88.0, 79.0, 67.0, 79.0, 51.0, 100.0, 77.0, 55.0]"
IS_I_C01_D11.jpg,"[87.0, 98.0, 90.0, 99.0, 100.0, 78.0, 68.0, 100.0, 100.0, 97.0, 100.0, 91.0, 95.0, 100.0, 100.0, 100.0, 97.0, 100.0, 98.0, 100.0, 100.0, 100.0, 94.0, 100.0, 100.0, 100.0, 98.0, 76.0, 98.0, 63.0]"
IS_I_C01_D12.jpg,"[22.0, 27.0, 67.0, 55.0, 10.0, 29.0, 15.0, 25.0, 19.0, 27.0, 57.0, 29.0, 33.0, 19.0, 30.0, 29.0, 28.0, 41.0, 9.0, 12.0, 34.0, 34.0, 57.0, 28.0, 30.0, 36.0, 23.0, 44.0, 26.0, 18.0]"
IS_I_C01_D13.jpg,"[64.0, 70.0, 84.0, 96.0, 92.0, 80.0, 79.0, 60.0, 67.0, 41.0, 74.0, 73.0, 65.0, 73.0, 69.0, 82.0, 95.0, 79.0, 50.0, 86.0, 96.0, 82.0, 94.0, 84.0, 72.0, 86.0, 72.0, 83.0, 85.0, 95.0]"
IS_I_C01_D14.jpg,"[100.0, 80.0, 72.0, 62.0, 83.0, 86.0, 71.0, 50.0, 43.0, 70.0, 68.0, 83.0, 51.0, 91.0, 59.0, 65.0, 91.0, 71.0, 53.0, 77.0, 51.0, 75.0, 91.0, 76.0, 53.0, 88.0, 65.0, 91.0, 41.0, 91.0]"
IS_I_C02_D01.jpg,"[32.0, 49.0, 69.0, 42.0, 32.0, 77.0, 25.0, 23.0, 23.0, 36.0, 39.0, 10.0, 45.0, 44.0, 30.0, 24.0, 56.0, 31.0, 39.0, 11.0, 26.0, 32.0, 88.0, 26.0, 41.0, 5.0, 22.0, 49.0, 13.0, 61.0]"
IS_I_C02_D02.jpg,"[93.0, 86.0, 63.0, 96.0, 96.0, 95.0, 100.0, 94.0, 96.0, 96.0, 98.0, 100.0, 80.0, 91.0, 89.0, 98.0, 91.0, 77.0, 71.0, 100.0, 97.0, 94.0, 91.0, 88.0, 97.0, 100.0, 61.0, 91.0, 78.0, 100.0]"
IS_I_C02_D03.jpg,"[11.0, 37.0, 64.0, 51.0, 0.0, 28.0, 25.0, 18.0, 17.0, 78.0, 39.0, 51.0, 20.0, 38.0, 20.0, 46.0, 23.0, 36.0, 45.0, 45.0, 5.0, 73.0, 91.0, 53.0, 57.0, 16.0, 11.0, 18.0, 4.0, 54.0]"
IS_I_C02_D04.jpg,"[7.0, 29.0, 64.0, 38.0, 64.0, 19.0, 34.0, 33.0, 10.0, 6.0, 34.0, 36.0, 36.0, 59.0, 41.0, 20.0, 73.0, 35.0, 38.0, 50.0, 40.0, 37.0, 79.0, 41.0, 30.0, 8.0, 28.0, 52.0, 11.0, 24.0]"
IS_I_C02_D05.jpg,"[16.0, 14.0, 50.0, 23.0, 24.0, 42.0, 63.0, 21.0, 40.0, 82.0, 28.0, 19.0, 43.0, 53.0, 59.0, 56.0, 58.0, 25.0, 26.0, 24.0, 37.0, 42.0, 85.0, 27.0, 24.0, 0.0, 49.0, 51.0, 22.0, 39.0]"
IS_I_C02_D06.jpg,"[0.0, 10.0, 44.0, 18.0, 41.0, 38.0, 26.0, 3.0, 4.0, 17.0, 11.0, 27.0, 51.0, 8.0, 0.0, 0.0, 29.0, 19.0, 21.0, 1.0, 13.0, 13.0, 73.0, 20.0, 0.0, 2.0, 19.0, 20.0, 11.0, 31.0]"
IS_I_C02_D08.jpg,"[24.0, 59.0, 71.0, 78.0, 34.0, 35.0, 71.0, 56.0, 62.0, 100.0, 68.0, 73.0, 72.0, 92.0, 50.0, 87.0, 75.0, 34.0, 70.0, 29.0, 65.0, 76.0, 94.0, 89.0, 51.0, 24.0, 54.0, 96.0, 65.0, 62.0]"
IS_I_C02_D09.jpg,"[61.0, 80.0, 70.0, 96.0, 86.0, 76.0, 88.0, 49.0, 82.0, 83.0, 82.0, 80.0, 97.0, 93.0, 79.0, 100.0, 87.0, 79.0, 76.0, 100.0, 83.0, 81.0, 94.0, 100.0, 78.0, 93.0, 61.0, 100.0, 45.0, 71.0]"
IS_I_C02_D10.jpg,"[43.0, 70.0, 54.0, 61.0, 88.0, 26.0, 74.0, 39.0, 48.0, 83.0, 54.0, 59.0, 87.0, 84.0, 50.0, 93.0, 50.0, 60.0, 50.0, 73.0, 53.0, 65.0, 91.0, 42.0, 46.0, 52.0, 49.0, 81.0, 56.0, 87.0]"
IS_I_C02_D11.jpg,"[56.0, 94.0, 73.0, 95.0, 100.0, 67.0, 83.0, 100.0, 28.0, 99.0, 90.0, 88.0, 99.0, 93.0, 100.0, 100.0, 100.0, 56.0, 70.0, 85.0, 71.0, 78.0, 94.0, 94.0, 91.0, 97.0, 56.0, 83.0, 91.0, 82.0]"
IS_I_C02_D12.jpg,"[2.0, 20.0, 68.0, 20.0, 51.0, 48.0, 0.0, 0.0, 30.0, 21.0, 31.0, 0.0, 22.0, 2.0, 10.0, 4.0, 13.0, 36.0, 29.0, 36.0, 30.0, 21.0, 73.0, 0.0, 44.0, 10.0, 17.0, 19.0, 9.0, 0.0]"
IS_I_C02_D13.jpg,"[66.0, 90.0, 74.0, 97.0, 100.0, 89.0, 87.0, 89.0, 67.0, 63.0, 66.0, 83.0, 88.0, 96.0, 69.0, 87.0, 91.0, 36.0, 69.0, 81.0, 90.0, 46.0, 97.0, 83.0, 75.0, 93.0, 94.0, 91.0, 86.0, 85.0]"
IS_I_C02_D14.jpg,"[49.0, 58.0, 58.0, 62.0, 52.0, 57.0, 73.0, 58.0, 77.0, 73.0, 81.0, 65.0, 92.0, 85.0, 83.0, 82.0, 81.0, 58.0, 62.0, 60.0, 49.0, 43.0, 88.0, 71.0, 65.0, 41.0, 63.0, 75.0, 32.0, 83.0]"
IS_I_C03_D01.jpg,"[20.0, 27.0, 65.0, 35.0, 22.0, 13.0, 16.0, 31.0, 15.0, 39.0, 40.0, 27.0, 40.0, 54.0, 35.0, 45.0, 35.0, 18.0, 21.0, 31.0, 47.0, 38.0, 46.0, 40.0, 28.0, 4.0, 47.0, 28.0, 17.0, 7.0]"
IS_I_C03_D02.jpg,"[98.0, 98.0, 54.0, 96.0, 98.0, 96.0, 100.0, 91.0, 96.0, 100.0, 97.0, 95.0, 100.0, 97.0, 100.0, 87.0, 100.0, 95.0, 88.0, 96.0, 100.0, 97.0, 97.0, 92.0, 96.0, 100.0, 90.0, 94.0, 82.0, 100.0]"
IS_I_C03_D03.jpg,"[30.0, 49.0, 68.0, 47.0, 24.0, 20.0, 56.0, 52.0, 13.0, 34.0, 77.0, 33.0, 40.0, 53.0, 50.0, 61.0, 5.0, 28.0, 26.0, 42.0, 34.0, 45.0, 46.0, 41.0, 17.0, 10.0, 9.0, 50.0, 24.0, 23.0]"
IS_I_C03_D04.jpg,"[5.0, 9.0, 39.0, 32.0, 8.0, 8.0, 4.0, 38.0, 5.0, 15.0, 8.0, 8.0, 11.0, 8.0, 9.0, 8.0, 13.0, 28.0, 8.0, 9.0, 30.0, 17.0, 30.0, 18.0, 36.0, 10.0, 0.0, 11.0, 6.0, 9.0]"
IS_I_C03_D05.jpg,"[25.0, 17.0, 50.0, 45.0, 6.0, 11.0, 18.0, 9.0, 11.0, 29.0, 31.0, 40.0, 39.0, 37.0, 20.0, 31.0, 27.0, 33.0, 11.0, 28.0, 40.0, 34.0, 28.0, 30.0, 23.0, 6.0, 6.0, 23.0, 2.0, 22.0]"
IS_I_C03_D06.jpg,"[9.0, 2.0, 36.0, 17.0, 1.0, 3.0, 0.0, 15.0, 0.0, 0.0, 3.0, 4.0, 7.0, 22.0, 4.0, 0.0, 3.0, 11.0, 2.0, 0.0, 14.0, 6.0, 13.0, 11.0, 0.0, 0.0, 0.0, 0.0, 2.0, 7.0]"
IS_I_C03_D07.jpg,"[9.0, 17.0, 33.0, 36.0, 4.0, 7.0, 25.0, 43.0, 20.0, 18.0, 25.0, 22.0, 43.0, 7.0, 40.0, 51.0, 21.0, 39.0, 25.0, 36.0, 25.0, 34.0, 43.0, 54.0, 8.0, 10.0, 10.0, 25.0, 3.0, 8.0]"
IS_I_C03_D08.jpg,"[50.0, 47.0, 67.0, 56.0, 38.0, 26.0, 69.0, 60.0, 54.0, 39.0, 22.0, 53.0, 42.0, 81.0, 15.0, 26.0, 48.0, 70.0, 23.0, 60.0, 52.0, 51.0, 82.0, 29.0, 44.0, 28.0, 4.0, 30.0, 28.0, 49.0]"
IS_I_C03_D09.jpg,"[79.0, 97.0, 58.0, 81.0, 86.0, 57.0, 91.0, 100.0, 91.0, 91.0, 79.0, 100.0, 99.0, 96.0, 93.0, 100.0, 93.0, 100.0, 81.0, 93.0, 89.0, 89.0, 97.0, 100.0, 98.0, 91.0, 100.0, 100.0, 69.0, 93.0]"
IS_I_C03_D11.jpg,"[68.0, 86.0, 73.0, 78.0, 70.0, 51.0, 81.0, 100.0, 71.0, 86.0, 56.0, 69.0, 82.0, 83.0, 80.0, 86.0, 69.0, 63.0, 53.0, 95.0, 72.0, 79.0, 82.0, 75.0, 76.0, 72.0, 52.0, 81.0, 36.0, 69.0]"
IS_I_C03_D12.jpg,"[0.0, 9.0, 44.0, 22.0, 0.0, 11.0, 4.0, 0.0, 0.0, 33.0, 6.0, 0.0, 25.0, 1.0, 0.0, 1.0, 8.0, 22.0, 5.0, 0.0, 23.0, 15.0, 18.0, 0.0, 13.0, 0.0, 18.0, 6.0, 0.0, 0.0]"
IS_I_C03_D13.jpg,"[80.0, 88.0, 60.0, 70.0, 83.0, 66.0, 84.0, 100.0, 93.0, 88.0, 91.0, 87.0, 92.0, 98.0, 95.0, 98.0, 82.0, 71.0, 74.0, 100.0, 81.0, 91.0, 100.0, 82.0, 82.0, 88.0, 97.0, 69.0, 67.0, 88.0]"
IS_I_C03_D14.jpg,"[55.0, 80.0, 58.0, 51.0, 79.0, 58.0, 79.0, 89.0, 45.0, 97.0, 66.0, 50.0, 84.0, 65.0, 70.0, 90.0, 67.0, 35.0, 53.0, 71.0, 67.0, 86.0, 85.0, 80.0, 71.0, 51.0, 32.0, 79.0, 44.0, 85.0]"
IS_I_C04_D01.jpg,"[21.0, 71.0, 79.0, 73.0, 100.0, 86.0, 42.0, 58.0, 85.0, 38.0, 62.0, 24.0, 46.0, 55.0, 53.0, 27.0, 46.0, 33.0, 40.0, 9.0, 44.0, 71.0, 97.0, 8.0, 33.0, 34.0, 12.0, 52.0, 49.0, 15.0]"
IS_I_C04_D02.jpg,"[82.0, 90.0, 100.0, 97.0, 65.0, 98.0, 100.0, 31.0, 47.0, 100.0, 45.0, 73.0, 86.0, 85.0, 84.0, 100.0, 98.0, 57.0, 59.0, 56.0, 60.0, 67.0, 94.0, 80.0, 74.0, 46.0, 76.0, 91.0, 68.0, 99.0]"
IS_I_C04_D03.jpg,"[29.0, 79.0, 93.0, 94.0, 26.0, 95.0, 85.0, 70.0, 91.0, 49.0, 52.0, 38.0, 100.0, 100.0, 90.0, 74.0, 88.0, 45.0, 70.0, 85.0, 49.0, 83.0, 100.0, 21.0, 92.0, 97.0, 73.0, 80.0, 97.0, 91.0]"
IS_I_C04_D04.jpg,"[30.0, 21.0, 73.0, 54.0, 0.0, 77.0, 20.0, 54.0, 65.0, 25.0, 41.0, 11.0, 81.0, 18.0, 48.0, 8.0, 32.0, 35.0, 53.0, 89.0, 24.0, 62.0, 88.0, 68.0, 29.0, 34.0, 51.0, 83.0, 47.0, 0.0]"
IS_I_C04_D05.jpg,"[32.0, 31.0, 69.0, 46.0, 45.0, 87.0, 51.0, 31.0, 44.0, 30.0, 55.0, 57.0, 36.0, 86.0, 60.0, 14.0, 69.0, 41.0, 50.0, 32.0, 31.0, 45.0, 97.0, 78.0, 34.0, 37.0, 49.0, 91.0, 40.0, 95.0]"
IS_I_C04_D06.jpg,"[7.0, 13.0, 48.0, 63.0, 7.0, 87.0, 8.0, 21.0, 11.0, 26.0, 29.0, 21.0, 30.0, 5.0, 42.0, 0.0, 19.0, 19.0, 24.0, 36.0, 22.0, 15.0, 85.0, 27.0, 23.0, 25.0, 44.0, 8.0, 26.0, 0.0]"
IS_I_C04_D07.jpg,"[15.0, 20.0, 73.0, 42.0, 42.0, 80.0, 29.0, 73.0, 51.0, 22.0, 22.0, 6.0, 47.0, 71.0, 68.0, 18.0, 32.0, 25.0, 76.0, 16.0, 18.0, 41.0, 85.0, 55.0, 52.0, 13.0, 48.0, 0.0, 47.0, 2.0]"
IS_I_C04_D08.jpg,"[67.0, 76.0, 91.0, 93.0, 7.0, 97.0, 44.0, 65.0, 89.0, 85.0, 75.0, 65.0, 82.0, 89.0, 94.0, 69.0, 61.0, 85.0, 53.0, 100.0, 99.0, 97.0, 88.0, 93.0, 78.0, 85.0, 80.0, 90.0, 92.0, 91.0]"
IS_I_C04_D09.jpg,"[63.0, 33.0, 58.0, 51.0, 74.0, 93.0, 61.0, 22.0, 69.0, 24.0, 24.0, 34.0, 50.0, 75.0, 68.0, 62.0, 76.0, 42.0, 31.0, 98.0, 9.0, 42.0, 94.0, 74.0, 69.0, 58.0, 44.0, 81.0, 73.0, 98.0]"
IS_I_C04_D10.jpg,"[84.0, 54.0, 86.0, 88.0, 88.0, 93.0, 85.0, 74.0, 79.0, 95.0, 97.0, 88.0, 97.0, 85.0, 92.0, 64.0, 80.0, 62.0, 85.0, 25.0, 56.0, 77.0, 94.0, 85.0, 48.0, 61.0, 91.0, 100.0, 95.0, 95.0]"
IS_I_C04_D11.jpg,"[98.0, 99.0, 91.0, 98.0, 96.0, 100.0, 96.0, 100.0, 100.0, 84.0, 96.0, 93.0, 88.0, 89.0, 100.0, 100.0, 99.0, 95.0, 91.0, 97.0, 74.0, 99.0, 100.0, 100.0, 98.0, 100.0, 99.0, 91.0, 88.0, 100.0]"
IS_I_C04_D12.jpg,"[56.0, 49.0, 100.0, 45.0, 50.0, 83.0, 17.0, 93.0, 38.0, 28.0, 54.0, 0.0, 48.0, 99.0, 76.0, 39.0, 52.0, 30.0, 85.0, 67.0, 80.0, 78.0, 82.0, 0.0, 42.0, 52.0, 35.0, 27.0, 49.0, 12.0]"
IS_I_C04_D14.jpg,"[31.0, 83.0, 97.0, 66.0, 62.0, 95.0, 72.0, 13.0, 79.0, 69.0, 35.0, 44.0, 56.0, 96.0, 65.0, 47.0, 82.0, 69.0, 85.0, 51.0, 66.0, 70.0, 100.0, 76.0, 84.0, 55.0, 37.0, 93.0, 47.0, 100.0]"
IS_I_C05_D01.jpg,"[34.0, 27.0, 69.0, 61.0, 24.0, 48.0, 56.0, 5.0, 67.0, 36.0, 49.0, 13.0, 30.0, 38.0, 0.0, 35.0, 4.0, 27.0, 79.0, 16.0, 33.0, 55.0, 91.0, 15.0, 35.0, 43.0, 39.0, 7.0, 28.0, 29.0]"
IS_I_C05_D02.jpg,"[35.0, 80.0, 52.0, 84.0, 82.0, 95.0, 100.0, 85.0, 51.0, 98.0, 68.0, 76.0, 99.0, 89.0, 40.0, 99.0, 78.0, 72.0, 84.0, 71.0, 64.0, 45.0, 94.0, 62.0, 40.0, 65.0, 63.0, 100.0, 75.0, 83.0]"
IS_I_C05_D03.jpg,"[45.0, 64.0, 73.0, 55.0, 100.0, 67.0, 63.0, 14.0, 76.0, 76.0, 48.0, 39.0, 55.0, 86.0, 50.0, 71.0, 11.0, 71.0, 50.0, 32.0, 44.0, 94.0, 94.0, 42.0, 55.0, 76.0, 38.0, 42.0, 84.0, 54.0]"
IS_I_C05_D04.jpg,"[0.0, 3.0, 65.0, 27.0, 0.0, 19.0, 0.0, 0.0, 9.0, 68.0, 38.0, 0.0, 54.0, 20.0, 9.0, 0.0, 6.0, 16.0, 61.0, 57.0, 7.0, 14.0, 76.0, 4.0, 19.0, 10.0, 35.0, 6.0, 32.0, 0.0]"
IS_I_C05_D05.jpg,"[51.0, 35.0, 46.0, 59.0, 80.0, 56.0, 50.0, 44.0, 46.0, 55.0, 41.0, 60.0, 88.0, 83.0, 56.0, 45.0, 88.0, 40.0, 52.0, 41.0, 38.0, 50.0, 94.0, 80.0, 35.0, 52.0, 51.0, 94.0, 66.0, 79.0]"
IS_I_C05_D06.jpg,"[29.0, 40.0, 91.0, 43.0, 16.0, 44.0, 22.0, 33.0, 22.0, 85.0, 47.0, 46.0, 67.0, 43.0, 30.0, 5.0, 29.0, 35.0, 25.0, 62.0, 43.0, 20.0, 91.0, 23.0, 25.0, 43.0, 51.0, 19.0, 71.0, 22.0]"
IS_I_C05_D07.jpg,"[20.0, 56.0, 58.0, 46.0, 10.0, 34.0, 52.0, 65.0, 25.0, 37.0, 24.0, 31.0, 95.0, 38.0, 60.0, 28.0, 5.0, 41.0, 26.0, 68.0, 71.0, 67.0, 91.0, 34.0, 15.0, 70.0, 51.0, 27.0, 55.0, 22.0]"
IS_I_C05_D08.jpg,"[46.0, 86.0, 62.0, 74.0, 95.0, 91.0, 73.0, 68.0, 61.0, 57.0, 100.0, 81.0, 87.0, 62.0, 79.0, 80.0, 78.0, 71.0, 74.0, 46.0, 61.0, 88.0, 94.0, 49.0, 91.0, 85.0, 53.0, 69.0, 85.0, 79.0]"
IS_I_C05_D09.jpg,"[44.0, 94.0, 85.0, 86.0, 99.0, 79.0, 58.0, 93.0, 58.0, 91.0, 55.0, 88.0, 97.0, 93.0, 95.0, 99.0, 65.0, 87.0, 84.0, 85.0, 80.0, 80.0, 94.0, 87.0, 86.0, 94.0, 43.0, 53.0, 84.0, 89.0]"
IS_I_C05_D10.jpg,"[22.0, 50.0, 75.0, 76.0, 84.0, 92.0, 64.0, 84.0, 72.0, 85.0, 36.0, 70.0, 89.0, 96.0, 85.0, 86.0, 56.0, 76.0, 52.0, 80.0, 51.0, 67.0, 94.0, 89.0, 83.0, 67.0, 36.0, 84.0, 68.0, 78.0]"
IS_I_C05_D11.jpg,"[90.0, 63.0, 69.0, 93.0, 65.0, 89.0, 94.0, 88.0, 37.0, 92.0, 47.0, 57.0, 15.0, 59.0, 75.0, 68.0, 99.0, 21.0, 85.0, 7.0, 16.0, 25.0, 97.0, 28.0, 60.0, 100.0, 82.0, 43.0, 97.0, 80.0]"
IS_I_C05_D12.jpg,"[12.0, 92.0, 79.0, 100.0, 22.0, 60.0, 11.0, 61.0, 80.0, 69.0, 57.0, 24.0, 34.0, 72.0, 41.0, 8.0, 22.0, 64.0, 61.0, 73.0, 88.0, 60.0, 88.0, 0.0, 47.0, 64.0, 52.0, 0.0, 47.0, 35.0]"
IS_I_C05_D13.jpg,"[86.0, 98.0, 95.0, 95.0, 96.0, 95.0, 37.0, 91.0, 82.0, 100.0, 73.0, 100.0, 100.0, 95.0, 100.0, 94.0, 83.0, 100.0, 80.0, 52.0, 93.0, 96.0, 100.0, 100.0, 100.0, 98.0, 74.0, 84.0, 95.0, 91.0]"
IS_I_C05_D14.jpg,"[61.0, 68.0, 73.0, 78.0, 86.0, 94.0, 75.0, 54.0, 55.0, 36.0, 67.0, 49.0, 95.0, 87.0, 65.0, 55.0, 69.0, 77.0, 59.0, 50.0, 49.0, 73.0, 94.0, 77.0, 65.0, 61.0, 48.0, 80.0, 77.0, 96.0]"
IS_I_C06_D01.jpg,"[27.0, 18.0, 48.0, 56.0, 21.0, 38.0, 40.0, 9.0, 29.0, 8.0, 37.0, 18.0, 31.0, 14.0, 0.0, 9.0, 5.0, 15.0, 22.0, 23.0, 10.0, 35.0, 82.0, 21.0, 18.0, 16.0, 24.0, 0.0, 24.0, 6.0]"
IS_I_C06_D03.jpg,"[20.0, 21.0, 83.0, 28.0, 71.0, 38.0, 42.0, 13.0, 18.0, 26.0, 40.0, 25.0, 21.0, 21.0, 4.0, 39.0, 20.0, 22.0, 27.0, 15.0, 26.0, 52.0, 85.0, 15.0, 23.0, 22.0, 27.0, 31.0, 53.0, 20.0]"
IS_I_C06_D04.jpg,"[0.0, 2.0, 45.0, 34.0, 0.0, 16.0, 33.0, 0.0, 8.0, 2.0, 43.0, 0.0, 58.0, 4.0, 23.0, 17.0, 8.0, 20.0, 21.0, 33.0, 5.0, 10.0, 53.0, 0.0, 2.0, 10.0, 19.0, 32.0, 18.0, 0.0]"
IS_I_C06_D05.jpg,"[12.0, 24.0, 72.0, 79.0, 81.0, 65.0, 59.0, 50.0, 24.0, 55.0, 59.0, 100.0, 57.0, 17.0, 40.0, 25.0, 10.0, 11.0, 42.0, 30.0, 30.0, 38.0, 97.0, 58.0, 55.0, 34.0, 30.0, 25.0, 75.0, 11.0]"
IS_I_C06_D06.jpg,"[71.0, 65.0, 90.0, 59.0, 100.0, 63.0, 75.0, 52.0, 96.0, 80.0, 100.0, 81.0, 92.0, 81.0, 82.0, 86.0, 71.0, 88.0, 90.0, 54.0, 81.0, 63.0, 91.0, 75.0, 40.0, 91.0, 89.0, 77.0, 87.0, 32.0]"
IS_I_C06_D07.jpg,"[17.0, 41.0, 70.0, 45.0, 13.0, 45.0, 22.0, 9.0, 51.0, 35.0, 73.0, 38.0, 71.0, 53.0, 51.0, 3.0, 53.0, 64.0, 44.0, 58.0, 56.0, 32.0, 91.0, 40.0, 9.0, 55.0, 49.0, 76.0, 80.0, 23.0]"
IS_I_C06_D08.jpg,"[74.0, 89.0, 93.0, 94.0, 74.0, 91.0, 86.0, 53.0, 74.0, 92.0, 92.0, 70.0, 94.0, 93.0, 95.0, 93.0, 71.0, 89.0, 85.0, 100.0, 59.0, 74.0, 94.0, 95.0, 91.0, 96.0, 72.0, 94.0, 96.0, 81.0]"
IS_I_C06_D09.jpg,"[80.0, 80.0, 97.0, 99.0, 99.0, 84.0, 100.0, 79.0, 90.0, 97.0, 96.0, 100.0, 96.0, 96.0, 90.0, 98.0, 80.0, 25.0, 92.0, 97.0, 72.0, 91.0, 100.0, 100.0, 96.0, 67.0, 62.0, 88.0, 78.0, 100.0]"
IS_I_C06_D10.jpg,"[67.0, 83.0, 62.0, 96.0, 87.0, 86.0, 92.0, 87.0, 99.0, 94.0, 92.0, 49.0, 96.0, 92.0, 100.0, 94.0, 98.0, 83.0, 73.0, 84.0, 79.0, 59.0, 97.0, 78.0, 71.0, 70.0, 51.0, 100.0, 73.0, 86.0]"
IS_I_C06_D11.jpg,"[87.0, 99.0, 94.0, 90.0, 95.0, 81.0, 58.0, 95.0, 100.0, 88.0, 56.0, 75.0, 84.0, 99.0, 90.0, 89.0, 98.0, 22.0, 57.0, 64.0, 50.0, 58.0, 94.0, 80.0, 87.0, 91.0, 82.0, 62.0, 51.0, 96.0]"
IS_I_C06_D12.jpg,"[49.0, 30.0, 89.0, 51.0, 33.0, 59.0, 57.0, 29.0, 42.0, 13.0, 29.0, 50.0, 44.0, 23.0, 30.0, 15.0, 31.0, 29.0, 28.0, 45.0, 42.0, 49.0, 85.0, 26.0, 34.0, 16.0, 36.0, 40.0, 56.0, 0.0]"
IS_I_C06_D13.jpg,"[54.0, 88.0, 100.0, 95.0, 96.0, 85.0, 45.0, 89.0, 63.0, 100.0, 71.0, 85.0, 56.0, 80.0, 80.0, 68.0, 74.0, 29.0, 59.0, 92.0, 66.0, 90.0, 94.0, 53.0, 82.0, 91.0, 83.0, 24.0, 76.0, 82.0]"
IS_I_C06_D14.jpg,"[20.0, 61.0, 76.0, 90.0, 84.0, 82.0, 75.0, 23.0, 42.0, 31.0, 50.0, 64.0, 53.0, 73.0, 59.0, 44.0, 47.0, 33.0, 46.0, 49.0, 40.0, 54.0, 91.0, 73.0, 68.0, 58.0, 49.0, 52.0, 38.0, 55.0]"
IS_VI_C01_D01.jpg,"[0.0, 0.0, 6.0, 17.0, 0.0, 6.0, 2.0, 0.0, 8.0, 5.0, 0.0, 4.0, 2.0, 68.0, 4.0, 9.0, 1.0, 0.0, 1.0, 0.0, 0.0, 4.0, 0.0, 0.0, 1.0, 0.0, 1.0, 19.0, 31.0, 8.0, 15.0, 0.0, 4.0, 0.0, 3.0]"
IS_VI_C01_D02.jpg,"[49.0, 69.0, 46.0, 75.0, 51.0, 48.0, 77.0, 95.0, 85.0, 59.0, 58.0, 81.0, 64.0, 67.0, 81.0, 89.0, 70.0, 54.0, 39.0, 77.0, 77.0, 85.0, 80.0, 72.0, 22.0, 66.0, 39.0, 36.0, 72.0, 51.0, 53.0, 58.0, 48.0, 100.0, 100.0]"
IS_VI_C01_D03.jpg,"[0.0, 1.0, 3.0, 9.0, 0.0, 3.0, 0.0, 0.0, 5.0, 25.0, 0.0, 1.0, 6.0, 14.0, 3.0, 12.0, 0.0, 0.0, 1.0, 1.0, 0.0, 7.0, 0.0, 0.0, 2.0, 0.0, 3.0, 1.0, 29.0, 0.0, 11.0, 0.0, 1.0, 0.0, 1.0]"
IS_VI_C01_D04.jpg,"[82.0, 93.0, 48.0, 81.0, 90.0, 82.0, 90.0, 96.0, 55.0, 80.0, 51.0, 81.0, 80.0, 93.0, 70.0, 53.0, 98.0, 99.0, 65.0, 58.0, 93.0, 95.0, 72.0, 79.0, 98.0, 59.0, 65.0, 95.0, 87.0, 74.0, 80.0, 97.0, 66.0, 83.0, 100.0]"
IS_VI_C01_D06.jpg,"[54.0, 91.0, 57.0, 69.0, 82.0, 68.0, 99.0, 86.0, 93.0, 57.0, 47.0, 85.0, 69.0, 59.0, 77.0, 52.0, 99.0, 64.0, 54.0, 82.0, 82.0, 73.0, 83.0, 78.0, 90.0, 79.0, 35.0, 80.0, 83.0, 71.0, 67.0, 49.0, 52.0, 98.0, 76.0]"
IS_VI_C01_D07.jpg,"[95.0, 100.0, 54.0, 72.0, 75.0, 98.0, 93.0, 82.0, 93.0, 62.0, 80.0, 95.0, 99.0, 62.0, 79.0, 62.0, 82.0, 74.0, 87.0, 77.0, 74.0, 89.0, 92.0, 78.0, 74.0, 74.0, 74.0, 78.0, 74.0, 94.0, 72.0, 73.0, 74.0, 49.0, 100.0]"
IS_VI_C01_D08.jpg,"[42.0, 70.0, 45.0, 49.0, 94.0, 69.0, 90.0, 48.0, 70.0, 4.0, 52.0, 93.0, 70.0, 38.0, 66.0, 75.0, 66.0, 56.0, 53.0, 59.0, 84.0, 94.0, 59.0, 22.0, 43.0, 70.0, 56.0, 45.0, 82.0, 80.0, 65.0, 73.0, 50.0, 34.0, 97.0]"
IS_VI_C01_D09.jpg,"[65.0, 74.0, 44.0, 65.0, 74.0, 68.0, 80.0, 45.0, 71.0, 59.0, 54.0, 55.0, 74.0, 34.0, 66.0, 38.0, 96.0, 70.0, 50.0, 65.0, 78.0, 76.0, 51.0, 28.0, 45.0, 46.0, 61.0, 66.0, 78.0, 61.0, 53.0, 67.0, 54.0, 93.0, 95.0]"
IS_VI_C01_D10.jpg,"[71.0, 75.0, 46.0, 59.0, 88.0, 87.0, 95.0, 61.0, 82.0, 71.0, 52.0, 69.0, 97.0, 93.0, 79.0, 62.0, 42.0, 69.0, 49.0, 54.0, 100.0, 79.0, 78.0, 36.0, 35.0, 76.0, 78.0, 87.0, 62.0, 94.0, 79.0, 90.0, 62.0, 95.0, 75.0]"
IS_VI_C01_D11.jpg,"[84.0, 35.0, 53.0, 78.0, 89.0, 73.0, 90.0, 89.0, 99.0, 97.0, 57.0, 91.0, 85.0, 89.0, 65.0, 42.0, 59.0, 91.0, 91.0, 68.0, 97.0, 84.0, 82.0, 100.0, 89.0, 92.0, 76.0, 93.0, 78.0, 78.0, 93.0, 91.0, 58.0, 98.0, 67.0]"
IS_VI_C01_D12.jpg,"[13.0, 15.0, 47.0, 60.0, 23.0, 48.0, 71.0, 70.0, 56.0, 54.0, 42.0, 28.0, 79.0, 65.0, 59.0, 35.0, 41.0, 41.0, 45.0, 68.0, 57.0, 31.0, 60.0, 29.0, 19.0, 60.0, 22.0, 57.0, 66.0, 64.0, 43.0, 47.0, 43.0, 50.0, 50.0]"
IS_VI_C01_D13.jpg,"[22.0, 50.0, 59.0, 67.0, 35.0, 41.0, 75.0, 78.0, 61.0, 29.0, 50.0, 33.0, 67.0, 65.0, 68.0, 65.0, 62.0, 27.0, 32.0, 19.0, 55.0, 41.0, 44.0, 31.0, 38.0, 49.0, 39.0, 71.0, 75.0, 42.0, 71.0, 48.0, 45.0, 83.0, 60.0]"
IS_VI_C01_D14.jpg,"[0.0, 0.0, 0.0, 0.0, 0.0, 0.0, 0.0, 0.0, 0.0, 97.0, 0.0, 0.0, 0.0, 0.0, 0.0, 0.0, 0.0, 0.0, 0.0, 0.0, 0.0, 0.0, 0.0, 0.0, 1.0, 0.0, 0.0, 0.0, 0.0, 0.0, 10.0, 0.0, 0.0, 0.0, 0.0]"
IS_VI_C02_D01.jpg,"[4.0, 10.0, 34.0, 37.0, 7.0, 21.0, 24.0, 18.0, 11.0, 33.0, 20.0, 6.0, 0.0, 32.0, 19.0, 7.0, 22.0, 0.0, 3.0, 1.0, 25.0, 0.0, 0.0, 0.0, 2.0, 0.0, 34.0, 19.0, 50.0, 30.0, 32.0, 11.0, 1.0, 0.0, 16.0]"
IS_VI_C02_D02.jpg,"[87.0, 82.0, 59.0, 66.0, 91.0, 81.0, 84.0, 94.0, 70.0, 48.0, 67.0, 42.0, 72.0, 76.0, 97.0, 60.0, 67.0, 73.0, 41.0, 68.0, 59.0, 97.0, 77.0, 58.0, 42.0, 52.0, 66.0, 79.0, 71.0, 97.0, 96.0, 88.0, 85.0, 97.0, 77.0]"
IS_VI_C02_D03.jpg,"[56.0, 56.0, 49.0, 38.0, 36.0, 56.0, 43.0, 37.0, 69.0, 49.0, 24.0, 9.0, 36.0, 67.0, 50.0, 29.0, 60.0, 52.0, 11.0, 50.0, 51.0, 81.0, 39.0, 23.0, 43.0, 32.0, 44.0, 33.0, 62.0, 63.0, 34.0, 69.0, 40.0, 44.0, 41.0]"
IS_VI_C02_D04.jpg,"[27.0, 68.0, 51.0, 91.0, 77.0, 52.0, 76.0, 62.0, 92.0, 51.0, 43.0, 37.0, 91.0, 92.0, 79.0, 79.0, 77.0, 92.0, 23.0, 72.0, 81.0, 29.0, 52.0, 33.0, 49.0, 94.0, 68.0, 76.0, 69.0, 95.0, 54.0, 51.0, 68.0, 77.0, 62.0]"
IS_VI_C02_D05.jpg,"[24.0, 29.0, 44.0, 65.0, 24.0, 51.0, 53.0, 72.0, 46.0, 49.0, 31.0, 28.0, 44.0, 68.0, 54.0, 30.0, 43.0, 64.0, 17.0, 42.0, 46.0, 40.0, 30.0, 19.0, 13.0, 23.0, 53.0, 16.0, 43.0, 42.0, 25.0, 49.0, 12.0, 34.0, 19.0]"
IS_VI_C02_D06.jpg,"[91.0, 79.0, 56.0, 61.0, 62.0, 94.0, 80.0, 94.0, 75.0, 80.0, 52.0, 85.0, 96.0, 73.0, 74.0, 66.0, 93.0, 99.0, 58.0, 76.0, 58.0, 85.0, 74.0, 85.0, 46.0, 91.0, 75.0, 92.0, 73.0, 94.0, 84.0, 86.0, 44.0, 55.0, 97.0]"
IS_VI_C02_D07.jpg,"[63.0, 88.0, 68.0, 56.0, 92.0, 74.0, 75.0, 97.0, 87.0, 55.0, 74.0, 57.0, 87.0, 40.0, 90.0, 94.0, 82.0, 64.0, 88.0, 82.0, 68.0, 49.0, 57.0, 81.0, 47.0, 85.0, 83.0, 84.0, 78.0, 93.0, 95.0, 96.0, 71.0, 63.0, 96.0]"
IS_VI_C02_D09.jpg,"[74.0, 71.0, 46.0, 78.0, 43.0, 52.0, 61.0, 62.0, 88.0, 65.0, 55.0, 47.0, 65.0, 87.0, 59.0, 53.0, 77.0, 78.0, 34.0, 50.0, 69.0, 85.0, 47.0, 43.0, 36.0, 62.0, 53.0, 44.0, 74.0, 59.0, 78.0, 75.0, 51.0, 89.0, 59.0]"
IS_VI_C02_D10.jpg,"[75.0, 79.0, 60.0, 52.0, 50.0, 69.0, 86.0, 91.0, 81.0, 59.0, 52.0, 42.0, 51.0, 97.0, 72.0, 55.0, 67.0, 54.0, 51.0, 58.0, 71.0, 92.0, 52.0, 58.0, 92.0, 79.0, 66.0, 53.0, 71.0, 62.0, 82.0, 83.0, 75.0, 75.0, 69.0]"
IS_VI_C02_D11.jpg,"[62.0, 50.0, 60.0, 72.0, 73.0, 70.0, 92.0, 83.0, 90.0, 65.0, 51.0, 29.0, 49.0, 93.0, 82.0, 63.0, 52.0, 86.0, 24.0, 61.0, 79.0, 95.0, 82.0, 61.0, 41.0, 83.0, 59.0, 57.0, 72.0, 76.0, 71.0, 56.0, 52.0, 94.0, 88.0]"
IS_VI_C02_D12.jpg,"[52.0, 62.0, 56.0, 49.0, 32.0, 68.0, 79.0, 80.0, 63.0, 55.0, 58.0, 37.0, 65.0, 42.0, 78.0, 76.0, 70.0, 81.0, 19.0, 39.0, 45.0, 34.0, 42.0, 49.0, 36.0, 72.0, 59.0, 54.0, 37.0, 95.0, 85.0, 74.0, 51.0, 31.0, 59.0]"
IS_VI_C02_D13.jpg,"[18.0, 51.0, 53.0, 63.0, 35.0, 36.0, 49.0, 63.0, 44.0, 29.0, 54.0, 45.0, 51.0, 75.0, 60.0, 31.0, 56.0, 47.0, 49.0, 47.0, 27.0, 24.0, 23.0, 39.0, 39.0, 50.0, 58.0, 60.0, 42.0, 89.0, 83.0, 63.0, 32.0, 51.0, 35.0]"
IS_VI_C02_D14.jpg,"[0.0, 4.0, 36.0, 25.0, 11.0, 7.0, 6.0, 18.0, 0.0, 37.0, 13.0, 5.0, 2.0, 91.0, 11.0, 14.0, 42.0, 25.0, 1.0, 1.0, 7.0, 3.0, 0.0, 20.0, 2.0, 0.0, 36.0, 6.0, 42.0, 0.0, 5.0, 25.0, 4.0, 0.0, 5.0]"
IS_VI_C03_D01.jpg,"[0.0, 0.0, 33.0, 14.0, 2.0, 20.0, 2.0, 0.0, 6.0, 3.0, 0.0, 0.0, 0.0, 18.0, 0.0, 1.0, 0.0, 44.0, 0.0, 6.0, 33.0, 11.0, 0.0, 0.0, 0.0, 0.0, 18.0, 7.0, 15.0, 22.0, 21.0, 0.0, 6.0, 2.0, 2.0]"
IS_VI_C03_D02.jpg,"[43.0, 35.0, 30.0, 55.0, 47.0, 55.0, 29.0, 53.0, 50.0, 16.0, 29.0, 45.0, 34.0, 22.0, 64.0, 56.0, 52.0, 69.0, 30.0, 5.0, 45.0, 40.0, 21.0, 40.0, 5.0, 26.0, 62.0, 70.0, 62.0, 62.0, 77.0, 51.0, 44.0, 45.0, 36.0]"
IS_VI_C03_D03.jpg,"[0.0, 0.0, 10.0, 12.0, 3.0, 6.0, 5.0, 1.0, 13.0, 8.0, 8.0, 1.0, 0.0, 15.0, 11.0, 8.0, 4.0, 29.0, 1.0, 2.0, 29.0, 14.0, 0.0, 0.0, 1.0, 0.0, 29.0, 11.0, 17.0, 25.0, 7.0, 13.0, 2.0, 29.0, 3.0]"
IS_VI_C03_D04.jpg,"[23.0, 81.0, 62.0, 59.0, 43.0, 87.0, 57.0, 60.0, 87.0, 41.0, 43.0, 68.0, 51.0, 43.0, 77.0, 47.0, 62.0, 70.0, 47.0, 45.0, 63.0, 39.0, 64.0, 41.0, 50.0, 62.0, 62.0, 84.0, 81.0, 71.0, 76.0, 61.0, 48.0, 92.0, 71.0]"
IS_VI_C03_D05.jpg,"[4.0, 32.0, 42.0, 38.0, 18.0, 26.0, 16.0, 7.0, 40.0, 17.0, 6.0, 10.0, 4.0, 29.0, 29.0, 28.0, 24.0, 32.0, 10.0, 18.0, 56.0, 22.0, 1.0, 1.0, 1.0, 13.0, 47.0, 34.0, 50.0, 40.0, 37.0, 4.0, 13.0, 34.0, 28.0]"
IS_VI_C03_D06.jpg,"[0.0, 38.0, 44.0, 32.0, 37.0, 52.0, 20.0, 24.0, 49.0, 28.0, 17.0, 38.0, 10.0, 46.0, 53.0, 44.0, 53.0, 3.0, 27.0, 29.0, 53.0, 25.0, 3.0, 21.0, 2.0, 34.0, 53.0, 48.0, 56.0, 18.0, 24.0, 44.0, 36.0, 42.0, 38.0]"
IS_VI_C03_D07.jpg,"[45.0, 94.0, 53.0, 58.0, 87.0, 97.0, 76.0, 76.0, 98.0, 39.0, 45.0, 87.0, 58.0, 37.0, 76.0, 51.0, 92.0, 49.0, 74.0, 61.0, 72.0, 64.0, 52.0, 70.0, 65.0, 63.0, 82.0, 88.0, 81.0, 73.0, 80.0, 76.0, 51.0, 88.0, 80.0]"
IS_VI_C03_D08.jpg,"[20.0, 77.0, 38.0, 49.0, 23.0, 41.0, 49.0, 60.0, 57.0, 12.0, 42.0, 46.0, 36.0, 39.0, 52.0, 47.0, 35.0, 62.0, 27.0, 45.0, 58.0, 39.0, 42.0, 23.0, 26.0, 30.0, 63.0, 68.0, 63.0, 31.0, 66.0, 45.0, 31.0, 56.0, 46.0]"
IS_VI_C03_D09.jpg,"[63.0, 92.0, 56.0, 47.0, 42.0, 53.0, 49.0, 40.0, 53.0, 16.0, 21.0, 63.0, 37.0, 43.0, 58.0, 61.0, 37.0, 48.0, 51.0, 36.0, 38.0, 69.0, 25.0, 19.0, 34.0, 31.0, 64.0, 71.0, 62.0, 51.0, 80.0, 49.0, 42.0, 97.0, 48.0]"
IS_VI_C03_D10.jpg,"[12.0, 72.0, 53.0, 51.0, 49.0, 81.0, 60.0, 55.0, 68.0, 11.0, 46.0, 90.0, 55.0, 45.0, 53.0, 58.0, 59.0, 64.0, 60.0, 52.0, 61.0, 43.0, 17.0, 57.0, 35.0, 58.0, 65.0, 73.0, 76.0, 62.0, 62.0, 63.0, 43.0, 75.0, 55.0]"
IS_VI_C03_D12.jpg,"[0.0, 41.0, 47.0, 45.0, 40.0, 37.0, 61.0, 21.0, 54.0, 36.0, 34.0, 43.0, 47.0, 31.0, 73.0, 33.0, 50.0, 38.0, 28.0, 40.0, 59.0, 34.0, 22.0, 23.0, 29.0, 49.0, 59.0, 57.0, 44.0, 51.0, 70.0, 42.0, 50.0, 40.0, 42.0]"
IS_VI_C03_D13.jpg,"[32.0, 75.0, 43.0, 39.0, 48.0, 57.0, 39.0, 47.0, 82.0, 33.0, 28.0, 50.0, 42.0, 39.0, 72.0, 39.0, 56.0, 49.0, 42.0, 35.0, 73.0, 35.0, 29.0, 41.0, 31.0, 22.0, 46.0, 44.0, 76.0, 46.0, 53.0, 44.0, 37.0, 66.0, 37.0]"
IS_VI_C03_D14.jpg,"[0.0, 2.0, 19.0, 27.0, 2.0, 15.0, 0.0, 0.0, 23.0, 6.0, 0.0, 0.0, 0.0, 39.0, 1.0, 8.0, 18.0, 0.0, 2.0, 3.0, 14.0, 14.0, 0.0, 0.0, 1.0, 0.0, 27.0, 18.0, 27.0, 22.0, 17.0, 0.0, 3.0, 4.0, 7.0]"
IS_VI_C06_D01.jpg,"[0.0, 3.0, 39.0, 23.0, 6.0, 27.0, 6.0, 28.0, 0.0, 57.0, 2.0, 12.0, 41.0, 28.0, 24.0, 18.0, 3.0, 22.0, 0.0, 64.0, 23.0, 32.0, 0.0, 18.0, 1.0, 39.0, 47.0, 11.0, 47.0, 32.0, 41.0, 13.0, 12.0, 0.0, 19.0]"
IS_VI_C06_D02.jpg,"[32.0, 89.0, 58.0, 51.0, 86.0, 46.0, 49.0, 96.0, 49.0, 18.0, 50.0, 83.0, 85.0, 55.0, 80.0, 74.0, 85.0, 56.0, 84.0, 95.0, 67.0, 100.0, 45.0, 100.0, 83.0, 78.0, 71.0, 48.0, 74.0, 51.0, 89.0, 61.0, 39.0, 100.0, 85.0]"
IS_VI_C06_D03.jpg,"[45.0, 26.0, 55.0, 54.0, 32.0, 38.0, 50.0, 33.0, 18.0, 42.0, 25.0, 11.0, 55.0, 28.0, 55.0, 37.0, 24.0, 42.0, 19.0, 85.0, 60.0, 36.0, 32.0, 37.0, 3.0, 75.0, 53.0, 23.0, 64.0, 47.0, 46.0, 22.0, 50.0, 35.0, 50.0]"
IS_VI_C06_D04.jpg,"[89.0, 72.0, 74.0, 92.0, 52.0, 97.0, 97.0, 84.0, 67.0, 66.0, 64.0, 80.0, 93.0, 63.0, 84.0, 53.0, 92.0, 87.0, 22.0, 92.0, 90.0, 98.0, 43.0, 66.0, 70.0, 94.0, 82.0, 82.0, 70.0, 52.0, 83.0, 87.0, 95.0, 99.0, 99.0]"
IS_VI_C06_D05.jpg,"[86.0, 62.0, 68.0, 76.0, 42.0, 72.0, 100.0, 77.0, 67.0, 49.0, 49.0, 35.0, 73.0, 72.0, 78.0, 33.0, 19.0, 29.0, 32.0, 95.0, 78.0, 90.0, 22.0, 58.0, 52.0, 95.0, 76.0, 85.0, 71.0, 70.0, 59.0, 47.0, 48.0, 44.0, 75.0]"
IS_VI_C06_D06.jpg,"[93.0, 91.0, 81.0, 78.0, 40.0, 82.0, 100.0, 87.0, 65.0, 71.0, 71.0, 97.0, 95.0, 84.0, 83.0, 71.0, 32.0, 74.0, 79.0, 97.0, 75.0, 76.0, 74.0, 94.0, 52.0, 94.0, 78.0, 54.0, 84.0, 97.0, 95.0, 58.0, 63.0, 97.0, 95.0]"
IS_VI_C06_D07.jpg,"[86.0, 93.0, 81.0, 90.0, 98.0, 98.0, 90.0, 85.0, 87.0, 66.0, 51.0, 69.0, 94.0, 94.0, 86.0, 70.0, 86.0, 37.0, 97.0, 97.0, 66.0, 95.0, 84.0, 100.0, 98.0, 93.0, 78.0, 94.0, 77.0, 97.0, 92.0, 78.0, 89.0, 98.0, 99.0]"
IS_VI_C06_D08.jpg,"[95.0, 79.0, 86.0, 60.0, 93.0, 90.0, 87.0, 86.0, 87.0, 76.0, 80.0, 69.0, 98.0, 93.0, 93.0, 72.0, 98.0, 99.0, 72.0, 94.0, 95.0, 92.0, 79.0, 94.0, 72.0, 100.0, 70.0, 63.0, 90.0, 49.0, 97.0, 51.0, 82.0, 99.0, 98.0]"
IS_VI_C06_D09.jpg,"[64.0, 89.0, 44.0, 49.0, 87.0, 68.0, 55.0, 77.0, 57.0, 19.0, 51.0, 58.0, 55.0, 80.0, 81.0, 59.0, 49.0, 47.0, 71.0, 91.0, 77.0, 91.0, 77.0, 50.0, 56.0, 80.0, 59.0, 33.0, 74.0, 94.0, 60.0, 33.0, 47.0, 44.0, 51.0]"
IS_VI_C06_D10.jpg,"[98.0, 88.0, 83.0, 68.0, 99.0, 99.0, 91.0, 95.0, 96.0, 79.0, 88.0, 96.0, 100.0, 94.0, 91.0, 79.0, 99.0, 72.0, 86.0, 96.0, 84.0, 99.0, 83.0, 81.0, 84.0, 99.0, 87.0, 91.0, 87.0, 76.0, 79.0, 94.0, 99.0, 93.0, 98.0]"
IS_VI_C06_D11.jpg,"[95.0, 74.0, 71.0, 70.0, 74.0, 91.0, 93.0, 89.0, 71.0, 35.0, 51.0, 62.0, 96.0, 83.0, 82.0, 63.0, 85.0, 83.0, 59.0, 97.0, 88.0, 96.0, 57.0, 54.0, 65.0, 87.0, 65.0, 68.0, 66.0, 68.0, 79.0, 61.0, 75.0, 75.0, 93.0]"
IS_VI_C06_D12.jpg,"[96.0, 47.0, 71.0, 93.0, 97.0, 71.0, 97.0, 95.0, 95.0, 35.0, 70.0, 87.0, 99.0, 88.0, 70.0, 52.0, 100.0, 70.0, 45.0, 97.0, 66.0, 97.0, 78.0, 100.0, 71.0, 93.0, 71.0, 77.0, 83.0, 54.0, 97.0, 76.0, 88.0, 99.0, 86.0]"
IS_VI_C06_D13.jpg,"[83.0, 85.0, 69.0, 59.0, 93.0, 94.0, 98.0, 93.0, 97.0, 38.0, 90.0, 61.0, 94.0, 80.0, 84.0, 84.0, 67.0, 88.0, 45.0, 96.0, 100.0, 83.0, 75.0, 83.0, 95.0, 95.0, 75.0, 59.0, 67.0, 95.0, 77.0, 88.0, 44.0, 25.0, 87.0]"
IS_VI_C07_D01.jpg,"[9.0, 0.0, 33.0, 20.0, 7.0, 15.0, 3.0, 19.0, 0.0, 6.0, 27.0, 0.0, 3.0, 7.0, 5.0, 11.0, 0.0, 9.0, 0.0, 1.0, 2.0, 8.0, 0.0, 14.0, 1.0, 0.0, 17.0, 3.0, 10.0, 0.0, 5.0, 0.0, 10.0, 5.0, 11.0]"
IS_VI_C07_D02.jpg,"[49.0, 62.0, 53.0, 53.0, 54.0, 42.0, 49.0, 44.0, 46.0, 44.0, 40.0, 33.0, 32.0, 76.0, 75.0, 44.0, 40.0, 42.0, 30.0, 22.0, 44.0, 81.0, 37.0, 27.0, 11.0, 28.0, 42.0, 32.0, 68.0, 65.0, 41.0, 38.0, 43.0, 69.0, 50.0]"
IS_VI_C07_D03.jpg,"[0.0, 0.0, 26.0, 8.0, 0.0, 21.0, 2.0, 5.0, 0.0, 27.0, 6.0, 0.0, 1.0, 13.0, 10.0, 6.0, 14.0, 0.0, 0.0, 3.0, 0.0, 15.0, 0.0, 10.0, 1.0, 0.0, 37.0, 12.0, 15.0, 34.0, 24.0, 0.0, 15.0, 0.0, 6.0]"
IS_VI_C07_D04.jpg,"[28.0, 62.0, 43.0, 52.0, 47.0, 68.0, 68.0, 81.0, 86.0, 47.0, 50.0, 33.0, 48.0, 65.0, 71.0, 51.0, 94.0, 69.0, 37.0, 61.0, 93.0, 46.0, 51.0, 48.0, 18.0, 83.0, 70.0, 69.0, 76.0, 91.0, 76.0, 33.0, 51.0, 59.0, 75.0]"
IS_VI_C07_D05.jpg,"[34.0, 53.0, 41.0, 39.0, 59.0, 62.0, 46.0, 81.0, 24.0, 53.0, 29.0, 29.0, 63.0, 89.0, 54.0, 52.0, 54.0, 41.0, 25.0, 32.0, 50.0, 33.0, 33.0, 29.0, 12.0, 31.0, 67.0, 80.0, 39.0, 86.0, 82.0, 49.0, 48.0, 31.0, 58.0]"
IS_VI_C07_D06.jpg,"[79.0, 64.0, 61.0, 55.0, 74.0, 43.0, 88.0, 51.0, 86.0, 58.0, 67.0, 21.0, 46.0, 88.0, 57.0, 39.0, 74.0, 42.0, 63.0, 70.0, 53.0, 49.0, 59.0, 42.0, 18.0, 67.0, 58.0, 83.0, 69.0, 50.0, 39.0, 43.0, 49.0, 79.0, 84.0]"
IS_VI_C07_D07.jpg,"[90.0, 95.0, 64.0, 71.0, 72.0, 90.0, 99.0, 87.0, 83.0, 61.0, 62.0, 52.0, 99.0, 94.0, 84.0, 82.0, 92.0, 73.0, 71.0, 73.0, 85.0, 79.0, 77.0, 63.0, 85.0, 69.0, 84.0, 84.0, 85.0, 91.0, 77.0, 84.0, 59.0, 94.0, 96.0]"
IS_VI_C07_D08.jpg,"[62.0, 35.0, 55.0, 55.0, 63.0, 74.0, 75.0, 79.0, 86.0, 55.0, 50.0, 40.0, 77.0, 92.0, 68.0, 23.0, 53.0, 73.0, 34.0, 66.0, 97.0, 33.0, 40.0, 47.0, 55.0, 52.0, 61.0, 49.0, 68.0, 89.0, 74.0, 52.0, 39.0, 72.0, 90.0]"
IS_VI_C07_D09.jpg,"[46.0, 70.0, 47.0, 58.0, 39.0, 72.0, 63.0, 58.0, 76.0, 30.0, 56.0, 47.0, 50.0, 44.0, 65.0, 26.0, 57.0, 3.0, 14.0, 37.0, 87.0, 41.0, 37.0, 23.0, 17.0, 52.0, 57.0, 42.0, 55.0, 45.0, 45.0, 36.0, 49.0, 58.0, 69.0]"
IS_VI_C07_D10.jpg,"[77.0, 77.0, 59.0, 52.0, 84.0, 79.0, 98.0, 83.0, 93.0, 71.0, 47.0, 71.0, 96.0, 38.0, 55.0, 79.0, 91.0, 80.0, 38.0, 89.0, 84.0, 66.0, 71.0, 54.0, 66.0, 77.0, 65.0, 82.0, 76.0, 84.0, 81.0, 79.0, 54.0, 77.0, 97.0]"
IS_VI_C07_D11.jpg,"[53.0, 74.0, 56.0, 56.0, 66.0, 57.0, 65.0, 90.0, 99.0, 26.0, 51.0, 68.0, 82.0, 74.0, 55.0, 32.0, 59.0, 56.0, 22.0, 52.0, 86.0, 47.0, 50.0, 49.0, 18.0, 96.0, 56.0, 54.0, 67.0, 67.0, 31.0, 45.0, 37.0, 91.0, 58.0]"
IS_VI_C07_D12.jpg,"[69.0, 72.0, 68.0, 52.0, 58.0, 67.0, 75.0, 83.0, 82.0, 37.0, 55.0, 68.0, 57.0, 60.0, 75.0, 42.0, 86.0, 56.0, 29.0, 66.0, 85.0, 63.0, 60.0, 37.0, 50.0, 86.0, 65.0, 62.0, 89.0, 85.0, 64.0, 81.0, 55.0, 98.0, 89.0]"
IS_VI_C07_D13.jpg,"[63.0, 84.0, 57.0, 52.0, 49.0, 85.0, 81.0, 90.0, 86.0, 44.0, 48.0, 45.0, 46.0, 41.0, 87.0, 72.0, 75.0, 56.0, 16.0, 82.0, 72.0, 44.0, 66.0, 50.0, 24.0, 85.0, 61.0, 73.0, 72.0, 57.0, 74.0, 47.0, 52.0, 71.0, 91.0]"
IS_VI_C07_D14.jpg,"[41.0, 17.0, 44.0, 44.0, 36.0, 41.0, 41.0, 27.0, 25.0, 27.0, 26.0, 8.0, 33.0, 39.0, 46.0, 39.0, 18.0, 0.0, 4.0, 6.0, 52.0, 36.0, 18.0, 21.0, 13.0, 14.0, 48.0, 27.0, 67.0, 40.0, 17.0, 15.0, 32.0, 30.0, 38.0]"
IS_VI_C08_D01.jpg,"[26.0, 27.0, 28.0, 9.0, 29.0, 19.0, 28.0, 29.0, 22.0, 31.0, 36.0, 0.0, 15.0, 13.0, 32.0, 9.0, 41.0, 48.0, 1.0, 62.0, 40.0, 16.0, 42.0, 9.0, 2.0, 28.0, 27.0, 22.0, 60.0, 9.0, 37.0, 41.0, 32.0, 29.0, 26.0]"
IS_VI_C08_D02.jpg,"[82.0, 70.0, 61.0, 43.0, 91.0, 57.0, 49.0, 78.0, 70.0, 32.0, 55.0, 41.0, 72.0, 81.0, 79.0, 67.0, 91.0, 45.0, 38.0, 92.0, 86.0, 97.0, 57.0, 47.0, 83.0, 93.0, 39.0, 81.0, 75.0, 52.0, 76.0, 86.0, 46.0, 96.0, 73.0]"
IS_VI_C08_D04.jpg,"[65.0, 63.0, 52.0, 50.0, 75.0, 67.0, 70.0, 53.0, 79.0, 71.0, 53.0, 78.0, 50.0, 89.0, 75.0, 49.0, 97.0, 86.0, 78.0, 87.0, 64.0, 75.0, 85.0, 57.0, 96.0, 84.0, 76.0, 84.0, 89.0, 79.0, 76.0, 80.0, 42.0, 57.0, 92.0]"
IS_VI_C08_D05.jpg,"[50.0, 44.0, 54.0, 64.0, 56.0, 37.0, 61.0, 19.0, 54.0, 24.0, 33.0, 27.0, 78.0, 31.0, 77.0, 65.0, 61.0, 63.0, 22.0, 91.0, 48.0, 41.0, 38.0, 32.0, 80.0, 74.0, 38.0, 74.0, 66.0, 42.0, 82.0, 54.0, 56.0, 84.0, 41.0]"
IS_VI_C08_D06.jpg,"[71.0, 75.0, 63.0, 57.0, 92.0, 54.0, 96.0, 72.0, 68.0, 57.0, 47.0, 82.0, 50.0, 90.0, 78.0, 81.0, 52.0, 63.0, 55.0, 97.0, 84.0, 83.0, 76.0, 58.0, 50.0, 96.0, 53.0, 54.0, 73.0, 51.0, 81.0, 64.0, 35.0, 71.0, 44.0]"
IS_VI_C08_D07.jpg,"[77.0, 65.0, 67.0, 52.0, 97.0, 97.0, 77.0, 97.0, 89.0, 48.0, 43.0, 83.0, 99.0, 82.0, 74.0, 87.0, 88.0, 99.0, 88.0, 96.0, 82.0, 83.0, 94.0, 100.0, 71.0, 92.0, 66.0, 66.0, 75.0, 65.0, 96.0, 75.0, 73.0, 92.0, 98.0]"
IS_VI_C08_D08.jpg,"[82.0, 83.0, 65.0, 63.0, 56.0, 81.0, 80.0, 71.0, 96.0, 69.0, 52.0, 90.0, 94.0, 69.0, 83.0, 64.0, 85.0, 81.0, 96.0, 98.0, 62.0, 82.0, 89.0, 75.0, 94.0, 78.0, 56.0, 91.0, 85.0, 93.0, 88.0, 76.0, 51.0, 82.0, 100.0]"
IS_VI_C08_D09.jpg,"[39.0, 38.0, 48.0, 55.0, 65.0, 30.0, 35.0, 33.0, 78.0, 21.0, 48.0, 12.0, 49.0, 25.0, 50.0, 23.0, 45.0, 61.0, 16.0, 70.0, 55.0, 36.0, 5.0, 37.0, 56.0, 26.0, 33.0, 76.0, 66.0, 42.0, 58.0, 58.0, 44.0, 55.0, 25.0]"
IS_VI_C08_D10.jpg,"[75.0, 81.0, 66.0, 53.0, 90.0, 61.0, 89.0, 85.0, 89.0, 69.0, 67.0, 69.0, 66.0, 76.0, 84.0, 64.0, 92.0, 66.0, 100.0, 90.0, 81.0, 98.0, 89.0, 91.0, 95.0, 81.0, 58.0, 96.0, 79.0, 98.0, 89.0, 85.0, 53.0, 70.0, 100.0]"
IS_VI_C08_D11.jpg,"[56.0, 65.0, 55.0, 45.0, 49.0, 62.0, 60.0, 76.0, 57.0, 62.0, 29.0, 38.0, 66.0, 35.0, 79.0, 51.0, 54.0, 57.0, 10.0, 92.0, 61.0, 35.0, 71.0, 32.0, 28.0, 72.0, 49.0, 37.0, 78.0, 61.0, 52.0, 71.0, 35.0, 43.0, 56.0]"
IS_VI_C08_D12.jpg,"[95.0, 96.0, 71.0, 59.0, 99.0, 89.0, 70.0, 95.0, 77.0, 65.0, 50.0, 90.0, 98.0, 89.0, 82.0, 76.0, 73.0, 74.0, 38.0, 94.0, 95.0, 98.0, 64.0, 96.0, 97.0, 86.0, 58.0, 74.0, 92.0, 98.0, 99.0, 96.0, 59.0, 100.0, 75.0]"
IS_VI_C08_D13.jpg,"[75.0, 67.0, 47.0, 44.0, 42.0, 50.0, 91.0, 85.0, 77.0, 56.0, 66.0, 40.0, 52.0, 85.0, 73.0, 38.0, 41.0, 74.0, 45.0, 95.0, 62.0, 70.0, 78.0, 29.0, 84.0, 63.0, 52.0, 59.0, 82.0, 49.0, 82.0, 87.0, 52.0, 72.0, 78.0]"
IS_VI_C08_D14.jpg,"[22.0, 15.0, 42.0, 29.0, 33.0, 42.0, 5.0, 34.0, 3.0, 12.0, 16.0, 4.0, 3.0, 21.0, 38.0, 31.0, 12.0, 36.0, 1.0, 76.0, 55.0, 23.0, 8.0, 0.0, 6.0, 26.0, 48.0, 9.0, 41.0, 20.0, 16.0, 2.0, 42.0, 39.0, 10.0]"
IS_V_C01_D01.jpg,"[70.0, 65.0, 51.0, 24.0, 40.0, 39.0, 32.0, 43.0, 33.0, 76.0, 50.0, 42.0, 54.0, 48.0, 61.0, 65.0, 50.0, 51.0, 31.0, 38.0, 57.0, 27.0, 55.0, 55.0, 57.0, 57.0, 44.0, 80.0, 58.0, 51.0, 45.0, 50.0, 37.0, 60.0]"
IS_V_C01_D02.jpg,"[96.0, 99.0, 94.0, 96.0, 97.0, 98.0, 93.0, 100.0, 99.0, 100.0, 100.0, 100.0, 90.0, 89.0, 100.0, 88.0, 84.0, 80.0, 100.0, 98.0, 92.0, 100.0, 100.0, 96.0, 100.0, 89.0, 95.0, 100.0, 100.0, 100.0, 100.0, 100.0, 93.0, 100.0]"
IS_V_C01_D03.jpg,"[90.0, 92.0, 98.0, 99.0, 77.0, 100.0, 66.0, 90.0, 97.0, 97.0, 87.0, 85.0, 100.0, 96.0, 84.0, 96.0, 58.0, 85.0, 100.0, 81.0, 91.0, 90.0, 87.0, 77.0, 77.0, 88.0, 84.0, 94.0, 86.0, 84.0, 74.0, 92.0, 100.0, 89.0]"
IS_V_C01_D04.jpg,"[76.0, 52.0, 45.0, 21.0, 31.0, 57.0, 15.0, 53.0, 40.0, 69.0, 60.0, 45.0, 60.0, 64.0, 42.0, 39.0, 37.0, 40.0, 43.0, 22.0, 51.0, 59.0, 50.0, 46.0, 17.0, 60.0, 47.0, 49.0, 49.0, 44.0, 34.0, 52.0, 55.0, 50.0]"
IS_V_C01_D05.jpg,"[6.0, 0.0, 2.0, 4.0, 0.0, 0.0, 9.0, 0.0, 4.0, 11.0, 2.0, 3.0, 0.0, 0.0, 0.0, 0.0, 7.0, 10.0, 0.0, 1.0, 2.0, 4.0, 4.0, 0.0, 2.0, 21.0, 3.0, 0.0, 0.0, 0.0, 0.0, 8.0, 0.0, 0.0]"
IS_V_C01_D07.jpg,"[92.0, 77.0, 79.0, 83.0, 65.0, 94.0, 66.0, 93.0, 62.0, 92.0, 81.0, 70.0, 91.0, 51.0, 50.0, 96.0, 57.0, 68.0, 87.0, 53.0, 72.0, 81.0, 84.0, 67.0, 64.0, 84.0, 80.0, 83.0, 67.0, 64.0, 61.0, 51.0, 66.0, 91.0]"
IS_V_C01_D08.jpg,"[23.0, 29.0, 9.0, 9.0, 16.0, 19.0, 19.0, 17.0, 6.0, 15.0, 15.0, 14.0, 25.0, 13.0, 19.0, 2.0, 9.0, 16.0, 2.0, 11.0, 9.0, 11.0, 3.0, 16.0, 6.0, 33.0, 6.0, 9.0, 13.0, 20.0, 24.0, 8.0, 19.0, 24.0]"
IS_V_C01_D09.jpg,"[88.0, 96.0, 100.0, 91.0, 83.0, 94.0, 72.0, 94.0, 99.0, 94.0, 93.0, 91.0, 97.0, 100.0, 84.0, 84.0, 77.0, 100.0, 100.0, 89.0, 87.0, 94.0, 97.0, 86.0, 89.0, 87.0, 99.0, 98.0, 92.0, 83.0, 90.0, 94.0, 82.0, 78.0]"
IS_V_C01_D10.jpg,"[10.0, 16.0, 6.0, 0.0, 7.0, 1.0, 13.0, 3.0, 8.0, 0.0, 0.0, 0.0, 7.0, 1.0, 0.0, 10.0, 9.0, 0.0, 0.0, 2.0, 0.0, 0.0, 0.0, 0.0, 0.0, 10.0, 0.0, 2.0, 0.0, 6.0, 12.0, 2.0, 10.0, 0.0]"
IS_V_C01_D11.jpg,"[77.0, 48.0, 40.0, 15.0, 22.0, 55.0, 59.0, 50.0, 59.0, 58.0, 40.0, 38.0, 42.0, 45.0, 54.0, 62.0, 32.0, 50.0, 18.0, 29.0, 38.0, 63.0, 37.0, 46.0, 37.0, 63.0, 43.0, 85.0, 43.0, 26.0, 44.0, 39.0, 44.0, 51.0]"
IS_V_C01_D12.jpg,"[25.0, 49.0, 23.0, 14.0, 0.0, 3.0, 13.0, 10.0, 23.0, 28.0, 9.0, 21.0, 36.0, 15.0, 25.0, 19.0, 39.0, 22.0, 4.0, 17.0, 14.0, 7.0, 8.0, 9.0, 16.0, 38.0, 11.0, 20.0, 8.0, 9.0, 14.0, 49.0, 26.0, 42.0]"
IS_V_C02_D01.jpg,"[51.0, 76.0, 58.0, 24.0, 53.0, 49.0, 64.0, 40.0, 56.0, 54.0, 42.0, 12.0, 30.0, 51.0, 43.0, 71.0, 50.0, 50.0, 46.0, 35.0, 43.0, 37.0, 42.0, 73.0, 64.0, 75.0, 44.0, 86.0, 46.0, 21.0, 71.0, 50.0, 53.0, 78.0]"
IS_V_C02_D02.jpg,"[99.0, 95.0, 99.0, 93.0, 77.0, 100.0, 99.0, 81.0, 100.0, 94.0, 100.0, 100.0, 97.0, 100.0, 97.0, 88.0, 98.0, 93.0, 99.0, 99.0, 100.0, 94.0, 100.0, 94.0, 100.0, 99.0, 97.0, 100.0, 100.0, 100.0, 100.0, 100.0, 91.0, 100.0]"
IS_V_C02_D03.jpg,"[81.0, 100.0, 98.0, 75.0, 96.0, 88.0, 84.0, 99.0, 90.0, 100.0, 90.0, 91.0, 89.0, 77.0, 100.0, 94.0, 86.0, 87.0, 100.0, 82.0, 92.0, 100.0, 82.0, 91.0, 80.0, 88.0, 97.0, 92.0, 90.0, 92.0, 86.0, 85.0, 100.0, 92.0]"
IS_V_C02_D04.jpg,"[62.0, 0.0, 36.0, 10.0, 13.0, 25.0, 26.0, 0.0, 43.0, 29.0, 54.0, 20.0, 35.0, 19.0, 40.0, 47.0, 20.0, 12.0, 4.0, 23.0, 34.0, 0.0, 7.0, 41.0, 55.0, 59.0, 12.0, 38.0, 2.0, 12.0, 39.0, 44.0, 11.0, 39.0]"
IS_V_C02_D05.jpg,"[8.0, 0.0, 3.0, 4.0, 5.0, 0.0, 25.0, 18.0, 43.0, 10.0, 0.0, 0.0, 26.0, 0.0, 11.0, 40.0, 12.0, 26.0, 0.0, 6.0, 0.0, 3.0, 0.0, 17.0, 11.0, 50.0, 16.0, 46.0, 0.0, 5.0, 0.0, 40.0, 0.0, 21.0]"
IS_V_C02_D06.jpg,"[60.0, 20.0, 32.0, 8.0, 45.0, 37.0, 35.0, 55.0, 43.0, 17.0, 29.0, 50.0, 39.0, 12.0, 50.0, 68.0, 23.0, 31.0, 45.0, 12.0, 39.0, 29.0, 22.0, 74.0, 27.0, 57.0, 25.0, 58.0, 16.0, 15.0, 41.0, 49.0, 37.0, 46.0]"
IS_V_C02_D07.jpg,"[59.0, 72.0, 54.0, 15.0, 56.0, 12.0, 59.0, 61.0, 84.0, 92.0, 61.0, 74.0, 89.0, 76.0, 82.0, 73.0, 47.0, 42.0, 79.0, 72.0, 65.0, 68.0, 67.0, 78.0, 73.0, 74.0, 50.0, 82.0, 50.0, 58.0, 66.0, 64.0, 62.0, 89.0]"
IS_V_C02_D08.jpg,"[48.0, 76.0, 19.0, 15.0, 49.0, 43.0, 44.0, 64.0, 60.0, 52.0, 9.0, 30.0, 49.0, 47.0, 73.0, 71.0, 60.0, 62.0, 73.0, 49.0, 59.0, 50.0, 55.0, 82.0, 43.0, 62.0, 14.0, 73.0, 35.0, 35.0, 50.0, 68.0, 27.0, 40.0]"
IS_V_C02_D09.jpg,"[80.0, 92.0, 81.0, 71.0, 83.0, 98.0, 68.0, 99.0, 81.0, 92.0, 84.0, 90.0, 98.0, 60.0, 94.0, 96.0, 85.0, 80.0, 97.0, 87.0, 96.0, 75.0, 92.0, 100.0, 86.0, 93.0, 97.0, 90.0, 55.0, 90.0, 79.0, 77.0, 81.0, 93.0]"
IS_V_C02_D10.jpg,"[17.0, 62.0, 10.0, 22.0, 41.0, 25.0, 39.0, 31.0, 55.0, 20.0, 12.0, 22.0, 29.0, 20.0, 26.0, 43.0, 43.0, 27.0, 12.0, 13.0, 38.0, 10.0, 14.0, 68.0, 0.0, 66.0, 15.0, 65.0, 9.0, 21.0, 18.0, 50.0, 18.0, 51.0]"
IS_V_C02_D12.jpg,"[50.0, 50.0, 43.0, 19.0, 61.0, 58.0, 41.0, 82.0, 50.0, 43.0, 58.0, 57.0, 74.0, 88.0, 87.0, 90.0, 63.0, 66.0, 52.0, 73.0, 63.0, 54.0, 58.0, 89.0, 50.0, 77.0, 44.0, 96.0, 67.0, 66.0, 75.0, 57.0, 72.0, 84.0]"
IS_V_C03_D01.jpg,"[65.0, 58.0, 28.0, 19.0, 49.0, 59.0, 61.0, 37.0, 31.0, 45.0, 59.0, 37.0, 49.0, 46.0, 54.0, 59.0, 65.0, 23.0, 51.0, 50.0, 39.0, 59.0, 63.0, 57.0, 50.0, 52.0, 17.0, 55.0, 40.0, 58.0, 31.0, 39.0, 52.0, 57.0]"
IS_V_C03_D02.jpg,"[95.0, 97.0, 98.0, 95.0, 76.0, 100.0, 97.0, 88.0, 100.0, 97.0, 100.0, 84.0, 86.0, 93.0, 100.0, 98.0, 100.0, 95.0, 98.0, 90.0, 100.0, 100.0, 80.0, 76.0, 100.0, 88.0, 96.0, 100.0, 100.0, 100.0, 99.0, 90.0, 93.0, 100.0]"
IS_V_C03_D03.jpg,"[92.0, 93.0, 84.0, 99.0, 88.0, 81.0, 68.0, 100.0, 85.0, 97.0, 95.0, 89.0, 95.0, 93.0, 95.0, 99.0, 86.0, 89.0, 98.0, 76.0, 94.0, 92.0, 91.0, 86.0, 86.0, 83.0, 96.0, 95.0, 76.0, 91.0, 73.0, 72.0, 100.0, 94.0]"
IS_V_C03_D04.jpg,"[47.0, 37.0, 26.0, 14.0, 27.0, 34.0, 44.0, 36.0, 20.0, 28.0, 38.0, 22.0, 43.0, 18.0, 41.0, 58.0, 18.0, 54.0, 27.0, 31.0, 18.0, 30.0, 42.0, 44.0, 21.0, 55.0, 3.0, 37.0, 31.0, 38.0, 46.0, 40.0, 58.0, 51.0]"
IS_V_C03_D05.jpg,"[34.0, 10.0, 6.0, 5.0, 15.0, 0.0, 14.0, 8.0, 11.0, 12.0, 4.0, 16.0, 18.0, 1.0, 8.0, 16.0, 13.0, 0.0, 3.0, 5.0, 7.0, 10.0, 5.0, 6.0, 19.0, 57.0, 2.0, 20.0, 29.0, 3.0, 0.0, 2.0, 19.0, 7.0]"
IS_V_C03_D06.jpg,"[44.0, 43.0, 21.0, 11.0, 41.0, 43.0, 22.0, 22.0, 27.0, 50.0, 50.0, 28.0, 46.0, 50.0, 61.0, 30.0, 41.0, 29.0, 44.0, 50.0, 35.0, 41.0, 24.0, 44.0, 5.0, 46.0, 17.0, 44.0, 45.0, 38.0, 28.0, 6.0, 35.0, 29.0]"
IS_V_C03_D07.jpg,"[63.0, 50.0, 25.0, 16.0, 59.0, 46.0, 60.0, 43.0, 40.0, 52.0, 56.0, 54.0, 39.0, 56.0, 60.0, 83.0, 45.0, 44.0, 71.0, 52.0, 50.0, 54.0, 51.0, 52.0, 38.0, 60.0, 30.0, 43.0, 50.0, 42.0, 76.0, 49.0, 67.0, 58.0]"
IS_V_C03_D08.jpg,"[28.0, 41.0, 24.0, 12.0, 32.0, 37.0, 28.0, 16.0, 20.0, 28.0, 28.0, 19.0, 25.0, 10.0, 26.0, 74.0, 17.0, 15.0, 29.0, 23.0, 30.0, 23.0, 37.0, 16.0, 15.0, 52.0, 7.0, 23.0, 22.0, 43.0, 39.0, 3.0, 50.0, 62.0]"
IS_V_C03_D09.jpg,"[84.0, 81.0, 97.0, 98.0, 100.0, 82.0, 70.0, 98.0, 99.0, 100.0, 77.0, 99.0, 100.0, 100.0, 94.0, 98.0, 87.0, 99.0, 100.0, 86.0, 93.0, 96.0, 100.0, 100.0, 96.0, 91.0, 99.0, 100.0, 87.0, 91.0, 100.0, 80.0, 82.0, 93.0]"
IS_V_C03_D10.jpg,"[17.0, 10.0, 5.0, 4.0, 0.0, 0.0, 8.0, 0.0, 10.0, 10.0, 0.0, 3.0, 0.0, 0.0, 14.0, 18.0, 27.0, 4.0, 0.0, 6.0, 0.0, 0.0, 0.0, 0.0, 0.0, 16.0, 4.0, 0.0, 0.0, 0.0, 6.0, 3.0, 5.0, 0.0]"
IS_V_C03_D11.jpg,"[33.0, 29.0, 22.0, 13.0, 18.0, 41.0, 35.0, 21.0, 19.0, 40.0, 9.0, 24.0, 32.0, 46.0, 50.0, 35.0, 33.0, 10.0, 19.0, 30.0, 36.0, 33.0, 32.0, 29.0, 26.0, 52.0, 8.0, 44.0, 33.0, 35.0, 33.0, 27.0, 27.0, 22.0]"
IS_V_C03_D12.jpg,"[30.0, 32.0, 0.0, 3.0, 7.0, 5.0, 22.0, 11.0, 23.0, 21.0, 17.0, 23.0, 13.0, 2.0, 4.0, 32.0, 17.0, 2.0, 8.0, 20.0, 59.0, 16.0, 17.0, 5.0, 7.0, 30.0, 0.0, 0.0, 9.0, 9.0, 29.0, 2.0, 46.0, 30.0]"
IS_V_C05_D01.jpg,"[26.0, 34.0, 52.0, 25.0, 36.0, 37.0, 56.0, 62.0, 35.0, 35.0, 50.0, 20.0, 41.0, 44.0, 50.0, 49.0, 38.0, 33.0, 38.0, 27.0, 44.0, 22.0, 36.0, 51.0, 64.0, 52.0, 27.0, 48.0, 60.0, 16.0, 36.0, 44.0, 16.0, 39.0]"
IS_V_C05_D02.jpg,"[86.0, 100.0, 94.0, 87.0, 88.0, 100.0, 66.0, 100.0, 97.0, 100.0, 92.0, 92.0, 100.0, 94.0, 91.0, 100.0, 93.0, 100.0, 100.0, 93.0, 88.0, 97.0, 100.0, 100.0, 100.0, 93.0, 95.0, 100.0, 70.0, 80.0, 100.0, 68.0, 100.0, 100.0]"
IS_V_C05_D03.jpg,"[79.0, 95.0, 85.0, 91.0, 84.0, 100.0, 64.0, 95.0, 99.0, 99.0, 96.0, 87.0, 86.0, 98.0, 74.0, 99.0, 99.0, 78.0, 99.0, 88.0, 93.0, 99.0, 95.0, 91.0, 98.0, 91.0, 98.0, 98.0, 93.0, 100.0, 91.0, 81.0, 90.0, 85.0]"
IS_V_C05_D05.jpg,"[18.0, 17.0, 17.0, 14.0, 16.0, 31.0, 51.0, 12.0, 13.0, 26.0, 34.0, 18.0, 0.0, 27.0, 8.0, 26.0, 37.0, 22.0, 9.0, 12.0, 27.0, 27.0, 17.0, 10.0, 28.0, 36.0, 11.0, 38.0, 24.0, 8.0, 31.0, 20.0, 14.0, 27.0]"
IS_V_C05_D06.jpg,"[47.0, 88.0, 82.0, 83.0, 54.0, 81.0, 84.0, 76.0, 75.0, 89.0, 84.0, 80.0, 66.0, 50.0, 77.0, 72.0, 64.0, 72.0, 99.0, 58.0, 61.0, 57.0, 62.0, 82.0, 74.0, 83.0, 78.0, 85.0, 59.0, 61.0, 82.0, 81.0, 65.0, 74.0]"
IS_V_C05_D07.jpg,"[73.0, 100.0, 94.0, 80.0, 72.0, 97.0, 78.0, 81.0, 99.0, 81.0, 80.0, 86.0, 73.0, 91.0, 84.0, 88.0, 79.0, 83.0, 97.0, 57.0, 77.0, 60.0, 81.0, 81.0, 97.0, 86.0, 74.0, 99.0, 63.0, 81.0, 93.0, 67.0, 88.0, 84.0]"
IS_V_C05_D08.jpg,"[23.0, 16.0, 24.0, 13.0, 19.0, 2.0, 11.0, 27.0, 10.0, 24.0, 7.0, 12.0, 31.0, 18.0, 24.0, 33.0, 29.0, 17.0, 4.0, 11.0, 40.0, 32.0, 12.0, 16.0, 21.0, 39.0, 11.0, 45.0, 14.0, 13.0, 31.0, 34.0, 4.0, 13.0]"
IS_V_C05_D09.jpg,"[74.0, 95.0, 84.0, 94.0, 66.0, 96.0, 80.0, 86.0, 92.0, 98.0, 100.0, 91.0, 89.0, 85.0, 93.0, 98.0, 88.0, 88.0, 99.0, 82.0, 100.0, 100.0, 92.0, 96.0, 90.0, 94.0, 96.0, 92.0, 80.0, 100.0, 88.0, 83.0, 94.0, 100.0]"
IS_V_C05_D10.jpg,"[18.0, 0.0, 4.0, 10.0, 4.0, 2.0, 0.0, 15.0, 2.0, 1.0, 9.0, 0.0, 14.0, 7.0, 11.0, 10.0, 21.0, 6.0, 2.0, 2.0, 0.0, 0.0, 4.0, 30.0, 12.0, 33.0, 0.0, 2.0, 0.0, 0.0, 0.0, 13.0, 0.0, 0.0]"
IS_V_C05_D11.jpg,"[38.0, 27.0, 51.0, 21.0, 24.0, 64.0, 67.0, 36.0, 35.0, 44.0, 43.0, 26.0, 61.0, 23.0, 55.0, 44.0, 36.0, 41.0, 13.0, 31.0, 25.0, 45.0, 50.0, 47.0, 54.0, 48.0, 24.0, 50.0, 49.0, 19.0, 35.0, 47.0, 38.0, 48.0]"
IS_V_C05_D12.jpg,"[54.0, 50.0, 50.0, 19.0, 35.0, 43.0, 45.0, 45.0, 32.0, 30.0, 29.0, 27.0, 57.0, 50.0, 37.0, 47.0, 49.0, 51.0, 46.0, 32.0, 50.0, 51.0, 49.0, 61.0, 43.0, 49.0, 36.0, 81.0, 56.0, 28.0, 53.0, 46.0, 23.0, 38.0]"
IS_V_C06_D01.jpg,"[87.0, 72.0, 38.0, 82.0, 60.0, 76.0, 88.0, 17.0, 82.0, 70.0, 64.0, 18.0, 75.0, 46.0, 94.0, 69.0, 33.0, 46.0, 60.0, 50.0, 41.0, 61.0, 54.0, 52.0, 75.0, 78.0, 66.0, 44.0, 58.0, 10.0, 53.0, 44.0, 61.0, 62.0]"
IS_V_C06_D02.jpg,"[85.0, 82.0, 47.0, 96.0, 87.0, 100.0, 90.0, 34.0, 98.0, 98.0, 96.0, 79.0, 76.0, 73.0, 74.0, 95.0, 91.0, 92.0, 89.0, 51.0, 70.0, 89.0, 100.0, 66.0, 89.0, 97.0, 98.0, 86.0, 85.0, 100.0, 68.0, 94.0, 62.0, 98.0]"
IS_V_C06_D03.jpg,"[91.0, 82.0, 98.0, 78.0, 74.0, 61.0, 73.0, 94.0, 99.0, 76.0, 94.0, 84.0, 80.0, 90.0, 100.0, 92.0, 79.0, 57.0, 82.0, 87.0, 95.0, 80.0, 81.0, 89.0, 91.0, 91.0, 84.0, 92.0, 90.0, 93.0, 88.0, 93.0, 93.0, 97.0]"
IS_V_C06_D04.jpg,"[27.0, 1.0, 37.0, 30.0, 18.0, 23.0, 62.0, 0.0, 50.0, 17.0, 8.0, 0.0, 8.0, 20.0, 0.0, 36.0, 19.0, 0.0, 0.0, 2.0, 0.0, 0.0, 0.0, 47.0, 0.0, 63.0, 25.0, 3.0, 21.0, 10.0, 16.0, 12.0, 8.0, 28.0]"
IS_V_C06_D05.jpg,"[44.0, 0.0, 7.0, 33.0, 12.0, 0.0, 43.0, 28.0, 75.0, 31.0, 0.0, 20.0, 11.0, 17.0, 5.0, 39.0, 9.0, 25.0, 25.0, 3.0, 33.0, 10.0, 7.0, 31.0, 21.0, 66.0, 16.0, 28.0, 36.0, 10.0, 12.0, 8.0, 0.0, 24.0]"
IS_V_C06_D06.jpg,"[92.0, 99.0, 100.0, 89.0, 93.0, 73.0, 74.0, 85.0, 84.0, 84.0, 97.0, 94.0, 93.0, 90.0, 81.0, 99.0, 85.0, 76.0, 99.0, 80.0, 97.0, 100.0, 90.0, 80.0, 79.0, 93.0, 85.0, 100.0, 82.0, 96.0, 90.0, 89.0, 84.0, 83.0]"
IS_V_C06_D07.jpg,"[84.0, 84.0, 96.0, 69.0, 67.0, 64.0, 59.0, 89.0, 89.0, 56.0, 40.0, 84.0, 57.0, 80.0, 50.0, 92.0, 72.0, 64.0, 100.0, 46.0, 91.0, 67.0, 78.0, 84.0, 47.0, 81.0, 85.0, 90.0, 74.0, 80.0, 76.0, 84.0, 68.0, 94.0]"
IS_V_C06_D08.jpg,"[90.0, 69.0, 49.0, 79.0, 41.0, 54.0, 63.0, 79.0, 77.0, 63.0, 42.0, 65.0, 85.0, 83.0, 86.0, 74.0, 68.0, 65.0, 91.0, 29.0, 68.0, 73.0, 83.0, 71.0, 55.0, 88.0, 63.0, 89.0, 55.0, 57.0, 71.0, 89.0, 55.0, 71.0]"
IS_V_C06_D09.jpg,"[98.0, 96.0, 100.0, 91.0, 96.0, 58.0, 97.0, 100.0, 100.0, 100.0, 94.0, 100.0, 82.0, 95.0, 88.0, 98.0, 86.0, 60.0, 94.0, 87.0, 99.0, 77.0, 64.0, 100.0, 100.0, 92.0, 99.0, 95.0, 100.0, 83.0, 100.0, 94.0, 82.0, 90.0]"
IS_V_C06_D10.jpg,"[40.0, 49.0, 34.0, 39.0, 36.0, 21.0, 67.0, 23.0, 70.0, 40.0, 19.0, 18.0, 18.0, 8.0, 31.0, 50.0, 39.0, 28.0, 27.0, 19.0, 61.0, 18.0, 21.0, 53.0, 9.0, 70.0, 27.0, 54.0, 32.0, 9.0, 57.0, 45.0, 26.0, 22.0]"
IS_V_C06_D11.jpg,"[80.0, 49.0, 47.0, 46.0, 49.0, 33.0, 40.0, 53.0, 84.0, 50.0, 69.0, 24.0, 45.0, 52.0, 62.0, 77.0, 50.0, 54.0, 90.0, 24.0, 49.0, 32.0, 46.0, 46.0, 51.0, 73.0, 82.0, 86.0, 52.0, 40.0, 66.0, 70.0, 34.0, 57.0]"
IS_V_C06_D12.jpg,"[65.0, 39.0, 44.0, 47.0, 27.0, 12.0, 48.0, 65.0, 78.0, 25.0, 21.0, 15.0, 29.0, 11.0, 19.0, 50.0, 29.0, 54.0, 46.0, 14.0, 24.0, 25.0, 28.0, 41.0, 26.0, 69.0, 35.0, 66.0, 39.0, 23.0, 44.0, 47.0, 50.0, 32.0]"
IS_V_C08_D01.jpg,"[77.0, 52.0, 38.0, 11.0, 62.0, 13.0, 57.0, 45.0, 42.0, 84.0, 36.0, 46.0, 58.0, 49.0, 63.0, 64.0, 61.0, 28.0, 50.0, 62.0, 59.0, 52.0, 66.0, 59.0, 50.0, 80.0, 40.0, 66.0, 53.0, 43.0, 29.0, 27.0, 36.0, 50.0]"
IS_V_C08_D02.jpg,"[98.0, 78.0, 99.0, 95.0, 90.0, 100.0, 91.0, 100.0, 100.0, 100.0, 100.0, 100.0, 96.0, 94.0, 100.0, 98.0, 100.0, 95.0, 100.0, 100.0, 100.0, 100.0, 100.0, 100.0, 100.0, 87.0, 100.0, 100.0, 100.0, 100.0, 100.0, 100.0, 100.0, 100.0]"
IS_V_C08_D03.jpg,"[89.0, 99.0, 51.0, 72.0, 96.0, 76.0, 59.0, 78.0, 89.0, 72.0, 85.0, 80.0, 81.0, 71.0, 88.0, 94.0, 70.0, 58.0, 73.0, 88.0, 91.0, 94.0, 82.0, 78.0, 50.0, 95.0, 56.0, 79.0, 82.0, 85.0, 79.0, 62.0, 91.0, 82.0]"
IS_V_C08_D04.jpg,"[68.0, 50.0, 39.0, 14.0, 55.0, 52.0, 53.0, 34.0, 56.0, 45.0, 50.0, 36.0, 32.0, 27.0, 38.0, 64.0, 39.0, 37.0, 30.0, 29.0, 48.0, 40.0, 43.0, 70.0, 70.0, 57.0, 30.0, 41.0, 44.0, 39.0, 53.0, 52.0, 44.0, 48.0]"
IS_V_C08_D05.jpg,"[31.0, 0.0, 6.0, 4.0, 0.0, 0.0, 26.0, 0.0, 28.0, 0.0, 0.0, 0.0, 0.0, 3.0, 18.0, 36.0, 0.0, 0.0, 0.0, 2.0, 25.0, 19.0, 0.0, 32.0, 0.0, 48.0, 0.0, 12.0, 0.0, 0.0, 3.0, 30.0, 0.0, 28.0]"
IS_V_C08_D06.jpg,"[53.0, 47.0, 52.0, 18.0, 51.0, 46.0, 41.0, 34.0, 46.0, 47.0, 55.0, 43.0, 47.0, 48.0, 56.0, 49.0, 41.0, 54.0, 39.0, 25.0, 36.0, 31.0, 50.0, 54.0, 51.0, 69.0, 47.0, 59.0, 59.0, 38.0, 51.0, 39.0, 69.0, 53.0]"
IS_V_C08_D07.jpg,"[87.0, 84.0, 77.0, 57.0, 77.0, 88.0, 47.0, 73.0, 78.0, 79.0, 80.0, 77.0, 72.0, 50.0, 74.0, 71.0, 50.0, 76.0, 61.0, 51.0, 63.0, 65.0, 75.0, 86.0, 64.0, 78.0, 76.0, 35.0, 52.0, 63.0, 60.0, 70.0, 75.0, 77.0]"
IS_V_C08_D08.jpg,"[50.0, 66.0, 23.0, 15.0, 17.0, 1.0, 20.0, 25.0, 45.0, 81.0, 94.0, 16.0, 18.0, 9.0, 30.0, 41.0, 42.0, 17.0, 10.0, 50.0, 3.0, 56.0, 15.0, 37.0, 13.0, 51.0, 35.0, 83.0, 12.0, 5.0, 20.0, 50.0, 24.0, 33.0]"
IS_V_C08_D09.jpg,"[81.0, 90.0, 70.0, 30.0, 73.0, 82.0, 67.0, 67.0, 89.0, 93.0, 98.0, 67.0, 76.0, 95.0, 75.0, 90.0, 87.0, 61.0, 97.0, 70.0, 80.0, 49.0, 91.0, 89.0, 87.0, 81.0, 68.0, 89.0, 60.0, 75.0, 93.0, 49.0, 94.0, 87.0]"
IS_V_C08_D10.jpg,"[52.0, 0.0, 53.0, 19.0, 32.0, 23.0, 42.0, 14.0, 31.0, 39.0, 8.0, 19.0, 12.0, 20.0, 39.0, 35.0, 13.0, 44.0, 15.0, 15.0, 40.0, 10.0, 31.0, 64.0, 31.0, 61.0, 22.0, 38.0, 35.0, 25.0, 0.0, 41.0, 51.0, 29.0]"
IS_V_C08_D11.jpg,"[68.0, 67.0, 45.0, 25.0, 69.0, 64.0, 26.0, 55.0, 63.0, 36.0, 81.0, 30.0, 40.0, 8.0, 56.0, 42.0, 43.0, 48.0, 36.0, 32.0, 62.0, 0.0, 55.0, 60.0, 40.0, 55.0, 29.0, 89.0, 65.0, 41.0, 45.0, 45.0, 63.0, 53.0]"
IS_V_C08_D12.jpg,"[47.0, 34.0, 48.0, 8.0, 46.0, 28.0, 31.0, 40.0, 52.0, 34.0, 40.0, 30.0, 50.0, 17.0, 50.0, 39.0, 36.0, 33.0, 29.0, 22.0, 40.0, 13.0, 24.0, 62.0, 33.0, 65.0, 29.0, 51.0, 47.0, 34.0, 45.0, 43.0, 57.0, 40.0]"
